 PES HNC-Ar Rennes R/a0, V/cm-1
   0.00000000
   4.000000     1.1322E+05
   4.052104     1.0758E+05
   4.104208     1.0186E+05
   4.156313     9.6136E+04
   4.208417     9.0489E+04
   4.260521     8.4968E+04
   4.312625     7.9611E+04
   4.364729     7.4447E+04
   4.416834     6.9497E+04
   4.468938     6.4773E+04
   4.521042     6.0282E+04
   4.573146     5.6028E+04
   4.625251     5.2010E+04
   4.677355     4.8225E+04
   4.729459     4.4667E+04
   4.781563     4.1330E+04
   4.833667     3.8207E+04
   4.885772     3.5287E+04
   4.937876     3.2563E+04
   4.989980     3.0024E+04
   5.042084     2.7661E+04
   5.094188     2.5464E+04
   5.146293     2.3425E+04
   5.198397     2.1532E+04
   5.250501     1.9779E+04
   5.302605     1.8155E+04
   5.354709     1.6653E+04
   5.406814     1.5264E+04
   5.458918     1.3982E+04
   5.511022     1.2798E+04
   5.563126     1.1706E+04
   5.615230     1.0699E+04
   5.667335     9.7719E+03
   5.719439     8.9183E+03
   5.771543     8.1330E+03
   5.823647     7.4110E+03
   5.875752     6.7476E+03
   5.927856     6.1384E+03
   5.979960     5.5793E+03
   6.032064     5.0664E+03
   6.084168     4.5963E+03
   6.136273     4.1656E+03
   6.188377     3.7712E+03
   6.240481     3.4104E+03
   6.292585     3.0804E+03
   6.344689     2.7788E+03
   6.396794     2.5034E+03
   6.448898     2.2520E+03
   6.501002     2.0227E+03
   6.553106     1.8137E+03
   6.605210     1.6233E+03
   6.657315     1.4500E+03
   6.709419     1.2924E+03
   6.761523     1.1492E+03
   6.813627     1.0191E+03
   6.865731     9.0112E+02
   6.917836     7.9417E+02
   6.969940     6.9731E+02
   7.022044     6.0969E+02
   7.074148     5.3051E+02
   7.126253     4.5904E+02
   7.178357     3.9460E+02
   7.230461     3.3657E+02
   7.282565     2.8440E+02
   7.334669     2.3755E+02
   7.386774     1.9555E+02
   7.438878     1.5797E+02
   7.490982     1.2440E+02
   7.543086     9.4479E+01
   7.595190     6.7865E+01
   7.647295     4.4253E+01
   7.699399     2.3362E+01
   7.751503     4.9345E+00
   7.803607    -1.1264E+01
   7.855711    -2.5448E+01
   7.907816    -3.7814E+01
   7.959920    -4.8540E+01
   8.012024    -5.7789E+01
   8.064128    -6.5709E+01
   8.116232    -7.2436E+01
   8.168337    -7.8091E+01
   8.220441    -8.2788E+01
   8.272545    -8.6627E+01
   8.324649    -8.9700E+01
   8.376754    -9.2092E+01
   8.428858    -9.3879E+01
   8.480962    -9.5128E+01
   8.533066    -9.5902E+01
   8.585170    -9.6258E+01
   8.637275    -9.6246E+01
   8.689379    -9.5912E+01
   8.741483    -9.5298E+01
   8.793587    -9.4441E+01
   8.845691    -9.3374E+01
   8.897796    -9.2128E+01
   8.949900    -9.0729E+01
   9.002004    -8.9201E+01
   9.054108    -8.7568E+01
   9.106212    -8.5846E+01
   9.158317    -8.4055E+01
   9.210421    -8.2209E+01
   9.262525    -8.0322E+01
   9.314629    -7.8405E+01
   9.366733    -7.6470E+01
   9.418838    -7.4526E+01
   9.470942    -7.2580E+01
   9.523046    -7.0641E+01
   9.575150    -6.8714E+01
   9.627255    -6.6805E+01
   9.679359    -6.4918E+01
   9.731463    -6.3057E+01
   9.783567    -6.1226E+01
   9.835671    -5.9427E+01
   9.887776    -5.7663E+01
   9.939880    -5.5935E+01
   9.991984    -5.4245E+01
  10.044088    -5.2595E+01
  10.096192    -5.0985E+01
  10.148297    -4.9415E+01
  10.200401    -4.7887E+01
  10.252505    -4.6399E+01
  10.304609    -4.4953E+01
  10.356713    -4.3548E+01
  10.408818    -4.2184E+01
  10.460922    -4.0860E+01
  10.513026    -3.9575E+01
  10.565130    -3.8330E+01
  10.617234    -3.7123E+01
  10.669339    -3.5954E+01
  10.721443    -3.4822E+01
  10.773547    -3.3726E+01
  10.825651    -3.2666E+01
  10.877756    -3.1640E+01
  10.929860    -3.0647E+01
  10.981964    -2.9687E+01
  11.034068    -2.8758E+01
  11.086172    -2.7860E+01
  11.138277    -2.6993E+01
  11.190381    -2.6154E+01
  11.242485    -2.5343E+01
  11.294589    -2.4559E+01
  11.346693    -2.3802E+01
  11.398798    -2.3070E+01
  11.450902    -2.2363E+01
  11.503006    -2.1680E+01
  11.555110    -2.1020E+01
  11.607214    -2.0382E+01
  11.659319    -1.9765E+01
  11.711423    -1.9170E+01
  11.763527    -1.8594E+01
  11.815631    -1.8038E+01
  11.867735    -1.7500E+01
  11.919840    -1.6980E+01
  11.971944    -1.6478E+01
  12.024048    -1.5993E+01
  12.076152    -1.5523E+01
  12.128257    -1.5070E+01
  12.180361    -1.4631E+01
  12.232465    -1.4207E+01
  12.284569    -1.3797E+01
  12.336673    -1.3400E+01
  12.388778    -1.3016E+01
  12.440882    -1.2645E+01
  12.492986    -1.2286E+01
  12.545090    -1.1939E+01
  12.597194    -1.1603E+01
  12.649299    -1.1278E+01
  12.701403    -1.0963E+01
  12.753507    -1.0658E+01
  12.805611    -1.0363E+01
  12.857715    -1.0078E+01
  12.909820    -9.8013E+00
  12.961924    -9.5336E+00
  13.014028    -9.2743E+00
  13.066132    -9.0232E+00
  13.118236    -8.7799E+00
  13.170341    -8.5443E+00
  13.222445    -8.3159E+00
  13.274549    -8.0946E+00
  13.326653    -7.8802E+00
  13.378758    -7.6723E+00
  13.430862    -7.4708E+00
  13.482966    -7.2754E+00
  13.535070    -7.0860E+00
  13.587174    -6.9023E+00
  13.639279    -6.7241E+00
  13.691383    -6.5513E+00
  13.743487    -6.3837E+00
  13.795591    -6.2211E+00
  13.847695    -6.0633E+00
  13.899800    -5.9101E+00
  13.951904    -5.7615E+00
  14.004008    -5.6173E+00
  14.056112    -5.4772E+00
  14.108216    -5.3413E+00
  14.160321    -5.2093E+00
  14.212425    -5.0811E+00
  14.264529    -4.9566E+00
  14.316633    -4.8357E+00
  14.368737    -4.7182E+00
  14.420842    -4.6041E+00
  14.472946    -4.4932E+00
  14.525050    -4.3855E+00
  14.577154    -4.2808E+00
  14.629259    -4.1790E+00
  14.681363    -4.0801E+00
  14.733467    -3.9840E+00
  14.785571    -3.8905E+00
  14.837675    -3.7996E+00
  14.889780    -3.7112E+00
  14.941884    -3.6252E+00
  14.993988    -3.5416E+00
  15.046092    -3.4603E+00
  15.098196    -3.3811E+00
  15.150301    -3.3041E+00
  15.202405    -3.2292E+00
  15.254509    -3.1563E+00
  15.306613    -3.0853E+00
  15.358717    -3.0163E+00
  15.410822    -2.9490E+00
  15.462926    -2.8836E+00
  15.515030    -2.8198E+00
  15.567134    -2.7578E+00
  15.619238    -2.6973E+00
  15.671343    -2.6385E+00
  15.723447    -2.5811E+00
  15.775551    -2.5253E+00
  15.827655    -2.4708E+00
  15.879760    -2.4178E+00
  15.931864    -2.3661E+00
  15.983968    -2.3158E+00
  16.036072    -2.2667E+00
  16.088176    -2.2189E+00
  16.140281    -2.1722E+00
  16.192385    -2.1268E+00
  16.244489    -2.0824E+00
  16.296593    -2.0392E+00
  16.348697    -1.9970E+00
  16.400802    -1.9559E+00
  16.452906    -1.9158E+00
  16.505010    -1.8767E+00
  16.557114    -1.8385E+00
  16.609218    -1.8012E+00
  16.661323    -1.7649E+00
  16.713427    -1.7294E+00
  16.765531    -1.6948E+00
  16.817635    -1.6610E+00
  16.869739    -1.6280E+00
  16.921844    -1.5958E+00
  16.973948    -1.5644E+00
  17.026052    -1.5337E+00
  17.078156    -1.5037E+00
  17.130261    -1.4744E+00
  17.182365    -1.4458E+00
  17.234469    -1.4179E+00
  17.286573    -1.3906E+00
  17.338677    -1.3639E+00
  17.390782    -1.3379E+00
  17.442886    -1.3124E+00
  17.494990    -1.2876E+00
  17.547094    -1.2632E+00
  17.599198    -1.2395E+00
  17.651303    -1.2162E+00
  17.703407    -1.1935E+00
  17.755511    -1.1713E+00
  17.807615    -1.1496E+00
  17.859719    -1.1284E+00
  17.911824    -1.1076E+00
  17.963928    -1.0873E+00
  18.016032    -1.0674E+00
  18.068136    -1.0480E+00
  18.120240    -1.0290E+00
  18.172345    -1.0104E+00
  18.224449    -9.9218E-01
  18.276553    -9.7437E-01
  18.328657    -9.5694E-01
  18.380762    -9.3988E-01
  18.432866    -9.2319E-01
  18.484970    -9.0685E-01
  18.537074    -8.9085E-01
  18.589178    -8.7518E-01
  18.641283    -8.5985E-01
  18.693387    -8.4483E-01
  18.745491    -8.3012E-01
  18.797595    -8.1572E-01
  18.849699    -8.0162E-01
  18.901804    -7.8780E-01
  18.953908    -7.7427E-01
  19.006012    -7.6101E-01
  19.058116    -7.4802E-01
  19.110220    -7.3529E-01
  19.162325    -7.2282E-01
  19.214429    -7.1060E-01
  19.266533    -6.9863E-01
  19.318637    -6.8689E-01
  19.370741    -6.7539E-01
  19.422846    -6.6411E-01
  19.474950    -6.5306E-01
  19.527054    -6.4222E-01
  19.579158    -6.3160E-01
  19.631263    -6.2118E-01
  19.683367    -6.1097E-01
  19.735471    -6.0095E-01
  19.787575    -5.9113E-01
  19.839679    -5.8149E-01
  19.891784    -5.7204E-01
  19.943888    -5.6278E-01
  19.995992    -5.5369E-01
  20.048096    -5.4477E-01
  20.100200    -5.3602E-01
  20.152305    -5.2743E-01
  20.204409    -5.1901E-01
  20.256513    -5.1075E-01
  20.308617    -5.0264E-01
  20.360721    -4.9468E-01
  20.412826    -4.8686E-01
  20.464930    -4.7920E-01
  20.517034    -4.7167E-01
  20.569138    -4.6429E-01
  20.621242    -4.5703E-01
  20.673347    -4.4992E-01
  20.725451    -4.4293E-01
  20.777555    -4.3606E-01
  20.829659    -4.2933E-01
  20.881764    -4.2271E-01
  20.933868    -4.1621E-01
  20.985972    -4.0983E-01
  21.038076    -4.0357E-01
  21.090180    -3.9742E-01
  21.142285    -3.9137E-01
  21.194389    -3.8543E-01
  21.246493    -3.7960E-01
  21.298597    -3.7387E-01
  21.350701    -3.6824E-01
  21.402806    -3.6271E-01
  21.454910    -3.5728E-01
  21.507014    -3.5194E-01
  21.559118    -3.4670E-01
  21.611222    -3.4154E-01
  21.663327    -3.3648E-01
  21.715431    -3.3150E-01
  21.767535    -3.2661E-01
  21.819639    -3.2180E-01
  21.871743    -3.1708E-01
  21.923848    -3.1243E-01
  21.975952    -3.0787E-01
  22.028056    -3.0338E-01
  22.080160    -2.9897E-01
  22.132265    -2.9463E-01
  22.184369    -2.9036E-01
  22.236473    -2.8617E-01
  22.288577    -2.8205E-01
  22.340681    -2.7799E-01
  22.392786    -2.7401E-01
  22.444890    -2.7009E-01
  22.496994    -2.6623E-01
  22.549098    -2.6244E-01
  22.601202    -2.5871E-01
  22.653307    -2.5504E-01
  22.705411    -2.5144E-01
  22.757515    -2.4789E-01
  22.809619    -2.4440E-01
  22.861723    -2.4097E-01
  22.913828    -2.3759E-01
  22.965932    -2.3427E-01
  23.018036    -2.3100E-01
  23.070140    -2.2778E-01
  23.122244    -2.2462E-01
  23.174349    -2.2150E-01
  23.226453    -2.1844E-01
  23.278557    -2.1543E-01
  23.330661    -2.1246E-01
  23.382766    -2.0954E-01
  23.434870    -2.0667E-01
  23.486974    -2.0384E-01
  23.539078    -2.0106E-01
  23.591182    -1.9832E-01
  23.643287    -1.9563E-01
  23.695391    -1.9297E-01
  23.747495    -1.9036E-01
  23.799599    -1.8779E-01
  23.851703    -1.8526E-01
  23.903808    -1.8277E-01
  23.955912    -1.8032E-01
  24.008016    -1.7790E-01
  24.060120    -1.7552E-01
  24.112224    -1.7318E-01
  24.164329    -1.7088E-01
  24.216433    -1.6861E-01
  24.268537    -1.6638E-01
  24.320641    -1.6418E-01
  24.372745    -1.6201E-01
  24.424850    -1.5987E-01
  24.476954    -1.5777E-01
  24.529058    -1.5570E-01
  24.581162    -1.5367E-01
  24.633267    -1.5166E-01
  24.685371    -1.4968E-01
  24.737475    -1.4773E-01
  24.789579    -1.4582E-01
  24.841683    -1.4393E-01
  24.893788    -1.4207E-01
  24.945892    -1.4023E-01
  24.997996    -1.3843E-01
  25.050100    -1.3665E-01
  25.102204    -1.3489E-01
  25.154309    -1.3317E-01
  25.206413    -1.3147E-01
  25.258517    -1.2979E-01
  25.310621    -1.2814E-01
  25.362725    -1.2651E-01
  25.414830    -1.2491E-01
  25.466934    -1.2333E-01
  25.519038    -1.2177E-01
  25.571142    -1.2023E-01
  25.623246    -1.1872E-01
  25.675351    -1.1723E-01
  25.727455    -1.1576E-01
  25.779559    -1.1431E-01
  25.831663    -1.1289E-01
  25.883768    -1.1148E-01
  25.935872    -1.1009E-01
  25.987976    -1.0873E-01
  26.040080    -1.0738E-01
  26.092184    -1.0605E-01
  26.144289    -1.0475E-01
  26.196393    -1.0346E-01
  26.248497    -1.0218E-01
  26.300601    -1.0093E-01
  26.352705    -9.9694E-02
  26.404810    -9.8476E-02
  26.456914    -9.7274E-02
  26.509018    -9.6090E-02
  26.561122    -9.4922E-02
  26.613226    -9.3770E-02
  26.665331    -9.2635E-02
  26.717435    -9.1515E-02
  26.769539    -9.0411E-02
  26.821643    -8.9323E-02
  26.873747    -8.8249E-02
  26.925852    -8.7190E-02
  26.977956    -8.6146E-02
  27.030060    -8.5116E-02
  27.082164    -8.4101E-02
  27.134269    -8.3099E-02
  27.186373    -8.2112E-02
  27.238477    -8.1137E-02
  27.290581    -8.0176E-02
  27.342685    -7.9228E-02
  27.394790    -7.8293E-02
  27.446894    -7.7371E-02
  27.498998    -7.6461E-02
  27.551102    -7.5564E-02
  27.603206    -7.4679E-02
  27.655311    -7.3805E-02
  27.707415    -7.2944E-02
  27.759519    -7.2094E-02
  27.811623    -7.1255E-02
  27.863727    -7.0428E-02
  27.915832    -6.9611E-02
  27.967936    -6.8806E-02
  28.020040    -6.8011E-02
  28.072144    -6.7227E-02
  28.124248    -6.6453E-02
  28.176353    -6.5690E-02
  28.228457    -6.4937E-02
  28.280561    -6.4193E-02
  28.332665    -6.3460E-02
  28.384770    -6.2736E-02
  28.436874    -6.2021E-02
  28.488978    -6.1316E-02
  28.541082    -6.0620E-02
  28.593186    -5.9934E-02
  28.645291    -5.9256E-02
  28.697395    -5.8587E-02
  28.749499    -5.7927E-02
  28.801603    -5.7275E-02
  28.853707    -5.6632E-02
  28.905812    -5.5997E-02
  28.957916    -5.5370E-02
  29.010020    -5.4752E-02
  29.062124    -5.4141E-02
  29.114228    -5.3538E-02
  29.166333    -5.2943E-02
  29.218437    -5.2355E-02
  29.270541    -5.1775E-02
  29.322645    -5.1203E-02
  29.374749    -5.0638E-02
  29.426854    -5.0080E-02
  29.478958    -4.9529E-02
  29.531062    -4.8985E-02
  29.583166    -4.8447E-02
  29.635271    -4.7917E-02
  29.687375    -4.7393E-02
  29.739479    -4.6876E-02
  29.791583    -4.6366E-02
  29.843687    -4.5862E-02
  29.895792    -4.5364E-02
  29.947896    -4.4872E-02
  30.000000    -4.4387E-02
   3.24649299
   4.000000     1.1075E+05
   4.052104     1.0547E+05
   4.104208     1.0005E+05
   4.156313     9.4582E+04
   4.208417     8.9152E+04
   4.260521     8.3814E+04
   4.312625     7.8613E+04
   4.364729     7.3583E+04
   4.416834     6.8746E+04
   4.468938     6.4118E+04
   4.521042     5.9710E+04
   4.573146     5.5526E+04
   4.625251     5.1568E+04
   4.677355     4.7835E+04
   4.729459     4.4322E+04
   4.781563     4.1024E+04
   4.833667     3.7933E+04
   4.885772     3.5043E+04
   4.937876     3.2343E+04
   4.989980     2.9826E+04
   5.042084     2.7483E+04
   5.094188     2.5303E+04
   5.146293     2.3278E+04
   5.198397     2.1399E+04
   5.250501     1.9657E+04
   5.302605     1.8044E+04
   5.354709     1.6551E+04
   5.406814     1.5171E+04
   5.458918     1.3896E+04
   5.511022     1.2719E+04
   5.563126     1.1633E+04
   5.615230     1.0632E+04
   5.667335     9.7105E+03
   5.719439     8.8617E+03
   5.771543     8.0809E+03
   5.823647     7.3630E+03
   5.875752     6.7033E+03
   5.927856     6.0976E+03
   5.979960     5.5417E+03
   6.032064     5.0318E+03
   6.084168     4.5644E+03
   6.136273     4.1363E+03
   6.188377     3.7443E+03
   6.240481     3.3857E+03
   6.292585     3.0577E+03
   6.344689     2.7581E+03
   6.396794     2.4844E+03
   6.448898     2.2346E+03
   6.501002     2.0068E+03
   6.553106     1.7992E+03
   6.605210     1.6101E+03
   6.657315     1.4379E+03
   6.709419     1.2814E+03
   6.761523     1.1392E+03
   6.813627     1.0101E+03
   6.865731     8.9295E+02
   6.917836     7.8678E+02
   6.969940     6.9064E+02
   7.022044     6.0369E+02
   7.074148     5.2511E+02
   7.126253     4.5419E+02
   7.178357     3.9025E+02
   7.230461     3.3269E+02
   7.282565     2.8093E+02
   7.334669     2.3446E+02
   7.386774     1.9281E+02
   7.438878     1.5554E+02
   7.490982     1.2226E+02
   7.543086     9.2591E+01
   7.595190     6.6208E+01
   7.647295     4.2804E+01
   7.699399     2.2100E+01
   7.751503     3.8400E+00
   7.803607    -1.2209E+01
   7.855711    -2.6260E+01
   7.907816    -3.8507E+01
   7.959920    -4.9127E+01
   8.012024    -5.8283E+01
   8.064128    -6.6120E+01
   8.116232    -7.2774E+01
   8.168337    -7.8366E+01
   8.220441    -8.3006E+01
   8.272545    -8.6797E+01
   8.324649    -8.9828E+01
   8.376754    -9.2184E+01
   8.428858    -9.3939E+01
   8.480962    -9.5161E+01
   8.533066    -9.5913E+01
   8.585170    -9.6249E+01
   8.637275    -9.6221E+01
   8.689379    -9.5874E+01
   8.741483    -9.5249E+01
   8.793587    -9.4383E+01
   8.845691    -9.3310E+01
   8.897796    -9.2058E+01
   8.949900    -9.0655E+01
   9.002004    -8.9125E+01
   9.054108    -8.7489E+01
   9.106212    -8.5767E+01
   9.158317    -8.3975E+01
   9.210421    -8.2129E+01
   9.262525    -8.0242E+01
   9.314629    -7.8327E+01
   9.366733    -7.6393E+01
   9.418838    -7.4450E+01
   9.470942    -7.2506E+01
   9.523046    -7.0568E+01
   9.575150    -6.8643E+01
   9.627255    -6.6735E+01
   9.679359    -6.4850E+01
   9.731463    -6.2991E+01
   9.783567    -6.1161E+01
   9.835671    -5.9364E+01
   9.887776    -5.7601E+01
   9.939880    -5.5875E+01
   9.991984    -5.4187E+01
  10.044088    -5.2538E+01
  10.096192    -5.0929E+01
  10.148297    -4.9360E+01
  10.200401    -4.7833E+01
  10.252505    -4.6346E+01
  10.304609    -4.4901E+01
  10.356713    -4.3497E+01
  10.408818    -4.2133E+01
  10.460922    -4.0809E+01
  10.513026    -3.9526E+01
  10.565130    -3.8281E+01
  10.617234    -3.7075E+01
  10.669339    -3.5906E+01
  10.721443    -3.4774E+01
  10.773547    -3.3679E+01
  10.825651    -3.2618E+01
  10.877756    -3.1593E+01
  10.929860    -3.0600E+01
  10.981964    -2.9640E+01
  11.034068    -2.8712E+01
  11.086172    -2.7815E+01
  11.138277    -2.6947E+01
  11.190381    -2.6109E+01
  11.242485    -2.5298E+01
  11.294589    -2.4515E+01
  11.346693    -2.3758E+01
  11.398798    -2.3027E+01
  11.450902    -2.2320E+01
  11.503006    -2.1637E+01
  11.555110    -2.0977E+01
  11.607214    -2.0340E+01
  11.659319    -1.9724E+01
  11.711423    -1.9128E+01
  11.763527    -1.8553E+01
  11.815631    -1.7997E+01
  11.867735    -1.7460E+01
  11.919840    -1.6941E+01
  11.971944    -1.6440E+01
  12.024048    -1.5955E+01
  12.076152    -1.5486E+01
  12.128257    -1.5033E+01
  12.180361    -1.4595E+01
  12.232465    -1.4171E+01
  12.284569    -1.3762E+01
  12.336673    -1.3366E+01
  12.388778    -1.2983E+01
  12.440882    -1.2613E+01
  12.492986    -1.2254E+01
  12.545090    -1.1908E+01
  12.597194    -1.1572E+01
  12.649299    -1.1248E+01
  12.701403    -1.0934E+01
  12.753507    -1.0630E+01
  12.805611    -1.0336E+01
  12.857715    -1.0051E+01
  12.909820    -9.7754E+00
  12.961924    -9.5084E+00
  13.014028    -9.2499E+00
  13.066132    -8.9995E+00
  13.118236    -8.7570E+00
  13.170341    -8.5220E+00
  13.222445    -8.2944E+00
  13.274549    -8.0738E+00
  13.326653    -7.8601E+00
  13.378758    -7.6529E+00
  13.430862    -7.4521E+00
  13.482966    -7.2574E+00
  13.535070    -7.0686E+00
  13.587174    -6.8856E+00
  13.639279    -6.7081E+00
  13.691383    -6.5359E+00
  13.743487    -6.3689E+00
  13.795591    -6.2068E+00
  13.847695    -6.0496E+00
  13.899800    -5.8971E+00
  13.951904    -5.7490E+00
  14.004008    -5.6053E+00
  14.056112    -5.4658E+00
  14.108216    -5.3304E+00
  14.160321    -5.1989E+00
  14.212425    -5.0712E+00
  14.264529    -4.9472E+00
  14.316633    -4.8267E+00
  14.368737    -4.7097E+00
  14.420842    -4.5960E+00
  14.472946    -4.4856E+00
  14.525050    -4.3782E+00
  14.577154    -4.2739E+00
  14.629259    -4.1725E+00
  14.681363    -4.0740E+00
  14.733467    -3.9782E+00
  14.785571    -3.8850E+00
  14.837675    -3.7944E+00
  14.889780    -3.7063E+00
  14.941884    -3.6207E+00
  14.993988    -3.5373E+00
  15.046092    -3.4563E+00
  15.098196    -3.3774E+00
  15.150301    -3.3006E+00
  15.202405    -3.2259E+00
  15.254509    -3.1533E+00
  15.306613    -3.0825E+00
  15.358717    -3.0136E+00
  15.410822    -2.9466E+00
  15.462926    -2.8813E+00
  15.515030    -2.8178E+00
  15.567134    -2.7559E+00
  15.619238    -2.6956E+00
  15.671343    -2.6368E+00
  15.723447    -2.5796E+00
  15.775551    -2.5239E+00
  15.827655    -2.4696E+00
  15.879760    -2.4167E+00
  15.931864    -2.3651E+00
  15.983968    -2.3149E+00
  16.036072    -2.2659E+00
  16.088176    -2.2181E+00
  16.140281    -2.1715E+00
  16.192385    -2.1261E+00
  16.244489    -2.0819E+00
  16.296593    -2.0387E+00
  16.348697    -1.9966E+00
  16.400802    -1.9555E+00
  16.452906    -1.9155E+00
  16.505010    -1.8764E+00
  16.557114    -1.8382E+00
  16.609218    -1.8010E+00
  16.661323    -1.7647E+00
  16.713427    -1.7293E+00
  16.765531    -1.6947E+00
  16.817635    -1.6609E+00
  16.869739    -1.6279E+00
  16.921844    -1.5957E+00
  16.973948    -1.5643E+00
  17.026052    -1.5336E+00
  17.078156    -1.5036E+00
  17.130261    -1.4743E+00
  17.182365    -1.4457E+00
  17.234469    -1.4178E+00
  17.286573    -1.3905E+00
  17.338677    -1.3638E+00
  17.390782    -1.3378E+00
  17.442886    -1.3123E+00
  17.494990    -1.2874E+00
  17.547094    -1.2631E+00
  17.599198    -1.2393E+00
  17.651303    -1.2161E+00
  17.703407    -1.1933E+00
  17.755511    -1.1711E+00
  17.807615    -1.1494E+00
  17.859719    -1.1281E+00
  17.911824    -1.1073E+00
  17.963928    -1.0870E+00
  18.016032    -1.0671E+00
  18.068136    -1.0477E+00
  18.120240    -1.0286E+00
  18.172345    -1.0100E+00
  18.224449    -9.9181E-01
  18.276553    -9.7398E-01
  18.328657    -9.5653E-01
  18.380762    -9.3946E-01
  18.432866    -9.2274E-01
  18.484970    -9.0638E-01
  18.537074    -8.9036E-01
  18.589178    -8.7468E-01
  18.641283    -8.5932E-01
  18.693387    -8.4429E-01
  18.745491    -8.2956E-01
  18.797595    -8.1514E-01
  18.849699    -8.0102E-01
  18.901804    -7.8719E-01
  18.953908    -7.7364E-01
  19.006012    -7.6036E-01
  19.058116    -7.4736E-01
  19.110220    -7.3462E-01
  19.162325    -7.2213E-01
  19.214429    -7.0990E-01
  19.266533    -6.9791E-01
  19.318637    -6.8616E-01
  19.370741    -6.7464E-01
  19.422846    -6.6335E-01
  19.474950    -6.5229E-01
  19.527054    -6.4144E-01
  19.579158    -6.3080E-01
  19.631263    -6.2038E-01
  19.683367    -6.1015E-01
  19.735471    -6.0013E-01
  19.787575    -5.9030E-01
  19.839679    -5.8065E-01
  19.891784    -5.7120E-01
  19.943888    -5.6192E-01
  19.995992    -5.5282E-01
  20.048096    -5.4390E-01
  20.100200    -5.3514E-01
  20.152305    -5.2655E-01
  20.204409    -5.1813E-01
  20.256513    -5.0986E-01
  20.308617    -5.0174E-01
  20.360721    -4.9378E-01
  20.412826    -4.8596E-01
  20.464930    -4.7829E-01
  20.517034    -4.7077E-01
  20.569138    -4.6338E-01
  20.621242    -4.5613E-01
  20.673347    -4.4901E-01
  20.725451    -4.4202E-01
  20.777555    -4.3515E-01
  20.829659    -4.2842E-01
  20.881764    -4.2180E-01
  20.933868    -4.1531E-01
  20.985972    -4.0893E-01
  21.038076    -4.0266E-01
  21.090180    -3.9651E-01
  21.142285    -3.9047E-01
  21.194389    -3.8453E-01
  21.246493    -3.7871E-01
  21.298597    -3.7298E-01
  21.350701    -3.6735E-01
  21.402806    -3.6183E-01
  21.454910    -3.5640E-01
  21.507014    -3.5107E-01
  21.559118    -3.4583E-01
  21.611222    -3.4068E-01
  21.663327    -3.3562E-01
  21.715431    -3.3064E-01
  21.767535    -3.2576E-01
  21.819639    -3.2096E-01
  21.871743    -3.1624E-01
  21.923848    -3.1160E-01
  21.975952    -3.0704E-01
  22.028056    -3.0256E-01
  22.080160    -2.9815E-01
  22.132265    -2.9382E-01
  22.184369    -2.8956E-01
  22.236473    -2.8538E-01
  22.288577    -2.8126E-01
  22.340681    -2.7721E-01
  22.392786    -2.7323E-01
  22.444890    -2.6932E-01
  22.496994    -2.6547E-01
  22.549098    -2.6169E-01
  22.601202    -2.5797E-01
  22.653307    -2.5431E-01
  22.705411    -2.5071E-01
  22.757515    -2.4717E-01
  22.809619    -2.4369E-01
  22.861723    -2.4027E-01
  22.913828    -2.3690E-01
  22.965932    -2.3358E-01
  23.018036    -2.3032E-01
  23.070140    -2.2712E-01
  23.122244    -2.2396E-01
  23.174349    -2.2086E-01
  23.226453    -2.1780E-01
  23.278557    -2.1479E-01
  23.330661    -2.1184E-01
  23.382766    -2.0893E-01
  23.434870    -2.0606E-01
  23.486974    -2.0324E-01
  23.539078    -2.0047E-01
  23.591182    -1.9774E-01
  23.643287    -1.9505E-01
  23.695391    -1.9241E-01
  23.747495    -1.8981E-01
  23.799599    -1.8724E-01
  23.851703    -1.8472E-01
  23.903808    -1.8224E-01
  23.955912    -1.7980E-01
  24.008016    -1.7739E-01
  24.060120    -1.7502E-01
  24.112224    -1.7269E-01
  24.164329    -1.7039E-01
  24.216433    -1.6813E-01
  24.268537    -1.6591E-01
  24.320641    -1.6372E-01
  24.372745    -1.6156E-01
  24.424850    -1.5943E-01
  24.476954    -1.5734E-01
  24.529058    -1.5528E-01
  24.581162    -1.5325E-01
  24.633267    -1.5125E-01
  24.685371    -1.4928E-01
  24.737475    -1.4734E-01
  24.789579    -1.4543E-01
  24.841683    -1.4355E-01
  24.893788    -1.4170E-01
  24.945892    -1.3987E-01
  24.997996    -1.3807E-01
  25.050100    -1.3630E-01
  25.102204    -1.3455E-01
  25.154309    -1.3284E-01
  25.206413    -1.3114E-01
  25.258517    -1.2947E-01
  25.310621    -1.2783E-01
  25.362725    -1.2621E-01
  25.414830    -1.2461E-01
  25.466934    -1.2304E-01
  25.519038    -1.2149E-01
  25.571142    -1.1996E-01
  25.623246    -1.1845E-01
  25.675351    -1.1697E-01
  25.727455    -1.1551E-01
  25.779559    -1.1407E-01
  25.831663    -1.1265E-01
  25.883768    -1.1125E-01
  25.935872    -1.0987E-01
  25.987976    -1.0851E-01
  26.040080    -1.0717E-01
  26.092184    -1.0585E-01
  26.144289    -1.0454E-01
  26.196393    -1.0326E-01
  26.248497    -1.0200E-01
  26.300601    -1.0075E-01
  26.352705    -9.9518E-02
  26.404810    -9.8305E-02
  26.456914    -9.7110E-02
  26.509018    -9.5931E-02
  26.561122    -9.4769E-02
  26.613226    -9.3623E-02
  26.665331    -9.2493E-02
  26.717435    -9.1379E-02
  26.769539    -9.0280E-02
  26.821643    -8.9197E-02
  26.873747    -8.8128E-02
  26.925852    -8.7075E-02
  26.977956    -8.6036E-02
  27.030060    -8.5011E-02
  27.082164    -8.4001E-02
  27.134269    -8.3004E-02
  27.186373    -8.2021E-02
  27.238477    -8.1052E-02
  27.290581    -8.0095E-02
  27.342685    -7.9152E-02
  27.394790    -7.8222E-02
  27.446894    -7.7304E-02
  27.498998    -7.6399E-02
  27.551102    -7.5506E-02
  27.603206    -7.4625E-02
  27.655311    -7.3756E-02
  27.707415    -7.2898E-02
  27.759519    -7.2053E-02
  27.811623    -7.1218E-02
  27.863727    -7.0395E-02
  27.915832    -6.9582E-02
  27.967936    -6.8781E-02
  28.020040    -6.7990E-02
  28.072144    -6.7210E-02
  28.124248    -6.6440E-02
  28.176353    -6.5680E-02
  28.228457    -6.4930E-02
  28.280561    -6.4190E-02
  28.332665    -6.3460E-02
  28.384770    -6.2740E-02
  28.436874    -6.2029E-02
  28.488978    -6.1327E-02
  28.541082    -6.0634E-02
  28.593186    -5.9951E-02
  28.645291    -5.9276E-02
  28.697395    -5.8611E-02
  28.749499    -5.7953E-02
  28.801603    -5.7305E-02
  28.853707    -5.6664E-02
  28.905812    -5.6032E-02
  28.957916    -5.5409E-02
  29.010020    -5.4793E-02
  29.062124    -5.4185E-02
  29.114228    -5.3585E-02
  29.166333    -5.2992E-02
  29.218437    -5.2407E-02
  29.270541    -5.1830E-02
  29.322645    -5.1260E-02
  29.374749    -5.0697E-02
  29.426854    -5.0141E-02
  29.478958    -4.9593E-02
  29.531062    -4.9051E-02
  29.583166    -4.8516E-02
  29.635271    -4.7988E-02
  29.687375    -4.7467E-02
  29.739479    -4.6952E-02
  29.791583    -4.6443E-02
  29.843687    -4.5941E-02
  29.895792    -4.5446E-02
  29.947896    -4.4956E-02
  30.000000    -4.4472E-02
   6.85370741
   4.000000     1.0353E+05
   4.052104     9.9227E+04
   4.104208     9.4639E+04
   4.156313     8.9887E+04
   4.208417     8.5066E+04
   4.260521     8.0251E+04
   4.312625     7.5498E+04
   4.364729     7.0852E+04
   4.416834     6.6345E+04
   4.468938     6.2003E+04
   4.521042     5.7840E+04
   4.573146     5.3870E+04
   4.625251     5.0097E+04
   4.677355     4.6523E+04
   4.729459     4.3150E+04
   4.781563     3.9974E+04
   4.833667     3.6990E+04
   4.885772     3.4193E+04
   4.937876     3.1577E+04
   4.989980     2.9133E+04
   5.042084     2.6854E+04
   5.094188     2.4732E+04
   5.146293     2.2759E+04
   5.198397     2.0926E+04
   5.250501     1.9225E+04
   5.302605     1.7649E+04
   5.354709     1.6190E+04
   5.406814     1.4840E+04
   5.458918     1.3593E+04
   5.511022     1.2441E+04
   5.563126     1.1378E+04
   5.615230     1.0398E+04
   5.667335     9.4950E+03
   5.719439     8.6638E+03
   5.771543     7.8990E+03
   5.823647     7.1959E+03
   5.875752     6.5498E+03
   5.927856     5.9566E+03
   5.979960     5.4122E+03
   6.032064     4.9130E+03
   6.084168     4.4555E+03
   6.136273     4.0364E+03
   6.188377     3.6528E+03
   6.240481     3.3018E+03
   6.292585     2.9810E+03
   6.344689     2.6879E+03
   6.396794     2.4202E+03
   6.448898     2.1761E+03
   6.501002     1.9534E+03
   6.553106     1.7505E+03
   6.605210     1.5658E+03
   6.657315     1.3977E+03
   6.709419     1.2449E+03
   6.761523     1.1060E+03
   6.813627     9.8002E+02
   6.865731     8.6574E+02
   6.917836     7.6219E+02
   6.969940     6.6846E+02
   7.022044     5.8369E+02
   7.074148     5.0712E+02
   7.126253     4.3803E+02
   7.178357     3.7576E+02
   7.230461     3.1972E+02
   7.282565     2.6935E+02
   7.334669     2.2414E+02
   7.386774     1.8363E+02
   7.438878     1.4739E+02
   7.490982     1.1504E+02
   7.543086     8.6220E+01
   7.595190     6.0600E+01
   7.647295     3.7884E+01
   7.699399     1.7797E+01
   7.751503     9.2539E-02
   7.803607    -1.5459E+01
   7.855711    -2.9064E+01
   7.907816    -4.0914E+01
   7.959920    -5.1180E+01
   8.012024    -6.0020E+01
   8.064128    -6.7579E+01
   8.116232    -7.3985E+01
   8.168337    -7.9358E+01
   8.220441    -8.3807E+01
   8.272545    -8.7428E+01
   8.324649    -9.0312E+01
   8.376754    -9.2539E+01
   8.428858    -9.4182E+01
   8.480962    -9.5308E+01
   8.533066    -9.5977E+01
   8.585170    -9.6242E+01
   8.637275    -9.6154E+01
   8.689379    -9.5756E+01
   8.741483    -9.5088E+01
   8.793587    -9.4187E+01
   8.845691    -9.3084E+01
   8.897796    -9.1808E+01
   8.949900    -9.0387E+01
   9.002004    -8.8842E+01
   9.054108    -8.7195E+01
   9.106212    -8.5465E+01
   9.158317    -8.3668E+01
   9.210421    -8.1819E+01
   9.262525    -7.9932E+01
   9.314629    -7.8016E+01
   9.366733    -7.6084E+01
   9.418838    -7.4144E+01
   9.470942    -7.2204E+01
   9.523046    -7.0271E+01
   9.575150    -6.8350E+01
   9.627255    -6.6448E+01
   9.679359    -6.4568E+01
   9.731463    -6.2715E+01
   9.783567    -6.0891E+01
   9.835671    -5.9099E+01
   9.887776    -5.7342E+01
   9.939880    -5.5622E+01
   9.991984    -5.3939E+01
  10.044088    -5.2296E+01
  10.096192    -5.0692E+01
  10.148297    -4.9128E+01
  10.200401    -4.7606E+01
  10.252505    -4.6124E+01
  10.304609    -4.4683E+01
  10.356713    -4.3283E+01
  10.408818    -4.1924E+01
  10.460922    -4.0604E+01
  10.513026    -3.9324E+01
  10.565130    -3.8083E+01
  10.617234    -3.6881E+01
  10.669339    -3.5716E+01
  10.721443    -3.4587E+01
  10.773547    -3.3495E+01
  10.825651    -3.2438E+01
  10.877756    -3.1415E+01
  10.929860    -3.0425E+01
  10.981964    -2.9468E+01
  11.034068    -2.8543E+01
  11.086172    -2.7648E+01
  11.138277    -2.6783E+01
  11.190381    -2.5947E+01
  11.242485    -2.5139E+01
  11.294589    -2.4359E+01
  11.346693    -2.3604E+01
  11.398798    -2.2876E+01
  11.450902    -2.2171E+01
  11.503006    -2.1491E+01
  11.555110    -2.0834E+01
  11.607214    -2.0199E+01
  11.659319    -1.9585E+01
  11.711423    -1.8993E+01
  11.763527    -1.8420E+01
  11.815631    -1.7867E+01
  11.867735    -1.7332E+01
  11.919840    -1.6816E+01
  11.971944    -1.6316E+01
  12.024048    -1.5834E+01
  12.076152    -1.5368E+01
  12.128257    -1.4917E+01
  12.180361    -1.4482E+01
  12.232465    -1.4061E+01
  12.284569    -1.3654E+01
  12.336673    -1.3261E+01
  12.388778    -1.2880E+01
  12.440882    -1.2512E+01
  12.492986    -1.2157E+01
  12.545090    -1.1813E+01
  12.597194    -1.1480E+01
  12.649299    -1.1158E+01
  12.701403    -1.0846E+01
  12.753507    -1.0545E+01
  12.805611    -1.0253E+01
  12.857715    -9.9705E+00
  12.909820    -9.6972E+00
  12.961924    -9.4325E+00
  13.014028    -9.1763E+00
  13.066132    -8.9282E+00
  13.118236    -8.6879E+00
  13.170341    -8.4552E+00
  13.222445    -8.2297E+00
  13.274549    -8.0113E+00
  13.326653    -7.7996E+00
  13.378758    -7.5945E+00
  13.430862    -7.3957E+00
  13.482966    -7.2030E+00
  13.535070    -7.0162E+00
  13.587174    -6.8351E+00
  13.639279    -6.6594E+00
  13.691383    -6.4891E+00
  13.743487    -6.3238E+00
  13.795591    -6.1635E+00
  13.847695    -6.0080E+00
  13.899800    -5.8571E+00
  13.951904    -5.7106E+00
  14.004008    -5.5685E+00
  14.056112    -5.4305E+00
  14.108216    -5.2965E+00
  14.160321    -5.1664E+00
  14.212425    -5.0401E+00
  14.264529    -4.9174E+00
  14.316633    -4.7983E+00
  14.368737    -4.6825E+00
  14.420842    -4.5700E+00
  14.472946    -4.4608E+00
  14.525050    -4.3546E+00
  14.577154    -4.2513E+00
  14.629259    -4.1510E+00
  14.681363    -4.0535E+00
  14.733467    -3.9586E+00
  14.785571    -3.8664E+00
  14.837675    -3.7767E+00
  14.889780    -3.6895E+00
  14.941884    -3.6047E+00
  14.993988    -3.5221E+00
  15.046092    -3.4418E+00
  15.098196    -3.3637E+00
  15.150301    -3.2876E+00
  15.202405    -3.2136E+00
  15.254509    -3.1415E+00
  15.306613    -3.0714E+00
  15.358717    -3.0031E+00
  15.410822    -2.9366E+00
  15.462926    -2.8718E+00
  15.515030    -2.8088E+00
  15.567134    -2.7473E+00
  15.619238    -2.6875E+00
  15.671343    -2.6292E+00
  15.723447    -2.5724E+00
  15.775551    -2.5171E+00
  15.827655    -2.4631E+00
  15.879760    -2.4105E+00
  15.931864    -2.3593E+00
  15.983968    -2.3093E+00
  16.036072    -2.2606E+00
  16.088176    -2.2131E+00
  16.140281    -2.1668E+00
  16.192385    -2.1216E+00
  16.244489    -2.0776E+00
  16.296593    -2.0346E+00
  16.348697    -1.9927E+00
  16.400802    -1.9518E+00
  16.452906    -1.9119E+00
  16.505010    -1.8730E+00
  16.557114    -1.8350E+00
  16.609218    -1.7979E+00
  16.661323    -1.7617E+00
  16.713427    -1.7263E+00
  16.765531    -1.6918E+00
  16.817635    -1.6582E+00
  16.869739    -1.6253E+00
  16.921844    -1.5932E+00
  16.973948    -1.5618E+00
  17.026052    -1.5311E+00
  17.078156    -1.5012E+00
  17.130261    -1.4720E+00
  17.182365    -1.4434E+00
  17.234469    -1.4155E+00
  17.286573    -1.3883E+00
  17.338677    -1.3616E+00
  17.390782    -1.3356E+00
  17.442886    -1.3101E+00
  17.494990    -1.2852E+00
  17.547094    -1.2609E+00
  17.599198    -1.2371E+00
  17.651303    -1.2139E+00
  17.703407    -1.1912E+00
  17.755511    -1.1689E+00
  17.807615    -1.1472E+00
  17.859719    -1.1259E+00
  17.911824    -1.1051E+00
  17.963928    -1.0848E+00
  18.016032    -1.0649E+00
  18.068136    -1.0454E+00
  18.120240    -1.0264E+00
  18.172345    -1.0078E+00
  18.224449    -9.8952E-01
  18.276553    -9.7167E-01
  18.328657    -9.5421E-01
  18.380762    -9.3711E-01
  18.432866    -9.2038E-01
  18.484970    -9.0399E-01
  18.537074    -8.8796E-01
  18.589178    -8.7225E-01
  18.641283    -8.5688E-01
  18.693387    -8.4182E-01
  18.745491    -8.2708E-01
  18.797595    -8.1264E-01
  18.849699    -7.9850E-01
  18.901804    -7.8465E-01
  18.953908    -7.7108E-01
  19.006012    -7.5779E-01
  19.058116    -7.4477E-01
  19.110220    -7.3201E-01
  19.162325    -7.1951E-01
  19.214429    -7.0726E-01
  19.266533    -6.9526E-01
  19.318637    -6.8349E-01
  19.370741    -6.7196E-01
  19.422846    -6.6066E-01
  19.474950    -6.4959E-01
  19.527054    -6.3873E-01
  19.579158    -6.2809E-01
  19.631263    -6.1765E-01
  19.683367    -6.0742E-01
  19.735471    -5.9739E-01
  19.787575    -5.8755E-01
  19.839679    -5.7790E-01
  19.891784    -5.6844E-01
  19.943888    -5.5917E-01
  19.995992    -5.5007E-01
  20.048096    -5.4114E-01
  20.100200    -5.3238E-01
  20.152305    -5.2379E-01
  20.204409    -5.1537E-01
  20.256513    -5.0710E-01
  20.308617    -4.9899E-01
  20.360721    -4.9103E-01
  20.412826    -4.8322E-01
  20.464930    -4.7556E-01
  20.517034    -4.6804E-01
  20.569138    -4.6066E-01
  20.621242    -4.5341E-01
  20.673347    -4.4630E-01
  20.725451    -4.3932E-01
  20.777555    -4.3247E-01
  20.829659    -4.2574E-01
  20.881764    -4.1914E-01
  20.933868    -4.1266E-01
  20.985972    -4.0629E-01
  21.038076    -4.0004E-01
  21.090180    -3.9390E-01
  21.142285    -3.8787E-01
  21.194389    -3.8195E-01
  21.246493    -3.7614E-01
  21.298597    -3.7043E-01
  21.350701    -3.6482E-01
  21.402806    -3.5932E-01
  21.454910    -3.5390E-01
  21.507014    -3.4859E-01
  21.559118    -3.4337E-01
  21.611222    -3.3824E-01
  21.663327    -3.3320E-01
  21.715431    -3.2824E-01
  21.767535    -3.2338E-01
  21.819639    -3.1860E-01
  21.871743    -3.1390E-01
  21.923848    -3.0928E-01
  21.975952    -3.0474E-01
  22.028056    -3.0028E-01
  22.080160    -2.9590E-01
  22.132265    -2.9159E-01
  22.184369    -2.8735E-01
  22.236473    -2.8319E-01
  22.288577    -2.7910E-01
  22.340681    -2.7507E-01
  22.392786    -2.7112E-01
  22.444890    -2.6723E-01
  22.496994    -2.6341E-01
  22.549098    -2.5965E-01
  22.601202    -2.5595E-01
  22.653307    -2.5231E-01
  22.705411    -2.4874E-01
  22.757515    -2.4522E-01
  22.809619    -2.4177E-01
  22.861723    -2.3837E-01
  22.913828    -2.3502E-01
  22.965932    -2.3173E-01
  23.018036    -2.2850E-01
  23.070140    -2.2531E-01
  23.122244    -2.2218E-01
  23.174349    -2.1910E-01
  23.226453    -2.1607E-01
  23.278557    -2.1309E-01
  23.330661    -2.1016E-01
  23.382766    -2.0727E-01
  23.434870    -2.0443E-01
  23.486974    -2.0164E-01
  23.539078    -1.9889E-01
  23.591182    -1.9618E-01
  23.643287    -1.9352E-01
  23.695391    -1.9090E-01
  23.747495    -1.8832E-01
  23.799599    -1.8578E-01
  23.851703    -1.8328E-01
  23.903808    -1.8082E-01
  23.955912    -1.7840E-01
  24.008016    -1.7602E-01
  24.060120    -1.7367E-01
  24.112224    -1.7136E-01
  24.164329    -1.6909E-01
  24.216433    -1.6685E-01
  24.268537    -1.6465E-01
  24.320641    -1.6248E-01
  24.372745    -1.6034E-01
  24.424850    -1.5824E-01
  24.476954    -1.5617E-01
  24.529058    -1.5413E-01
  24.581162    -1.5212E-01
  24.633267    -1.5014E-01
  24.685371    -1.4820E-01
  24.737475    -1.4628E-01
  24.789579    -1.4439E-01
  24.841683    -1.4253E-01
  24.893788    -1.4069E-01
  24.945892    -1.3889E-01
  24.997996    -1.3711E-01
  25.050100    -1.3536E-01
  25.102204    -1.3363E-01
  25.154309    -1.3193E-01
  25.206413    -1.3026E-01
  25.258517    -1.2861E-01
  25.310621    -1.2698E-01
  25.362725    -1.2538E-01
  25.414830    -1.2380E-01
  25.466934    -1.2225E-01
  25.519038    -1.2072E-01
  25.571142    -1.1921E-01
  25.623246    -1.1772E-01
  25.675351    -1.1626E-01
  25.727455    -1.1481E-01
  25.779559    -1.1339E-01
  25.831663    -1.1198E-01
  25.883768    -1.1060E-01
  25.935872    -1.0924E-01
  25.987976    -1.0790E-01
  26.040080    -1.0657E-01
  26.092184    -1.0527E-01
  26.144289    -1.0398E-01
  26.196393    -1.0271E-01
  26.248497    -1.0146E-01
  26.300601    -1.0023E-01
  26.352705    -9.9015E-02
  26.404810    -9.7818E-02
  26.456914    -9.6637E-02
  26.509018    -9.5473E-02
  26.561122    -9.4325E-02
  26.613226    -9.3193E-02
  26.665331    -9.2077E-02
  26.717435    -9.0977E-02
  26.769539    -8.9892E-02
  26.821643    -8.8823E-02
  26.873747    -8.7768E-02
  26.925852    -8.6727E-02
  26.977956    -8.5701E-02
  27.030060    -8.4689E-02
  27.082164    -8.3692E-02
  27.134269    -8.2707E-02
  27.186373    -8.1737E-02
  27.238477    -8.0779E-02
  27.290581    -7.9835E-02
  27.342685    -7.8904E-02
  27.394790    -7.7985E-02
  27.446894    -7.7078E-02
  27.498998    -7.6184E-02
  27.551102    -7.5303E-02
  27.603206    -7.4432E-02
  27.655311    -7.3574E-02
  27.707415    -7.2727E-02
  27.759519    -7.1892E-02
  27.811623    -7.1068E-02
  27.863727    -7.0255E-02
  27.915832    -6.9452E-02
  27.967936    -6.8661E-02
  28.020040    -6.7879E-02
  28.072144    -6.7109E-02
  28.124248    -6.6348E-02
  28.176353    -6.5597E-02
  28.228457    -6.4857E-02
  28.280561    -6.4126E-02
  28.332665    -6.3405E-02
  28.384770    -6.2693E-02
  28.436874    -6.1990E-02
  28.488978    -6.1297E-02
  28.541082    -6.0613E-02
  28.593186    -5.9937E-02
  28.645291    -5.9271E-02
  28.697395    -5.8613E-02
  28.749499    -5.7963E-02
  28.801603    -5.7322E-02
  28.853707    -5.6689E-02
  28.905812    -5.6064E-02
  28.957916    -5.5448E-02
  29.010020    -5.4839E-02
  29.062124    -5.4238E-02
  29.114228    -5.3645E-02
  29.166333    -5.3059E-02
  29.218437    -5.2481E-02
  29.270541    -5.1910E-02
  29.322645    -5.1346E-02
  29.374749    -5.0790E-02
  29.426854    -5.0240E-02
  29.478958    -4.9697E-02
  29.531062    -4.9162E-02
  29.583166    -4.8633E-02
  29.635271    -4.8110E-02
  29.687375    -4.7594E-02
  29.739479    -4.7085E-02
  29.791583    -4.6582E-02
  29.843687    -4.6085E-02
  29.895792    -4.5594E-02
  29.947896    -4.5110E-02
  30.000000    -4.4631E-02
  10.46092184
   4.000000     9.4795E+04
   4.052104     9.1481E+04
   4.104208     8.7757E+04
   4.156313     8.3760E+04
   4.208417     7.9599E+04
   4.260521     7.5363E+04
   4.312625     7.1120E+04
   4.364729     6.6923E+04
   4.416834     6.2813E+04
   4.468938     5.8822E+04
   4.521042     5.4971E+04
   4.573146     5.1278E+04
   4.625251     4.7752E+04
   4.677355     4.4399E+04
   4.729459     4.1223E+04
   4.781563     3.8224E+04
   4.833667     3.5400E+04
   4.885772     3.2746E+04
   4.937876     3.0259E+04
   4.989980     2.7932E+04
   5.042084     2.5758E+04
   5.094188     2.3732E+04
   5.146293     2.1845E+04
   5.198397     2.0091E+04
   5.250501     1.8463E+04
   5.302605     1.6952E+04
   5.354709     1.5552E+04
   5.406814     1.4257E+04
   5.458918     1.3059E+04
   5.511022     1.1952E+04
   5.563126     1.0931E+04
   5.615230     9.9891E+03
   5.667335     9.1210E+03
   5.719439     8.3216E+03
   5.771543     7.5861E+03
   5.823647     6.9097E+03
   5.875752     6.2881E+03
   5.927856     5.7174E+03
   5.979960     5.1937E+03
   6.032064     4.7133E+03
   6.084168     4.2731E+03
   6.136273     3.8700E+03
   6.188377     3.5009E+03
   6.240481     3.1634E+03
   6.292585     2.8548E+03
   6.344689     2.5730E+03
   6.396794     2.3156E+03
   6.448898     2.0809E+03
   6.501002     1.8668E+03
   6.553106     1.6719E+03
   6.605210     1.4944E+03
   6.657315     1.3329E+03
   6.709419     1.1862E+03
   6.761523     1.0529E+03
   6.813627     9.3191E+02
   6.865731     8.2224E+02
   6.917836     7.2291E+02
   6.969940     6.3301E+02
   7.022044     5.5175E+02
   7.074148     4.7837E+02
   7.126253     4.1218E+02
   7.178357     3.5256E+02
   7.230461     2.9891E+02
   7.282565     2.5072E+02
   7.334669     2.0749E+02
   7.386774     1.6878E+02
   7.438878     1.3417E+02
   7.490982     1.0329E+02
   7.543086     7.5801E+01
   7.595190     5.1384E+01
   7.647295     2.9754E+01
   7.699399     1.0648E+01
   7.751503    -6.1740E+00
   7.803607    -2.0931E+01
   7.855711    -3.3823E+01
   7.907816    -4.5031E+01
   7.959920    -5.4723E+01
   8.012024    -6.3049E+01
   8.064128    -7.0148E+01
   8.116232    -7.6144E+01
   8.168337    -8.1153E+01
   8.220441    -8.5277E+01
   8.272545    -8.8610E+01
   8.324649    -9.1239E+01
   8.376754    -9.3241E+01
   8.428858    -9.4685E+01
   8.480962    -9.5637E+01
   8.533066    -9.6153E+01
   8.585170    -9.6285E+01
   8.637275    -9.6081E+01
   8.689379    -9.5583E+01
   8.741483    -9.4829E+01
   8.793587    -9.3853E+01
   8.845691    -9.2687E+01
   8.897796    -9.1359E+01
   8.949900    -8.9893E+01
   9.002004    -8.8312E+01
   9.054108    -8.6636E+01
   9.106212    -8.4882E+01
   9.158317    -8.3067E+01
   9.210421    -8.1204E+01
   9.262525    -7.9307E+01
   9.314629    -7.7386E+01
   9.366733    -7.5451E+01
   9.418838    -7.3511E+01
   9.470942    -7.1573E+01
   9.523046    -6.9644E+01
   9.575150    -6.7729E+01
   9.627255    -6.5834E+01
   9.679359    -6.3962E+01
   9.731463    -6.2118E+01
   9.783567    -6.0304E+01
   9.835671    -5.8524E+01
   9.887776    -5.6778E+01
   9.939880    -5.5069E+01
   9.991984    -5.3399E+01
  10.044088    -5.1767E+01
  10.096192    -5.0176E+01
  10.148297    -4.8625E+01
  10.200401    -4.7115E+01
  10.252505    -4.5646E+01
  10.304609    -4.4217E+01
  10.356713    -4.2829E+01
  10.408818    -4.1482E+01
  10.460922    -4.0174E+01
  10.513026    -3.8906E+01
  10.565130    -3.7676E+01
  10.617234    -3.6485E+01
  10.669339    -3.5331E+01
  10.721443    -3.4213E+01
  10.773547    -3.3131E+01
  10.825651    -3.2084E+01
  10.877756    -3.1071E+01
  10.929860    -3.0092E+01
  10.981964    -2.9144E+01
  11.034068    -2.8228E+01
  11.086172    -2.7342E+01
  11.138277    -2.6486E+01
  11.190381    -2.5659E+01
  11.242485    -2.4860E+01
  11.294589    -2.4087E+01
  11.346693    -2.3341E+01
  11.398798    -2.2619E+01
  11.450902    -2.1923E+01
  11.503006    -2.1250E+01
  11.555110    -2.0600E+01
  11.607214    -1.9972E+01
  11.659319    -1.9365E+01
  11.711423    -1.8779E+01
  11.763527    -1.8212E+01
  11.815631    -1.7665E+01
  11.867735    -1.7137E+01
  11.919840    -1.6626E+01
  11.971944    -1.6133E+01
  12.024048    -1.5656E+01
  12.076152    -1.5195E+01
  12.128257    -1.4750E+01
  12.180361    -1.4320E+01
  12.232465    -1.3904E+01
  12.284569    -1.3501E+01
  12.336673    -1.3113E+01
  12.388778    -1.2737E+01
  12.440882    -1.2373E+01
  12.492986    -1.2022E+01
  12.545090    -1.1682E+01
  12.597194    -1.1353E+01
  12.649299    -1.1035E+01
  12.701403    -1.0728E+01
  12.753507    -1.0430E+01
  12.805611    -1.0142E+01
  12.857715    -9.8631E+00
  12.909820    -9.5932E+00
  12.961924    -9.3319E+00
  13.014028    -9.0789E+00
  13.066132    -8.8340E+00
  13.118236    -8.5968E+00
  13.170341    -8.3670E+00
  13.222445    -8.1444E+00
  13.274549    -7.9288E+00
  13.326653    -7.7198E+00
  13.378758    -7.5173E+00
  13.430862    -7.3211E+00
  13.482966    -7.1309E+00
  13.535070    -6.9464E+00
  13.587174    -6.7676E+00
  13.639279    -6.5942E+00
  13.691383    -6.4260E+00
  13.743487    -6.2629E+00
  13.795591    -6.1046E+00
  13.847695    -5.9510E+00
  13.899800    -5.8020E+00
  13.951904    -5.6574E+00
  14.004008    -5.5170E+00
  14.056112    -5.3808E+00
  14.108216    -5.2485E+00
  14.160321    -5.1200E+00
  14.212425    -4.9952E+00
  14.264529    -4.8741E+00
  14.316633    -4.7563E+00
  14.368737    -4.6420E+00
  14.420842    -4.5309E+00
  14.472946    -4.4229E+00
  14.525050    -4.3179E+00
  14.577154    -4.2159E+00
  14.629259    -4.1167E+00
  14.681363    -4.0203E+00
  14.733467    -3.9266E+00
  14.785571    -3.8354E+00
  14.837675    -3.7467E+00
  14.889780    -3.6605E+00
  14.941884    -3.5765E+00
  14.993988    -3.4949E+00
  15.046092    -3.4154E+00
  15.098196    -3.3381E+00
  15.150301    -3.2629E+00
  15.202405    -3.1896E+00
  15.254509    -3.1183E+00
  15.306613    -3.0489E+00
  15.358717    -2.9813E+00
  15.410822    -2.9154E+00
  15.462926    -2.8513E+00
  15.515030    -2.7889E+00
  15.567134    -2.7280E+00
  15.619238    -2.6687E+00
  15.671343    -2.6110E+00
  15.723447    -2.5547E+00
  15.775551    -2.4998E+00
  15.827655    -2.4464E+00
  15.879760    -2.3943E+00
  15.931864    -2.3435E+00
  15.983968    -2.2939E+00
  16.036072    -2.2456E+00
  16.088176    -2.1985E+00
  16.140281    -2.1526E+00
  16.192385    -2.1078E+00
  16.244489    -2.0641E+00
  16.296593    -2.0215E+00
  16.348697    -1.9799E+00
  16.400802    -1.9393E+00
  16.452906    -1.8997E+00
  16.505010    -1.8610E+00
  16.557114    -1.8233E+00
  16.609218    -1.7865E+00
  16.661323    -1.7505E+00
  16.713427    -1.7154E+00
  16.765531    -1.6812E+00
  16.817635    -1.6477E+00
  16.869739    -1.6150E+00
  16.921844    -1.5831E+00
  16.973948    -1.5520E+00
  17.026052    -1.5215E+00
  17.078156    -1.4918E+00
  17.130261    -1.4628E+00
  17.182365    -1.4344E+00
  17.234469    -1.4066E+00
  17.286573    -1.3795E+00
  17.338677    -1.3530E+00
  17.390782    -1.3272E+00
  17.442886    -1.3019E+00
  17.494990    -1.2771E+00
  17.547094    -1.2529E+00
  17.599198    -1.2293E+00
  17.651303    -1.2062E+00
  17.703407    -1.1836E+00
  17.755511    -1.1615E+00
  17.807615    -1.1399E+00
  17.859719    -1.1187E+00
  17.911824    -1.0980E+00
  17.963928    -1.0778E+00
  18.016032    -1.0580E+00
  18.068136    -1.0387E+00
  18.120240    -1.0197E+00
  18.172345    -1.0012E+00
  18.224449    -9.8303E-01
  18.276553    -9.6527E-01
  18.328657    -9.4790E-01
  18.380762    -9.3089E-01
  18.432866    -9.1424E-01
  18.484970    -8.9795E-01
  18.537074    -8.8199E-01
  18.589178    -8.6637E-01
  18.641283    -8.5108E-01
  18.693387    -8.3610E-01
  18.745491    -8.2143E-01
  18.797595    -8.0707E-01
  18.849699    -7.9300E-01
  18.901804    -7.7922E-01
  18.953908    -7.6573E-01
  19.006012    -7.5250E-01
  19.058116    -7.3955E-01
  19.110220    -7.2686E-01
  19.162325    -7.1443E-01
  19.214429    -7.0224E-01
  19.266533    -6.9031E-01
  19.318637    -6.7861E-01
  19.370741    -6.6714E-01
  19.422846    -6.5590E-01
  19.474950    -6.4489E-01
  19.527054    -6.3409E-01
  19.579158    -6.2350E-01
  19.631263    -6.1313E-01
  19.683367    -6.0295E-01
  19.735471    -5.9298E-01
  19.787575    -5.8320E-01
  19.839679    -5.7361E-01
  19.891784    -5.6420E-01
  19.943888    -5.5498E-01
  19.995992    -5.4593E-01
  20.048096    -5.3706E-01
  20.100200    -5.2836E-01
  20.152305    -5.1982E-01
  20.204409    -5.1145E-01
  20.256513    -5.0323E-01
  20.308617    -4.9517E-01
  20.360721    -4.8726E-01
  20.412826    -4.7950E-01
  20.464930    -4.7188E-01
  20.517034    -4.6441E-01
  20.569138    -4.5708E-01
  20.621242    -4.4988E-01
  20.673347    -4.4282E-01
  20.725451    -4.3588E-01
  20.777555    -4.2908E-01
  20.829659    -4.2239E-01
  20.881764    -4.1584E-01
  20.933868    -4.0940E-01
  20.985972    -4.0307E-01
  21.038076    -3.9687E-01
  21.090180    -3.9077E-01
  21.142285    -3.8479E-01
  21.194389    -3.7891E-01
  21.246493    -3.7314E-01
  21.298597    -3.6747E-01
  21.350701    -3.6190E-01
  21.402806    -3.5644E-01
  21.454910    -3.5106E-01
  21.507014    -3.4579E-01
  21.559118    -3.4061E-01
  21.611222    -3.3551E-01
  21.663327    -3.3051E-01
  21.715431    -3.2560E-01
  21.767535    -3.2077E-01
  21.819639    -3.1602E-01
  21.871743    -3.1136E-01
  21.923848    -3.0678E-01
  21.975952    -3.0228E-01
  22.028056    -2.9785E-01
  22.080160    -2.9351E-01
  22.132265    -2.8923E-01
  22.184369    -2.8503E-01
  22.236473    -2.8090E-01
  22.288577    -2.7684E-01
  22.340681    -2.7285E-01
  22.392786    -2.6893E-01
  22.444890    -2.6507E-01
  22.496994    -2.6128E-01
  22.549098    -2.5755E-01
  22.601202    -2.5389E-01
  22.653307    -2.5028E-01
  22.705411    -2.4674E-01
  22.757515    -2.4325E-01
  22.809619    -2.3983E-01
  22.861723    -2.3646E-01
  22.913828    -2.3314E-01
  22.965932    -2.2988E-01
  23.018036    -2.2667E-01
  23.070140    -2.2352E-01
  23.122244    -2.2041E-01
  23.174349    -2.1736E-01
  23.226453    -2.1436E-01
  23.278557    -2.1140E-01
  23.330661    -2.0850E-01
  23.382766    -2.0564E-01
  23.434870    -2.0282E-01
  23.486974    -2.0005E-01
  23.539078    -1.9733E-01
  23.591182    -1.9465E-01
  23.643287    -1.9201E-01
  23.695391    -1.8942E-01
  23.747495    -1.8686E-01
  23.799599    -1.8435E-01
  23.851703    -1.8187E-01
  23.903808    -1.7943E-01
  23.955912    -1.7704E-01
  24.008016    -1.7468E-01
  24.060120    -1.7235E-01
  24.112224    -1.7007E-01
  24.164329    -1.6781E-01
  24.216433    -1.6560E-01
  24.268537    -1.6341E-01
  24.320641    -1.6127E-01
  24.372745    -1.5915E-01
  24.424850    -1.5707E-01
  24.476954    -1.5502E-01
  24.529058    -1.5300E-01
  24.581162    -1.5101E-01
  24.633267    -1.4905E-01
  24.685371    -1.4712E-01
  24.737475    -1.4522E-01
  24.789579    -1.4335E-01
  24.841683    -1.4151E-01
  24.893788    -1.3969E-01
  24.945892    -1.3791E-01
  24.997996    -1.3614E-01
  25.050100    -1.3441E-01
  25.102204    -1.3270E-01
  25.154309    -1.3102E-01
  25.206413    -1.2936E-01
  25.258517    -1.2773E-01
  25.310621    -1.2612E-01
  25.362725    -1.2453E-01
  25.414830    -1.2297E-01
  25.466934    -1.2143E-01
  25.519038    -1.1991E-01
  25.571142    -1.1842E-01
  25.623246    -1.1695E-01
  25.675351    -1.1549E-01
  25.727455    -1.1406E-01
  25.779559    -1.1265E-01
  25.831663    -1.1126E-01
  25.883768    -1.0990E-01
  25.935872    -1.0855E-01
  25.987976    -1.0722E-01
  26.040080    -1.0591E-01
  26.092184    -1.0461E-01
  26.144289    -1.0334E-01
  26.196393    -1.0208E-01
  26.248497    -1.0085E-01
  26.300601    -9.9626E-02
  26.352705    -9.8423E-02
  26.404810    -9.7237E-02
  26.456914    -9.6068E-02
  26.509018    -9.4915E-02
  26.561122    -9.3779E-02
  26.613226    -9.2658E-02
  26.665331    -9.1553E-02
  26.717435    -9.0464E-02
  26.769539    -8.9389E-02
  26.821643    -8.8330E-02
  26.873747    -8.7285E-02
  26.925852    -8.6255E-02
  26.977956    -8.5239E-02
  27.030060    -8.4237E-02
  27.082164    -8.3248E-02
  27.134269    -8.2274E-02
  27.186373    -8.1312E-02
  27.238477    -8.0364E-02
  27.290581    -7.9429E-02
  27.342685    -7.8506E-02
  27.394790    -7.7596E-02
  27.446894    -7.6698E-02
  27.498998    -7.5813E-02
  27.551102    -7.4939E-02
  27.603206    -7.4077E-02
  27.655311    -7.3227E-02
  27.707415    -7.2388E-02
  27.759519    -7.1561E-02
  27.811623    -7.0744E-02
  27.863727    -6.9939E-02
  27.915832    -6.9144E-02
  27.967936    -6.8359E-02
  28.020040    -6.7585E-02
  28.072144    -6.6822E-02
  28.124248    -6.6068E-02
  28.176353    -6.5324E-02
  28.228457    -6.4591E-02
  28.280561    -6.3866E-02
  28.332665    -6.3152E-02
  28.384770    -6.2446E-02
  28.436874    -6.1750E-02
  28.488978    -6.1063E-02
  28.541082    -6.0385E-02
  28.593186    -5.9715E-02
  28.645291    -5.9055E-02
  28.697395    -5.8402E-02
  28.749499    -5.7759E-02
  28.801603    -5.7123E-02
  28.853707    -5.6496E-02
  28.905812    -5.5877E-02
  28.957916    -5.5265E-02
  29.010020    -5.4662E-02
  29.062124    -5.4066E-02
  29.114228    -5.3478E-02
  29.166333    -5.2897E-02
  29.218437    -5.2324E-02
  29.270541    -5.1758E-02
  29.322645    -5.1199E-02
  29.374749    -5.0647E-02
  29.426854    -5.0102E-02
  29.478958    -4.9564E-02
  29.531062    -4.9033E-02
  29.583166    -4.8508E-02
  29.635271    -4.7990E-02
  29.687375    -4.7478E-02
  29.739479    -4.6973E-02
  29.791583    -4.6474E-02
  29.843687    -4.5981E-02
  29.895792    -4.5495E-02
  29.947896    -4.5014E-02
  30.000000    -4.4539E-02
  14.06813627
   4.000000     8.7354E+04
   4.052104     8.4551E+04
   4.104208     8.1309E+04
   4.156313     7.7766E+04
   4.208417     7.4033E+04
   4.260521     7.0199E+04
   4.312625     6.6333E+04
   4.364729     6.2489E+04
   4.416834     5.8711E+04
   4.468938     5.5029E+04
   4.521042     5.1468E+04
   4.573146     4.8044E+04
   4.625251     4.4769E+04
   4.677355     4.1651E+04
   4.729459     3.8692E+04
   4.781563     3.5895E+04
   4.833667     3.3257E+04
   4.885772     3.0777E+04
   4.937876     2.8450E+04
   4.989980     2.6271E+04
   5.042084     2.4235E+04
   5.094188     2.2335E+04
   5.146293     2.0565E+04
   5.198397     1.8918E+04
   5.250501     1.7389E+04
   5.302605     1.5969E+04
   5.354709     1.4653E+04
   5.406814     1.3435E+04
   5.458918     1.2308E+04
   5.511022     1.1266E+04
   5.563126     1.0305E+04
   5.615230     9.4174E+03
   5.667335     8.5994E+03
   5.719439     7.8459E+03
   5.771543     7.1524E+03
   5.823647     6.5145E+03
   5.875752     5.9281E+03
   5.927856     5.3896E+03
   5.979960     4.8953E+03
   6.032064     4.4418E+03
   6.084168     4.0262E+03
   6.136273     3.6454E+03
   6.188377     3.2969E+03
   6.240481     2.9780E+03
   6.292585     2.6864E+03
   6.344689     2.4201E+03
   6.396794     2.1769E+03
   6.448898     1.9551E+03
   6.501002     1.7528E+03
   6.553106     1.5685E+03
   6.605210     1.4008E+03
   6.657315     1.2482E+03
   6.709419     1.1095E+03
   6.761523     9.8351E+02
   6.813627     8.6923E+02
   6.865731     7.6563E+02
   6.917836     6.7181E+02
   6.969940     5.8692E+02
   7.022044     5.1021E+02
   7.074148     4.4097E+02
   7.126253     3.7853E+02
   7.178357     3.2231E+02
   7.230461     2.7176E+02
   7.282565     2.2636E+02
   7.334669     1.8568E+02
   7.386774     1.4926E+02
   7.438878     1.1674E+02
   7.490982     8.7754E+01
   7.543086     6.1975E+01
   7.595190     3.9107E+01
   7.647295     1.8878E+01
   7.699399     1.0373E+00
   7.751503    -1.4641E+01
   7.803607    -2.8365E+01
   7.855711    -4.0325E+01
   7.907816    -5.0693E+01
   7.959920    -5.9627E+01
   8.012024    -6.7271E+01
   8.064128    -7.3757E+01
   8.116232    -7.9202E+01
   8.168337    -8.3715E+01
   8.220441    -8.7396E+01
   8.272545    -9.0332E+01
   8.324649    -9.2606E+01
   8.376754    -9.4291E+01
   8.428858    -9.5453E+01
   8.480962    -9.6154E+01
   8.533066    -9.6447E+01
   8.585170    -9.6383E+01
   8.637275    -9.6005E+01
   8.689379    -9.5354E+01
   8.741483    -9.4466E+01
   8.793587    -9.3375E+01
   8.845691    -9.2108E+01
   8.897796    -9.0693E+01
   8.949900    -8.9153E+01
   9.002004    -8.7509E+01
   9.054108    -8.5779E+01
   9.106212    -8.3982E+01
   9.158317    -8.2132E+01
   9.210421    -8.0241E+01
   9.262525    -7.8323E+01
   9.314629    -7.6386E+01
   9.366733    -7.4441E+01
   9.418838    -7.2495E+01
   9.470942    -7.0556E+01
   9.523046    -6.8629E+01
   9.575150    -6.6720E+01
   9.627255    -6.4833E+01
   9.679359    -6.2972E+01
   9.731463    -6.1141E+01
   9.783567    -5.9342E+01
   9.835671    -5.7578E+01
   9.887776    -5.5850E+01
   9.939880    -5.4161E+01
   9.991984    -5.2510E+01
  10.044088    -5.0899E+01
  10.096192    -4.9329E+01
  10.148297    -4.7800E+01
  10.200401    -4.6311E+01
  10.252505    -4.4864E+01
  10.304609    -4.3458E+01
  10.356713    -4.2093E+01
  10.408818    -4.0768E+01
  10.460922    -3.9483E+01
  10.513026    -3.8236E+01
  10.565130    -3.7029E+01
  10.617234    -3.5859E+01
  10.669339    -3.4726E+01
  10.721443    -3.3629E+01
  10.773547    -3.2567E+01
  10.825651    -3.1541E+01
  10.877756    -3.0547E+01
  10.929860    -2.9586E+01
  10.981964    -2.8658E+01
  11.034068    -2.7760E+01
  11.086172    -2.6892E+01
  11.138277    -2.6053E+01
  11.190381    -2.5242E+01
  11.242485    -2.4459E+01
  11.294589    -2.3702E+01
  11.346693    -2.2970E+01
  11.398798    -2.2264E+01
  11.450902    -2.1581E+01
  11.503006    -2.0922E+01
  11.555110    -2.0284E+01
  11.607214    -1.9669E+01
  11.659319    -1.9074E+01
  11.711423    -1.8500E+01
  11.763527    -1.7945E+01
  11.815631    -1.7408E+01
  11.867735    -1.6890E+01
  11.919840    -1.6390E+01
  11.971944    -1.5906E+01
  12.024048    -1.5438E+01
  12.076152    -1.4986E+01
  12.128257    -1.4549E+01
  12.180361    -1.4127E+01
  12.232465    -1.3718E+01
  12.284569    -1.3324E+01
  12.336673    -1.2942E+01
  12.388778    -1.2573E+01
  12.440882    -1.2216E+01
  12.492986    -1.1870E+01
  12.545090    -1.1536E+01
  12.597194    -1.1213E+01
  12.649299    -1.0900E+01
  12.701403    -1.0598E+01
  12.753507    -1.0305E+01
  12.805611    -1.0021E+01
  12.857715    -9.7467E+00
  12.909820    -9.4810E+00
  12.961924    -9.2236E+00
  13.014028    -8.9744E+00
  13.066132    -8.7330E+00
  13.118236    -8.4992E+00
  13.170341    -8.2727E+00
  13.222445    -8.0532E+00
  13.274549    -7.8405E+00
  13.326653    -7.6344E+00
  13.378758    -7.4346E+00
  13.430862    -7.2408E+00
  13.482966    -7.0530E+00
  13.535070    -6.8709E+00
  13.587174    -6.6943E+00
  13.639279    -6.5229E+00
  13.691383    -6.3567E+00
  13.743487    -6.1955E+00
  13.795591    -6.0390E+00
  13.847695    -5.8872E+00
  13.899800    -5.7398E+00
  13.951904    -5.5968E+00
  14.004008    -5.4579E+00
  14.056112    -5.3231E+00
  14.108216    -5.1922E+00
  14.160321    -5.0650E+00
  14.212425    -4.9415E+00
  14.264529    -4.8216E+00
  14.316633    -4.7050E+00
  14.368737    -4.5918E+00
  14.420842    -4.4817E+00
  14.472946    -4.3748E+00
  14.525050    -4.2708E+00
  14.577154    -4.1698E+00
  14.629259    -4.0715E+00
  14.681363    -3.9760E+00
  14.733467    -3.8831E+00
  14.785571    -3.7928E+00
  14.837675    -3.7049E+00
  14.889780    -3.6195E+00
  14.941884    -3.5363E+00
  14.993988    -3.4554E+00
  15.046092    -3.3767E+00
  15.098196    -3.3001E+00
  15.150301    -3.2255E+00
  15.202405    -3.1529E+00
  15.254509    -3.0823E+00
  15.306613    -3.0135E+00
  15.358717    -2.9465E+00
  15.410822    -2.8813E+00
  15.462926    -2.8177E+00
  15.515030    -2.7559E+00
  15.567134    -2.6956E+00
  15.619238    -2.6369E+00
  15.671343    -2.5797E+00
  15.723447    -2.5239E+00
  15.775551    -2.4696E+00
  15.827655    -2.4167E+00
  15.879760    -2.3651E+00
  15.931864    -2.3148E+00
  15.983968    -2.2657E+00
  16.036072    -2.2179E+00
  16.088176    -2.1713E+00
  16.140281    -2.1259E+00
  16.192385    -2.0815E+00
  16.244489    -2.0383E+00
  16.296593    -1.9961E+00
  16.348697    -1.9550E+00
  16.400802    -1.9149E+00
  16.452906    -1.8757E+00
  16.505010    -1.8375E+00
  16.557114    -1.8002E+00
  16.609218    -1.7638E+00
  16.661323    -1.7283E+00
  16.713427    -1.6936E+00
  16.765531    -1.6598E+00
  16.817635    -1.6267E+00
  16.869739    -1.5944E+00
  16.921844    -1.5629E+00
  16.973948    -1.5322E+00
  17.026052    -1.5021E+00
  17.078156    -1.4727E+00
  17.130261    -1.4441E+00
  17.182365    -1.4161E+00
  17.234469    -1.3887E+00
  17.286573    -1.3620E+00
  17.338677    -1.3358E+00
  17.390782    -1.3103E+00
  17.442886    -1.2853E+00
  17.494990    -1.2609E+00
  17.547094    -1.2371E+00
  17.599198    -1.2138E+00
  17.651303    -1.1910E+00
  17.703407    -1.1687E+00
  17.755511    -1.1469E+00
  17.807615    -1.1256E+00
  17.859719    -1.1048E+00
  17.911824    -1.0844E+00
  17.963928    -1.0645E+00
  18.016032    -1.0450E+00
  18.068136    -1.0259E+00
  18.120240    -1.0072E+00
  18.172345    -9.8898E-01
  18.224449    -9.7112E-01
  18.276553    -9.5363E-01
  18.328657    -9.3652E-01
  18.380762    -9.1977E-01
  18.432866    -9.0338E-01
  18.484970    -8.8734E-01
  18.537074    -8.7163E-01
  18.589178    -8.5625E-01
  18.641283    -8.4120E-01
  18.693387    -8.2645E-01
  18.745491    -8.1202E-01
  18.797595    -7.9788E-01
  18.849699    -7.8403E-01
  18.901804    -7.7047E-01
  18.953908    -7.5718E-01
  19.006012    -7.4417E-01
  19.058116    -7.3142E-01
  19.110220    -7.1893E-01
  19.162325    -7.0669E-01
  19.214429    -6.9470E-01
  19.266533    -6.8295E-01
  19.318637    -6.7144E-01
  19.370741    -6.6015E-01
  19.422846    -6.4909E-01
  19.474950    -6.3824E-01
  19.527054    -6.2761E-01
  19.579158    -6.1720E-01
  19.631263    -6.0698E-01
  19.683367    -5.9696E-01
  19.735471    -5.8714E-01
  19.787575    -5.7751E-01
  19.839679    -5.6807E-01
  19.891784    -5.5881E-01
  19.943888    -5.4973E-01
  19.995992    -5.4082E-01
  20.048096    -5.3208E-01
  20.100200    -5.2350E-01
  20.152305    -5.1510E-01
  20.204409    -5.0684E-01
  20.256513    -4.9875E-01
  20.308617    -4.9081E-01
  20.360721    -4.8301E-01
  20.412826    -4.7537E-01
  20.464930    -4.6786E-01
  20.517034    -4.6050E-01
  20.569138    -4.5327E-01
  20.621242    -4.4617E-01
  20.673347    -4.3921E-01
  20.725451    -4.3237E-01
  20.777555    -4.2566E-01
  20.829659    -4.1907E-01
  20.881764    -4.1260E-01
  20.933868    -4.0624E-01
  20.985972    -4.0001E-01
  21.038076    -3.9388E-01
  21.090180    -3.8787E-01
  21.142285    -3.8196E-01
  21.194389    -3.7616E-01
  21.246493    -3.7046E-01
  21.298597    -3.6486E-01
  21.350701    -3.5937E-01
  21.402806    -3.5397E-01
  21.454910    -3.4866E-01
  21.507014    -3.4345E-01
  21.559118    -3.3833E-01
  21.611222    -3.3330E-01
  21.663327    -3.2835E-01
  21.715431    -3.2349E-01
  21.767535    -3.1872E-01
  21.819639    -3.1403E-01
  21.871743    -3.0942E-01
  21.923848    -3.0489E-01
  21.975952    -3.0043E-01
  22.028056    -2.9606E-01
  22.080160    -2.9175E-01
  22.132265    -2.8752E-01
  22.184369    -2.8337E-01
  22.236473    -2.7928E-01
  22.288577    -2.7526E-01
  22.340681    -2.7131E-01
  22.392786    -2.6742E-01
  22.444890    -2.6360E-01
  22.496994    -2.5985E-01
  22.549098    -2.5615E-01
  22.601202    -2.5252E-01
  22.653307    -2.4895E-01
  22.705411    -2.4544E-01
  22.757515    -2.4198E-01
  22.809619    -2.3858E-01
  22.861723    -2.3524E-01
  22.913828    -2.3195E-01
  22.965932    -2.2872E-01
  23.018036    -2.2553E-01
  23.070140    -2.2240E-01
  23.122244    -2.1932E-01
  23.174349    -2.1629E-01
  23.226453    -2.1331E-01
  23.278557    -2.1038E-01
  23.330661    -2.0749E-01
  23.382766    -2.0465E-01
  23.434870    -2.0186E-01
  23.486974    -1.9911E-01
  23.539078    -1.9640E-01
  23.591182    -1.9374E-01
  23.643287    -1.9112E-01
  23.695391    -1.8853E-01
  23.747495    -1.8599E-01
  23.799599    -1.8349E-01
  23.851703    -1.8103E-01
  23.903808    -1.7861E-01
  23.955912    -1.7623E-01
  24.008016    -1.7388E-01
  24.060120    -1.7157E-01
  24.112224    -1.6929E-01
  24.164329    -1.6705E-01
  24.216433    -1.6484E-01
  24.268537    -1.6267E-01
  24.320641    -1.6053E-01
  24.372745    -1.5843E-01
  24.424850    -1.5635E-01
  24.476954    -1.5431E-01
  24.529058    -1.5230E-01
  24.581162    -1.5032E-01
  24.633267    -1.4837E-01
  24.685371    -1.4644E-01
  24.737475    -1.4455E-01
  24.789579    -1.4269E-01
  24.841683    -1.4085E-01
  24.893788    -1.3904E-01
  24.945892    -1.3726E-01
  24.997996    -1.3550E-01
  25.050100    -1.3378E-01
  25.102204    -1.3207E-01
  25.154309    -1.3039E-01
  25.206413    -1.2874E-01
  25.258517    -1.2711E-01
  25.310621    -1.2550E-01
  25.362725    -1.2392E-01
  25.414830    -1.2236E-01
  25.466934    -1.2083E-01
  25.519038    -1.1931E-01
  25.571142    -1.1782E-01
  25.623246    -1.1635E-01
  25.675351    -1.1490E-01
  25.727455    -1.1348E-01
  25.779559    -1.1207E-01
  25.831663    -1.1068E-01
  25.883768    -1.0931E-01
  25.935872    -1.0797E-01
  25.987976    -1.0664E-01
  26.040080    -1.0533E-01
  26.092184    -1.0404E-01
  26.144289    -1.0277E-01
  26.196393    -1.0151E-01
  26.248497    -1.0028E-01
  26.300601    -9.9058E-02
  26.352705    -9.7856E-02
  26.404810    -9.6672E-02
  26.456914    -9.5503E-02
  26.509018    -9.4352E-02
  26.561122    -9.3216E-02
  26.613226    -9.2096E-02
  26.665331    -9.0992E-02
  26.717435    -8.9903E-02
  26.769539    -8.8829E-02
  26.821643    -8.7770E-02
  26.873747    -8.6726E-02
  26.925852    -8.5696E-02
  26.977956    -8.4680E-02
  27.030060    -8.3679E-02
  27.082164    -8.2691E-02
  27.134269    -8.1716E-02
  27.186373    -8.0755E-02
  27.238477    -7.9807E-02
  27.290581    -7.8872E-02
  27.342685    -7.7950E-02
  27.394790    -7.7040E-02
  27.446894    -7.6142E-02
  27.498998    -7.5257E-02
  27.551102    -7.4383E-02
  27.603206    -7.3521E-02
  27.655311    -7.2671E-02
  27.707415    -7.1832E-02
  27.759519    -7.1005E-02
  27.811623    -7.0188E-02
  27.863727    -6.9382E-02
  27.915832    -6.8587E-02
  27.967936    -6.7803E-02
  28.020040    -6.7029E-02
  28.072144    -6.6265E-02
  28.124248    -6.5512E-02
  28.176353    -6.4768E-02
  28.228457    -6.4034E-02
  28.280561    -6.3310E-02
  28.332665    -6.2595E-02
  28.384770    -6.1889E-02
  28.436874    -6.1193E-02
  28.488978    -6.0506E-02
  28.541082    -5.9828E-02
  28.593186    -5.9158E-02
  28.645291    -5.8497E-02
  28.697395    -5.7845E-02
  28.749499    -5.7201E-02
  28.801603    -5.6566E-02
  28.853707    -5.5939E-02
  28.905812    -5.5319E-02
  28.957916    -5.4708E-02
  29.010020    -5.4105E-02
  29.062124    -5.3509E-02
  29.114228    -5.2921E-02
  29.166333    -5.2340E-02
  29.218437    -5.1767E-02
  29.270541    -5.1201E-02
  29.322645    -5.0642E-02
  29.374749    -5.0090E-02
  29.426854    -4.9546E-02
  29.478958    -4.9008E-02
  29.531062    -4.8477E-02
  29.583166    -4.7952E-02
  29.635271    -4.7434E-02
  29.687375    -4.6923E-02
  29.739479    -4.6418E-02
  29.791583    -4.5919E-02
  29.843687    -4.5426E-02
  29.895792    -4.4940E-02
  29.947896    -4.4460E-02
  30.000000    -4.3985E-02
  17.67535070
   4.000000     8.1779E+04
   4.052104     7.8977E+04
   4.104208     7.5805E+04
   4.156313     7.2386E+04
   4.208417     6.8819E+04
   4.260521     6.5181E+04
   4.312625     6.1533E+04
   4.364729     5.7921E+04
   4.416834     5.4383E+04
   4.468938     5.0944E+04
   4.521042     4.7626E+04
   4.573146     4.4442E+04
   4.625251     4.1401E+04
   4.677355     3.8509E+04
   4.729459     3.5769E+04
   4.781563     3.3180E+04
   4.833667     3.0740E+04
   4.885772     2.8448E+04
   4.937876     2.6298E+04
   4.989980     2.4285E+04
   5.042084     2.2405E+04
   5.094188     2.0651E+04
   5.146293     1.9017E+04
   5.198397     1.7497E+04
   5.250501     1.6085E+04
   5.302605     1.4774E+04
   5.354709     1.3559E+04
   5.406814     1.2434E+04
   5.458918     1.1393E+04
   5.511022     1.0430E+04
   5.563126     9.5410E+03
   5.615230     8.7206E+03
   5.667335     7.9641E+03
   5.719439     7.2669E+03
   5.771543     6.6250E+03
   5.823647     6.0343E+03
   5.875752     5.4913E+03
   5.927856     4.9922E+03
   5.979960     4.5340E+03
   6.032064     4.1136E+03
   6.084168     3.7280E+03
   6.136273     3.3747E+03
   6.188377     3.0511E+03
   6.240481     2.7550E+03
   6.292585     2.4843E+03
   6.344689     2.2368E+03
   6.396794     2.0108E+03
   6.448898     1.8046E+03
   6.501002     1.6165E+03
   6.553106     1.4452E+03
   6.605210     1.2891E+03
   6.657315     1.1472E+03
   6.709419     1.0182E+03
   6.761523     9.0102E+02
   6.813627     7.9472E+02
   6.865731     6.9837E+02
   6.917836     6.1112E+02
   6.969940     5.3220E+02
   7.022044     4.6090E+02
   7.074148     3.9656E+02
   7.126253     3.3857E+02
   7.178357     2.8638E+02
   7.230461     2.3949E+02
   7.282565     1.9741E+02
   7.334669     1.5973E+02
   7.386774     1.2604E+02
   7.438878     9.5984E+01
   7.490982     6.9231E+01
   7.543086     4.5476E+01
   7.595190     2.4440E+01
   7.647295     5.8689E+00
   7.699399    -1.0470E+01
   7.751503    -2.4791E+01
   7.803607    -3.7287E+01
   7.855711    -4.8137E+01
   7.907816    -5.7503E+01
   7.959920    -6.5532E+01
   8.012024    -7.2359E+01
   8.064128    -7.8108E+01
   8.116232    -8.2890E+01
   8.168337    -8.6806E+01
   8.220441    -8.9949E+01
   8.272545    -9.2403E+01
   8.324649    -9.4244E+01
   8.376754    -9.5541E+01
   8.428858    -9.6357E+01
   8.480962    -9.6748E+01
   8.533066    -9.6766E+01
   8.585170    -9.6457E+01
   8.637275    -9.5863E+01
   8.689379    -9.5021E+01
   8.741483    -9.3965E+01
   8.793587    -9.2726E+01
   8.845691    -9.1332E+01
   8.897796    -8.9805E+01
   8.949900    -8.8170E+01
   9.002004    -8.6445E+01
   9.054108    -8.4647E+01
   9.106212    -8.2793E+01
   9.158317    -8.0896E+01
   9.210421    -7.8969E+01
   9.262525    -7.7022E+01
   9.314629    -7.5064E+01
   9.366733    -7.3105E+01
   9.418838    -7.1152E+01
   9.470942    -6.9210E+01
   9.523046    -6.7285E+01
   9.575150    -6.5383E+01
   9.627255    -6.3507E+01
   9.679359    -6.1660E+01
   9.731463    -5.9846E+01
   9.783567    -5.8067E+01
   9.835671    -5.6325E+01
   9.887776    -5.4620E+01
   9.939880    -5.2956E+01
   9.991984    -5.1332E+01
  10.044088    -4.9749E+01
  10.096192    -4.8208E+01
  10.148297    -4.6708E+01
  10.200401    -4.5250E+01
  10.252505    -4.3833E+01
  10.304609    -4.2458E+01
  10.356713    -4.1123E+01
  10.408818    -3.9829E+01
  10.460922    -3.8574E+01
  10.513026    -3.7358E+01
  10.565130    -3.6180E+01
  10.617234    -3.5040E+01
  10.669339    -3.3936E+01
  10.721443    -3.2868E+01
  10.773547    -3.1835E+01
  10.825651    -3.0836E+01
  10.877756    -2.9869E+01
  10.929860    -2.8935E+01
  10.981964    -2.8032E+01
  11.034068    -2.7159E+01
  11.086172    -2.6315E+01
  11.138277    -2.5500E+01
  11.190381    -2.4712E+01
  11.242485    -2.3950E+01
  11.294589    -2.3215E+01
  11.346693    -2.2504E+01
  11.398798    -2.1817E+01
  11.450902    -2.1154E+01
  11.503006    -2.0513E+01
  11.555110    -1.9894E+01
  11.607214    -1.9295E+01
  11.659319    -1.8717E+01
  11.711423    -1.8158E+01
  11.763527    -1.7618E+01
  11.815631    -1.7096E+01
  11.867735    -1.6592E+01
  11.919840    -1.6104E+01
  11.971944    -1.5633E+01
  12.024048    -1.5177E+01
  12.076152    -1.4736E+01
  12.128257    -1.4310E+01
  12.180361    -1.3898E+01
  12.232465    -1.3500E+01
  12.284569    -1.3115E+01
  12.336673    -1.2742E+01
  12.388778    -1.2381E+01
  12.440882    -1.2032E+01
  12.492986    -1.1694E+01
  12.545090    -1.1368E+01
  12.597194    -1.1051E+01
  12.649299    -1.0745E+01
  12.701403    -1.0448E+01
  12.753507    -1.0161E+01
  12.805611    -9.8833E+00
  12.857715    -9.6140E+00
  12.909820    -9.3532E+00
  12.961924    -9.1005E+00
  13.014028    -8.8556E+00
  13.066132    -8.6184E+00
  13.118236    -8.3885E+00
  13.170341    -8.1656E+00
  13.222445    -7.9496E+00
  13.274549    -7.7402E+00
  13.326653    -7.5372E+00
  13.378758    -7.3403E+00
  13.430862    -7.1493E+00
  13.482966    -6.9641E+00
  13.535070    -6.7844E+00
  13.587174    -6.6101E+00
  13.639279    -6.4409E+00
  13.691383    -6.2768E+00
  13.743487    -6.1175E+00
  13.795591    -5.9629E+00
  13.847695    -5.8128E+00
  13.899800    -5.6671E+00
  13.951904    -5.5257E+00
  14.004008    -5.3883E+00
  14.056112    -5.2549E+00
  14.108216    -5.1253E+00
  14.160321    -4.9994E+00
  14.212425    -4.8772E+00
  14.264529    -4.7584E+00
  14.316633    -4.6429E+00
  14.368737    -4.5308E+00
  14.420842    -4.4217E+00
  14.472946    -4.3158E+00
  14.525050    -4.2128E+00
  14.577154    -4.1127E+00
  14.629259    -4.0153E+00
  14.681363    -3.9207E+00
  14.733467    -3.8286E+00
  14.785571    -3.7391E+00
  14.837675    -3.6520E+00
  14.889780    -3.5673E+00
  14.941884    -3.4849E+00
  14.993988    -3.4047E+00
  15.046092    -3.3267E+00
  15.098196    -3.2508E+00
  15.150301    -3.1770E+00
  15.202405    -3.1051E+00
  15.254509    -3.0351E+00
  15.306613    -2.9670E+00
  15.358717    -2.9007E+00
  15.410822    -2.8361E+00
  15.462926    -2.7732E+00
  15.515030    -2.7120E+00
  15.567134    -2.6524E+00
  15.619238    -2.5943E+00
  15.671343    -2.5377E+00
  15.723447    -2.4826E+00
  15.775551    -2.4289E+00
  15.827655    -2.3766E+00
  15.879760    -2.3256E+00
  15.931864    -2.2759E+00
  15.983968    -2.2275E+00
  16.036072    -2.1803E+00
  16.088176    -2.1343E+00
  16.140281    -2.0894E+00
  16.192385    -2.0457E+00
  16.244489    -2.0030E+00
  16.296593    -1.9614E+00
  16.348697    -1.9209E+00
  16.400802    -1.8813E+00
  16.452906    -1.8428E+00
  16.505010    -1.8051E+00
  16.557114    -1.7684E+00
  16.609218    -1.7326E+00
  16.661323    -1.6976E+00
  16.713427    -1.6635E+00
  16.765531    -1.6302E+00
  16.817635    -1.5977E+00
  16.869739    -1.5660E+00
  16.921844    -1.5350E+00
  16.973948    -1.5048E+00
  17.026052    -1.4753E+00
  17.078156    -1.4464E+00
  17.130261    -1.4183E+00
  17.182365    -1.3908E+00
  17.234469    -1.3640E+00
  17.286573    -1.3377E+00
  17.338677    -1.3121E+00
  17.390782    -1.2871E+00
  17.442886    -1.2626E+00
  17.494990    -1.2387E+00
  17.547094    -1.2153E+00
  17.599198    -1.1925E+00
  17.651303    -1.1702E+00
  17.703407    -1.1484E+00
  17.755511    -1.1270E+00
  17.807615    -1.1062E+00
  17.859719    -1.0858E+00
  17.911824    -1.0659E+00
  17.963928    -1.0464E+00
  18.016032    -1.0273E+00
  18.068136    -1.0086E+00
  18.120240    -9.9040E-01
  18.172345    -9.7255E-01
  18.224449    -9.5508E-01
  18.276553    -9.3799E-01
  18.328657    -9.2127E-01
  18.380762    -9.0491E-01
  18.432866    -8.8889E-01
  18.484970    -8.7322E-01
  18.537074    -8.5787E-01
  18.589178    -8.4285E-01
  18.641283    -8.2814E-01
  18.693387    -8.1374E-01
  18.745491    -7.9964E-01
  18.797595    -7.8583E-01
  18.849699    -7.7231E-01
  18.901804    -7.5906E-01
  18.953908    -7.4609E-01
  19.006012    -7.3338E-01
  19.058116    -7.2093E-01
  19.110220    -7.0873E-01
  19.162325    -6.9677E-01
  19.214429    -6.8506E-01
  19.266533    -6.7358E-01
  19.318637    -6.6234E-01
  19.370741    -6.5131E-01
  19.422846    -6.4050E-01
  19.474950    -6.2991E-01
  19.527054    -6.1952E-01
  19.579158    -6.0934E-01
  19.631263    -5.9936E-01
  19.683367    -5.8957E-01
  19.735471    -5.7997E-01
  19.787575    -5.7056E-01
  19.839679    -5.6132E-01
  19.891784    -5.5227E-01
  19.943888    -5.4338E-01
  19.995992    -5.3467E-01
  20.048096    -5.2612E-01
  20.100200    -5.1773E-01
  20.152305    -5.0950E-01
  20.204409    -5.0143E-01
  20.256513    -4.9350E-01
  20.308617    -4.8573E-01
  20.360721    -4.7809E-01
  20.412826    -4.7060E-01
  20.464930    -4.6325E-01
  20.517034    -4.5603E-01
  20.569138    -4.4895E-01
  20.621242    -4.4199E-01
  20.673347    -4.3516E-01
  20.725451    -4.2846E-01
  20.777555    -4.2187E-01
  20.829659    -4.1541E-01
  20.881764    -4.0906E-01
  20.933868    -4.0282E-01
  20.985972    -3.9670E-01
  21.038076    -3.9068E-01
  21.090180    -3.8477E-01
  21.142285    -3.7897E-01
  21.194389    -3.7327E-01
  21.246493    -3.6767E-01
  21.298597    -3.6216E-01
  21.350701    -3.5676E-01
  21.402806    -3.5144E-01
  21.454910    -3.4622E-01
  21.507014    -3.4109E-01
  21.559118    -3.3605E-01
  21.611222    -3.3109E-01
  21.663327    -3.2622E-01
  21.715431    -3.2144E-01
  21.767535    -3.1673E-01
  21.819639    -3.1211E-01
  21.871743    -3.0756E-01
  21.923848    -3.0309E-01
  21.975952    -2.9870E-01
  22.028056    -2.9438E-01
  22.080160    -2.9013E-01
  22.132265    -2.8595E-01
  22.184369    -2.8184E-01
  22.236473    -2.7780E-01
  22.288577    -2.7383E-01
  22.340681    -2.6993E-01
  22.392786    -2.6608E-01
  22.444890    -2.6231E-01
  22.496994    -2.5859E-01
  22.549098    -2.5493E-01
  22.601202    -2.5134E-01
  22.653307    -2.4780E-01
  22.705411    -2.4432E-01
  22.757515    -2.4090E-01
  22.809619    -2.3753E-01
  22.861723    -2.3421E-01
  22.913828    -2.3095E-01
  22.965932    -2.2775E-01
  23.018036    -2.2459E-01
  23.070140    -2.2148E-01
  23.122244    -2.1842E-01
  23.174349    -2.1542E-01
  23.226453    -2.1246E-01
  23.278557    -2.0954E-01
  23.330661    -2.0667E-01
  23.382766    -2.0385E-01
  23.434870    -2.0107E-01
  23.486974    -1.9834E-01
  23.539078    -1.9564E-01
  23.591182    -1.9299E-01
  23.643287    -1.9039E-01
  23.695391    -1.8782E-01
  23.747495    -1.8529E-01
  23.799599    -1.8280E-01
  23.851703    -1.8035E-01
  23.903808    -1.7793E-01
  23.955912    -1.7556E-01
  24.008016    -1.7322E-01
  24.060120    -1.7091E-01
  24.112224    -1.6864E-01
  24.164329    -1.6641E-01
  24.216433    -1.6421E-01
  24.268537    -1.6204E-01
  24.320641    -1.5991E-01
  24.372745    -1.5780E-01
  24.424850    -1.5573E-01
  24.476954    -1.5369E-01
  24.529058    -1.5168E-01
  24.581162    -1.4970E-01
  24.633267    -1.4776E-01
  24.685371    -1.4584E-01
  24.737475    -1.4394E-01
  24.789579    -1.4208E-01
  24.841683    -1.4024E-01
  24.893788    -1.3843E-01
  24.945892    -1.3665E-01
  24.997996    -1.3490E-01
  25.050100    -1.3317E-01
  25.102204    -1.3146E-01
  25.154309    -1.2978E-01
  25.206413    -1.2813E-01
  25.258517    -1.2649E-01
  25.310621    -1.2489E-01
  25.362725    -1.2330E-01
  25.414830    -1.2174E-01
  25.466934    -1.2020E-01
  25.519038    -1.1869E-01
  25.571142    -1.1719E-01
  25.623246    -1.1572E-01
  25.675351    -1.1427E-01
  25.727455    -1.1284E-01
  25.779559    -1.1142E-01
  25.831663    -1.1003E-01
  25.883768    -1.0866E-01
  25.935872    -1.0731E-01
  25.987976    -1.0598E-01
  26.040080    -1.0467E-01
  26.092184    -1.0337E-01
  26.144289    -1.0210E-01
  26.196393    -1.0084E-01
  26.248497    -9.9597E-02
  26.300601    -9.8374E-02
  26.352705    -9.7168E-02
  26.404810    -9.5979E-02
  26.456914    -9.4806E-02
  26.509018    -9.3650E-02
  26.561122    -9.2510E-02
  26.613226    -9.1386E-02
  26.665331    -9.0277E-02
  26.717435    -8.9184E-02
  26.769539    -8.8105E-02
  26.821643    -8.7042E-02
  26.873747    -8.5993E-02
  26.925852    -8.4959E-02
  26.977956    -8.3939E-02
  27.030060    -8.2933E-02
  27.082164    -8.1940E-02
  27.134269    -8.0961E-02
  27.186373    -7.9996E-02
  27.238477    -7.9044E-02
  27.290581    -7.8104E-02
  27.342685    -7.7177E-02
  27.394790    -7.6263E-02
  27.446894    -7.5361E-02
  27.498998    -7.4472E-02
  27.551102    -7.3594E-02
  27.603206    -7.2728E-02
  27.655311    -7.1874E-02
  27.707415    -7.1031E-02
  27.759519    -7.0200E-02
  27.811623    -6.9379E-02
  27.863727    -6.8570E-02
  27.915832    -6.7771E-02
  27.967936    -6.6983E-02
  28.020040    -6.6205E-02
  28.072144    -6.5438E-02
  28.124248    -6.4681E-02
  28.176353    -6.3934E-02
  28.228457    -6.3196E-02
  28.280561    -6.2469E-02
  28.332665    -6.1751E-02
  28.384770    -6.1042E-02
  28.436874    -6.0342E-02
  28.488978    -5.9652E-02
  28.541082    -5.8971E-02
  28.593186    -5.8298E-02
  28.645291    -5.7635E-02
  28.697395    -5.6980E-02
  28.749499    -5.6333E-02
  28.801603    -5.5695E-02
  28.853707    -5.5065E-02
  28.905812    -5.4443E-02
  28.957916    -5.3830E-02
  29.010020    -5.3224E-02
  29.062124    -5.2626E-02
  29.114228    -5.2035E-02
  29.166333    -5.1452E-02
  29.218437    -5.0877E-02
  29.270541    -5.0309E-02
  29.322645    -4.9748E-02
  29.374749    -4.9194E-02
  29.426854    -4.8647E-02
  29.478958    -4.8108E-02
  29.531062    -4.7575E-02
  29.583166    -4.7049E-02
  29.635271    -4.6529E-02
  29.687375    -4.6016E-02
  29.739479    -4.5509E-02
  29.791583    -4.5009E-02
  29.843687    -4.4515E-02
  29.895792    -4.4028E-02
  29.947896    -4.3546E-02
  30.000000    -4.3070E-02
  21.28256513
   4.000000     7.6716E+04
   4.052104     7.3756E+04
   4.104208     7.0528E+04
   4.156313     6.7134E+04
   4.208417     6.3654E+04
   4.260521     6.0151E+04
   4.312625     5.6673E+04
   4.364729     5.3258E+04
   4.416834     4.9933E+04
   4.468938     4.6718E+04
   4.521042     4.3630E+04
   4.573146     4.0677E+04
   4.625251     3.7865E+04
   4.677355     3.5198E+04
   4.729459     3.2676E+04
   4.781563     3.0298E+04
   4.833667     2.8060E+04
   4.885772     2.5960E+04
   4.937876     2.3993E+04
   4.989980     2.2153E+04
   5.042084     2.0436E+04
   5.094188     1.8834E+04
   5.146293     1.7343E+04
   5.198397     1.5957E+04
   5.250501     1.4669E+04
   5.302605     1.3473E+04
   5.354709     1.2366E+04
   5.406814     1.1340E+04
   5.458918     1.0390E+04
   5.511022     9.5126E+03
   5.563126     8.7019E+03
   5.615230     7.9536E+03
   5.667335     7.2634E+03
   5.719439     6.6273E+03
   5.771543     6.0414E+03
   5.823647     5.5022E+03
   5.875752     5.0063E+03
   5.927856     4.5505E+03
   5.979960     4.1318E+03
   6.032064     3.7475E+03
   6.084168     3.3951E+03
   6.136273     3.0720E+03
   6.188377     2.7761E+03
   6.240481     2.5052E+03
   6.292585     2.2574E+03
   6.344689     2.0309E+03
   6.396794     1.8241E+03
   6.448898     1.6353E+03
   6.501002     1.4631E+03
   6.553106     1.3062E+03
   6.605210     1.1633E+03
   6.657315     1.0333E+03
   6.709419     9.1520E+02
   6.761523     8.0793E+02
   6.813627     7.1063E+02
   6.865731     6.2245E+02
   6.917836     5.4262E+02
   6.969940     4.7045E+02
   7.022044     4.0528E+02
   7.074148     3.4650E+02
   7.126253     2.9356E+02
   7.178357     2.4595E+02
   7.230461     2.0321E+02
   7.282565     1.6490E+02
   7.334669     1.3063E+02
   7.386774     1.0003E+02
   7.438878     7.2778E+01
   7.490982     4.8563E+01
   7.543086     2.7106E+01
   7.595190     8.1495E+00
   7.647295    -8.5407E+00
   7.699399    -2.3180E+01
   7.751503    -3.5963E+01
   7.803607    -4.7072E+01
   7.855711    -5.6669E+01
   7.907816    -6.4905E+01
   7.959920    -7.1916E+01
   8.012024    -7.7826E+01
   8.064128    -8.2750E+01
   8.116232    -8.6790E+01
   8.168337    -9.0040E+01
   8.220441    -9.2586E+01
   8.272545    -9.4506E+01
   8.324649    -9.5869E+01
   8.376754    -9.6740E+01
   8.428858    -9.7176E+01
   8.480962    -9.7229E+01
   8.533066    -9.6948E+01
   8.585170    -9.6375E+01
   8.637275    -9.5547E+01
   8.689379    -9.4501E+01
   8.741483    -9.3266E+01
   8.793587    -9.1872E+01
   8.845691    -9.0343E+01
   8.897796    -8.8701E+01
   8.949900    -8.6968E+01
   9.002004    -8.5160E+01
   9.054108    -8.3294E+01
   9.106212    -8.1384E+01
   9.158317    -7.9442E+01
   9.210421    -7.7480E+01
   9.262525    -7.5508E+01
   9.314629    -7.3533E+01
   9.366733    -7.1563E+01
   9.418838    -6.9606E+01
   9.470942    -6.7666E+01
   9.523046    -6.5749E+01
   9.575150    -6.3858E+01
   9.627255    -6.1997E+01
   9.679359    -6.0169E+01
   9.731463    -5.8376E+01
   9.783567    -5.6621E+01
   9.835671    -5.4905E+01
   9.887776    -5.3230E+01
   9.939880    -5.1595E+01
   9.991984    -5.0002E+01
  10.044088    -4.8451E+01
  10.096192    -4.6942E+01
  10.148297    -4.5476E+01
  10.200401    -4.4052E+01
  10.252505    -4.2669E+01
  10.304609    -4.1328E+01
  10.356713    -4.0027E+01
  10.408818    -3.8767E+01
  10.460922    -3.7546E+01
  10.513026    -3.6363E+01
  10.565130    -3.5219E+01
  10.617234    -3.4111E+01
  10.669339    -3.3039E+01
  10.721443    -3.2002E+01
  10.773547    -3.1000E+01
  10.825651    -3.0031E+01
  10.877756    -2.9094E+01
  10.929860    -2.8188E+01
  10.981964    -2.7313E+01
  11.034068    -2.6467E+01
  11.086172    -2.5649E+01
  11.138277    -2.4859E+01
  11.190381    -2.4096E+01
  11.242485    -2.3359E+01
  11.294589    -2.2646E+01
  11.346693    -2.1958E+01
  11.398798    -2.1293E+01
  11.450902    -2.0650E+01
  11.503006    -2.0030E+01
  11.555110    -1.9430E+01
  11.607214    -1.8850E+01
  11.659319    -1.8289E+01
  11.711423    -1.7748E+01
  11.763527    -1.7224E+01
  11.815631    -1.6718E+01
  11.867735    -1.6229E+01
  11.919840    -1.5756E+01
  11.971944    -1.5299E+01
  12.024048    -1.4856E+01
  12.076152    -1.4428E+01
  12.128257    -1.4015E+01
  12.180361    -1.3614E+01
  12.232465    -1.3227E+01
  12.284569    -1.2852E+01
  12.336673    -1.2490E+01
  12.388778    -1.2139E+01
  12.440882    -1.1799E+01
  12.492986    -1.1470E+01
  12.545090    -1.1152E+01
  12.597194    -1.0844E+01
  12.649299    -1.0545E+01
  12.701403    -1.0256E+01
  12.753507    -9.9757E+00
  12.805611    -9.7043E+00
  12.857715    -9.4414E+00
  12.909820    -9.1865E+00
  12.961924    -8.9396E+00
  13.014028    -8.7002E+00
  13.066132    -8.4682E+00
  13.118236    -8.2432E+00
  13.170341    -8.0251E+00
  13.222445    -7.8135E+00
  13.274549    -7.6084E+00
  13.326653    -7.4094E+00
  13.378758    -7.2164E+00
  13.430862    -7.0291E+00
  13.482966    -6.8474E+00
  13.535070    -6.6710E+00
  13.587174    -6.4999E+00
  13.639279    -6.3338E+00
  13.691383    -6.1726E+00
  13.743487    -6.0161E+00
  13.795591    -5.8641E+00
  13.847695    -5.7166E+00
  13.899800    -5.5733E+00
  13.951904    -5.4341E+00
  14.004008    -5.2990E+00
  14.056112    -5.1677E+00
  14.108216    -5.0402E+00
  14.160321    -4.9163E+00
  14.212425    -4.7959E+00
  14.264529    -4.6789E+00
  14.316633    -4.5652E+00
  14.368737    -4.4547E+00
  14.420842    -4.3473E+00
  14.472946    -4.2429E+00
  14.525050    -4.1414E+00
  14.577154    -4.0427E+00
  14.629259    -3.9468E+00
  14.681363    -3.8535E+00
  14.733467    -3.7627E+00
  14.785571    -3.6745E+00
  14.837675    -3.5887E+00
  14.889780    -3.5052E+00
  14.941884    -3.4239E+00
  14.993988    -3.3449E+00
  15.046092    -3.2680E+00
  15.098196    -3.1932E+00
  15.150301    -3.1204E+00
  15.202405    -3.0496E+00
  15.254509    -2.9806E+00
  15.306613    -2.9135E+00
  15.358717    -2.8481E+00
  15.410822    -2.7845E+00
  15.462926    -2.7226E+00
  15.515030    -2.6622E+00
  15.567134    -2.6035E+00
  15.619238    -2.5463E+00
  15.671343    -2.4906E+00
  15.723447    -2.4363E+00
  15.775551    -2.3835E+00
  15.827655    -2.3320E+00
  15.879760    -2.2818E+00
  15.931864    -2.2329E+00
  15.983968    -2.1853E+00
  16.036072    -2.1388E+00
  16.088176    -2.0936E+00
  16.140281    -2.0495E+00
  16.192385    -2.0065E+00
  16.244489    -1.9646E+00
  16.296593    -1.9237E+00
  16.348697    -1.8839E+00
  16.400802    -1.8450E+00
  16.452906    -1.8071E+00
  16.505010    -1.7702E+00
  16.557114    -1.7341E+00
  16.609218    -1.6990E+00
  16.661323    -1.6646E+00
  16.713427    -1.6312E+00
  16.765531    -1.5985E+00
  16.817635    -1.5666E+00
  16.869739    -1.5355E+00
  16.921844    -1.5052E+00
  16.973948    -1.4756E+00
  17.026052    -1.4466E+00
  17.078156    -1.4184E+00
  17.130261    -1.3908E+00
  17.182365    -1.3639E+00
  17.234469    -1.3376E+00
  17.286573    -1.3119E+00
  17.338677    -1.2868E+00
  17.390782    -1.2623E+00
  17.442886    -1.2384E+00
  17.494990    -1.2150E+00
  17.547094    -1.1921E+00
  17.599198    -1.1698E+00
  17.651303    -1.1480E+00
  17.703407    -1.1266E+00
  17.755511    -1.1058E+00
  17.807615    -1.0854E+00
  17.859719    -1.0655E+00
  17.911824    -1.0460E+00
  17.963928    -1.0269E+00
  18.016032    -1.0083E+00
  18.068136    -9.9008E-01
  18.120240    -9.7226E-01
  18.172345    -9.5482E-01
  18.224449    -9.3776E-01
  18.276553    -9.2107E-01
  18.328657    -9.0474E-01
  18.380762    -8.8876E-01
  18.432866    -8.7312E-01
  18.484970    -8.5781E-01
  18.537074    -8.4283E-01
  18.589178    -8.2816E-01
  18.641283    -8.1380E-01
  18.693387    -7.9974E-01
  18.745491    -7.8597E-01
  18.797595    -7.7249E-01
  18.849699    -7.5929E-01
  18.901804    -7.4636E-01
  18.953908    -7.3369E-01
  19.006012    -7.2128E-01
  19.058116    -7.0913E-01
  19.110220    -6.9722E-01
  19.162325    -6.8555E-01
  19.214429    -6.7411E-01
  19.266533    -6.6290E-01
  19.318637    -6.5192E-01
  19.370741    -6.4115E-01
  19.422846    -6.3059E-01
  19.474950    -6.2025E-01
  19.527054    -6.1010E-01
  19.579158    -6.0016E-01
  19.631263    -5.9040E-01
  19.683367    -5.8084E-01
  19.735471    -5.7146E-01
  19.787575    -5.6226E-01
  19.839679    -5.5323E-01
  19.891784    -5.4438E-01
  19.943888    -5.3569E-01
  19.995992    -5.2717E-01
  20.048096    -5.1881E-01
  20.100200    -5.1061E-01
  20.152305    -5.0256E-01
  20.204409    -4.9466E-01
  20.256513    -4.8691E-01
  20.308617    -4.7930E-01
  20.360721    -4.7183E-01
  20.412826    -4.6450E-01
  20.464930    -4.5730E-01
  20.517034    -4.5023E-01
  20.569138    -4.4329E-01
  20.621242    -4.3648E-01
  20.673347    -4.2979E-01
  20.725451    -4.2322E-01
  20.777555    -4.1676E-01
  20.829659    -4.1043E-01
  20.881764    -4.0420E-01
  20.933868    -3.9809E-01
  20.985972    -3.9208E-01
  21.038076    -3.8618E-01
  21.090180    -3.8038E-01
  21.142285    -3.7468E-01
  21.194389    -3.6909E-01
  21.246493    -3.6359E-01
  21.298597    -3.5818E-01
  21.350701    -3.5287E-01
  21.402806    -3.4765E-01
  21.454910    -3.4252E-01
  21.507014    -3.3748E-01
  21.559118    -3.3252E-01
  21.611222    -3.2765E-01
  21.663327    -3.2286E-01
  21.715431    -3.1815E-01
  21.767535    -3.1352E-01
  21.819639    -3.0897E-01
  21.871743    -3.0450E-01
  21.923848    -3.0010E-01
  21.975952    -2.9577E-01
  22.028056    -2.9151E-01
  22.080160    -2.8733E-01
  22.132265    -2.8321E-01
  22.184369    -2.7917E-01
  22.236473    -2.7518E-01
  22.288577    -2.7127E-01
  22.340681    -2.6742E-01
  22.392786    -2.6363E-01
  22.444890    -2.5990E-01
  22.496994    -2.5623E-01
  22.549098    -2.5262E-01
  22.601202    -2.4907E-01
  22.653307    -2.4558E-01
  22.705411    -2.4214E-01
  22.757515    -2.3876E-01
  22.809619    -2.3543E-01
  22.861723    -2.3216E-01
  22.913828    -2.2893E-01
  22.965932    -2.2576E-01
  23.018036    -2.2264E-01
  23.070140    -2.1957E-01
  23.122244    -2.1654E-01
  23.174349    -2.1357E-01
  23.226453    -2.1064E-01
  23.278557    -2.0775E-01
  23.330661    -2.0491E-01
  23.382766    -2.0212E-01
  23.434870    -1.9937E-01
  23.486974    -1.9666E-01
  23.539078    -1.9399E-01
  23.591182    -1.9136E-01
  23.643287    -1.8878E-01
  23.695391    -1.8623E-01
  23.747495    -1.8372E-01
  23.799599    -1.8126E-01
  23.851703    -1.7882E-01
  23.903808    -1.7643E-01
  23.955912    -1.7407E-01
  24.008016    -1.7175E-01
  24.060120    -1.6946E-01
  24.112224    -1.6721E-01
  24.164329    -1.6499E-01
  24.216433    -1.6281E-01
  24.268537    -1.6065E-01
  24.320641    -1.5853E-01
  24.372745    -1.5644E-01
  24.424850    -1.5439E-01
  24.476954    -1.5236E-01
  24.529058    -1.5036E-01
  24.581162    -1.4840E-01
  24.633267    -1.4646E-01
  24.685371    -1.4455E-01
  24.737475    -1.4267E-01
  24.789579    -1.4081E-01
  24.841683    -1.3899E-01
  24.893788    -1.3719E-01
  24.945892    -1.3542E-01
  24.997996    -1.3367E-01
  25.050100    -1.3195E-01
  25.102204    -1.3025E-01
  25.154309    -1.2858E-01
  25.206413    -1.2693E-01
  25.258517    -1.2531E-01
  25.310621    -1.2370E-01
  25.362725    -1.2213E-01
  25.414830    -1.2057E-01
  25.466934    -1.1904E-01
  25.519038    -1.1753E-01
  25.571142    -1.1604E-01
  25.623246    -1.1457E-01
  25.675351    -1.1313E-01
  25.727455    -1.1170E-01
  25.779559    -1.1029E-01
  25.831663    -1.0891E-01
  25.883768    -1.0754E-01
  25.935872    -1.0620E-01
  25.987976    -1.0487E-01
  26.040080    -1.0356E-01
  26.092184    -1.0227E-01
  26.144289    -1.0100E-01
  26.196393    -9.9740E-02
  26.248497    -9.8503E-02
  26.300601    -9.7284E-02
  26.352705    -9.6081E-02
  26.404810    -9.4895E-02
  26.456914    -9.3725E-02
  26.509018    -9.2572E-02
  26.561122    -9.1435E-02
  26.613226    -9.0313E-02
  26.665331    -8.9207E-02
  26.717435    -8.8116E-02
  26.769539    -8.7040E-02
  26.821643    -8.5980E-02
  26.873747    -8.4933E-02
  26.925852    -8.3901E-02
  26.977956    -8.2883E-02
  27.030060    -8.1879E-02
  27.082164    -8.0889E-02
  27.134269    -7.9912E-02
  27.186373    -7.8949E-02
  27.238477    -7.7998E-02
  27.290581    -7.7061E-02
  27.342685    -7.6136E-02
  27.394790    -7.5224E-02
  27.446894    -7.4324E-02
  27.498998    -7.3436E-02
  27.551102    -7.2560E-02
  27.603206    -7.1696E-02
  27.655311    -7.0843E-02
  27.707415    -7.0002E-02
  27.759519    -6.9172E-02
  27.811623    -6.8354E-02
  27.863727    -6.7546E-02
  27.915832    -6.6749E-02
  27.967936    -6.5962E-02
  28.020040    -6.5186E-02
  28.072144    -6.4420E-02
  28.124248    -6.3665E-02
  28.176353    -6.2919E-02
  28.228457    -6.2183E-02
  28.280561    -6.1457E-02
  28.332665    -6.0740E-02
  28.384770    -6.0033E-02
  28.436874    -5.9335E-02
  28.488978    -5.8647E-02
  28.541082    -5.7967E-02
  28.593186    -5.7296E-02
  28.645291    -5.6634E-02
  28.697395    -5.5981E-02
  28.749499    -5.5336E-02
  28.801603    -5.4699E-02
  28.853707    -5.4071E-02
  28.905812    -5.3451E-02
  28.957916    -5.2838E-02
  29.010020    -5.2234E-02
  29.062124    -5.1638E-02
  29.114228    -5.1049E-02
  29.166333    -5.0467E-02
  29.218437    -4.9894E-02
  29.270541    -4.9327E-02
  29.322645    -4.8768E-02
  29.374749    -4.8216E-02
  29.426854    -4.7671E-02
  29.478958    -4.7133E-02
  29.531062    -4.6602E-02
  29.583166    -4.6077E-02
  29.635271    -4.5559E-02
  29.687375    -4.5048E-02
  29.739479    -4.4543E-02
  29.791583    -4.4045E-02
  29.843687    -4.3553E-02
  29.895792    -4.3067E-02
  29.947896    -4.2587E-02
  30.000000    -4.2113E-02
  24.88977956
   4.000000     7.0714E+04
   4.052104     6.7788E+04
   4.104208     6.4664E+04
   4.156313     6.1425E+04
   4.208417     5.8139E+04
   4.260521     5.4856E+04
   4.312625     5.1617E+04
   4.364729     4.8451E+04
   4.416834     4.5381E+04
   4.468938     4.2424E+04
   4.521042     3.9589E+04
   4.573146     3.6885E+04
   4.625251     3.4316E+04
   4.677355     3.1882E+04
   4.729459     2.9584E+04
   4.781563     2.7419E+04
   4.833667     2.5385E+04
   4.885772     2.3478E+04
   4.937876     2.1692E+04
   4.989980     2.0023E+04
   5.042084     1.8466E+04
   5.094188     1.7014E+04
   5.146293     1.5663E+04
   5.198397     1.4408E+04
   5.250501     1.3242E+04
   5.302605     1.2160E+04
   5.354709     1.1157E+04
   5.406814     1.0229E+04
   5.458918     9.3700E+03
   5.511022     8.5761E+03
   5.563126     7.8428E+03
   5.615230     7.1660E+03
   5.667335     6.5417E+03
   5.719439     5.9664E+03
   5.771543     5.4366E+03
   5.823647     4.9490E+03
   5.875752     4.5006E+03
   5.927856     4.0885E+03
   5.979960     3.7099E+03
   6.032064     3.3625E+03
   6.084168     3.0439E+03
   6.136273     2.7519E+03
   6.188377     2.4844E+03
   6.240481     2.2396E+03
   6.292585     2.0157E+03
   6.344689     1.8111E+03
   6.396794     1.6242E+03
   6.448898     1.4537E+03
   6.501002     1.2983E+03
   6.553106     1.1567E+03
   6.605210     1.0278E+03
   6.657315     9.1055E+02
   6.709419     8.0406E+02
   6.761523     7.0740E+02
   6.813627     6.1978E+02
   6.865731     5.4041E+02
   6.917836     4.6863E+02
   6.969940     4.0377E+02
   7.022044     3.4524E+02
   7.074148     2.9251E+02
   7.126253     2.4508E+02
   7.178357     2.0247E+02
   7.230461     1.6426E+02
   7.282565     1.3007E+02
   7.334669     9.9536E+01
   7.386774     7.2327E+01
   7.438878     4.8141E+01
   7.490982     2.6702E+01
   7.543086     7.7556E+00
   7.595190    -8.9313E+00
   7.647295    -2.3572E+01
   7.699399    -3.6361E+01
   7.751503    -4.7477E+01
   7.803607    -5.7084E+01
   7.855711    -6.5329E+01
   7.907816    -7.2350E+01
   7.959920    -7.8270E+01
   8.012024    -8.3203E+01
   8.064128    -8.7251E+01
   8.116232    -9.0508E+01
   8.168337    -9.3060E+01
   8.220441    -9.4983E+01
   8.272545    -9.6349E+01
   8.324649    -9.7220E+01
   8.376754    -9.7656E+01
   8.428858    -9.7708E+01
   8.480962    -9.7423E+01
   8.533066    -9.6845E+01
   8.585170    -9.6012E+01
   8.637275    -9.4959E+01
   8.689379    -9.3717E+01
   8.741483    -9.2314E+01
   8.793587    -9.0775E+01
   8.845691    -8.9124E+01
   8.897796    -8.7379E+01
   8.949900    -8.5560E+01
   9.002004    -8.3683E+01
   9.054108    -8.1761E+01
   9.106212    -7.9807E+01
   9.158317    -7.7833E+01
   9.210421    -7.5848E+01
   9.262525    -7.3861E+01
   9.314629    -7.1879E+01
   9.366733    -6.9910E+01
   9.418838    -6.7958E+01
   9.470942    -6.6028E+01
   9.523046    -6.4126E+01
   9.575150    -6.2254E+01
   9.627255    -6.0415E+01
   9.679359    -5.8611E+01
   9.731463    -5.6846E+01
   9.783567    -5.5120E+01
   9.835671    -5.3434E+01
   9.887776    -5.1790E+01
   9.939880    -5.0188E+01
   9.991984    -4.8628E+01
  10.044088    -4.7111E+01
  10.096192    -4.5637E+01
  10.148297    -4.4205E+01
  10.200401    -4.2815E+01
  10.252505    -4.1466E+01
  10.304609    -4.0159E+01
  10.356713    -3.8893E+01
  10.408818    -3.7666E+01
  10.460922    -3.6477E+01
  10.513026    -3.5327E+01
  10.565130    -3.4215E+01
  10.617234    -3.3138E+01
  10.669339    -3.2097E+01
  10.721443    -3.1090E+01
  10.773547    -3.0117E+01
  10.825651    -2.9176E+01
  10.877756    -2.8267E+01
  10.929860    -2.7388E+01
  10.981964    -2.6539E+01
  11.034068    -2.5719E+01
  11.086172    -2.4926E+01
  11.138277    -2.4161E+01
  11.190381    -2.3421E+01
  11.242485    -2.2706E+01
  11.294589    -2.2016E+01
  11.346693    -2.1349E+01
  11.398798    -2.0704E+01
  11.450902    -2.0081E+01
  11.503006    -1.9480E+01
  11.555110    -1.8898E+01
  11.607214    -1.8337E+01
  11.659319    -1.7794E+01
  11.711423    -1.7269E+01
  11.763527    -1.6761E+01
  11.815631    -1.6271E+01
  11.867735    -1.5797E+01
  11.919840    -1.5339E+01
  11.971944    -1.4895E+01
  12.024048    -1.4467E+01
  12.076152    -1.4052E+01
  12.128257    -1.3651E+01
  12.180361    -1.3263E+01
  12.232465    -1.2887E+01
  12.284569    -1.2524E+01
  12.336673    -1.2172E+01
  12.388778    -1.1832E+01
  12.440882    -1.1502E+01
  12.492986    -1.1183E+01
  12.545090    -1.0874E+01
  12.597194    -1.0575E+01
  12.649299    -1.0285E+01
  12.701403    -1.0005E+01
  12.753507    -9.7326E+00
  12.805611    -9.4691E+00
  12.857715    -9.2137E+00
  12.909820    -8.9662E+00
  12.961924    -8.7263E+00
  13.014028    -8.4938E+00
  13.066132    -8.2683E+00
  13.118236    -8.0496E+00
  13.170341    -7.8376E+00
  13.222445    -7.6319E+00
  13.274549    -7.4324E+00
  13.326653    -7.2389E+00
  13.378758    -7.0512E+00
  13.430862    -6.8690E+00
  13.482966    -6.6922E+00
  13.535070    -6.5206E+00
  13.587174    -6.3540E+00
  13.639279    -6.1923E+00
  13.691383    -6.0354E+00
  13.743487    -5.8829E+00
  13.795591    -5.7349E+00
  13.847695    -5.5912E+00
  13.899800    -5.4516E+00
  13.951904    -5.3160E+00
  14.004008    -5.1843E+00
  14.056112    -5.0564E+00
  14.108216    -4.9320E+00
  14.160321    -4.8112E+00
  14.212425    -4.6938E+00
  14.264529    -4.5797E+00
  14.316633    -4.4689E+00
  14.368737    -4.3611E+00
  14.420842    -4.2563E+00
  14.472946    -4.1544E+00
  14.525050    -4.0553E+00
  14.577154    -3.9590E+00
  14.629259    -3.8654E+00
  14.681363    -3.7743E+00
  14.733467    -3.6857E+00
  14.785571    -3.5995E+00
  14.837675    -3.5157E+00
  14.889780    -3.4341E+00
  14.941884    -3.3548E+00
  14.993988    -3.2776E+00
  15.046092    -3.2025E+00
  15.098196    -3.1293E+00
  15.150301    -3.0582E+00
  15.202405    -2.9889E+00
  15.254509    -2.9215E+00
  15.306613    -2.8559E+00
  15.358717    -2.7920E+00
  15.410822    -2.7298E+00
  15.462926    -2.6692E+00
  15.515030    -2.6102E+00
  15.567134    -2.5528E+00
  15.619238    -2.4968E+00
  15.671343    -2.4423E+00
  15.723447    -2.3892E+00
  15.775551    -2.3375E+00
  15.827655    -2.2871E+00
  15.879760    -2.2380E+00
  15.931864    -2.1901E+00
  15.983968    -2.1435E+00
  16.036072    -2.0981E+00
  16.088176    -2.0538E+00
  16.140281    -2.0106E+00
  16.192385    -1.9685E+00
  16.244489    -1.9275E+00
  16.296593    -1.8874E+00
  16.348697    -1.8484E+00
  16.400802    -1.8104E+00
  16.452906    -1.7733E+00
  16.505010    -1.7371E+00
  16.557114    -1.7018E+00
  16.609218    -1.6673E+00
  16.661323    -1.6337E+00
  16.713427    -1.6009E+00
  16.765531    -1.5689E+00
  16.817635    -1.5377E+00
  16.869739    -1.5072E+00
  16.921844    -1.4775E+00
  16.973948    -1.4484E+00
  17.026052    -1.4201E+00
  17.078156    -1.3924E+00
  17.130261    -1.3654E+00
  17.182365    -1.3390E+00
  17.234469    -1.3132E+00
  17.286573    -1.2880E+00
  17.338677    -1.2634E+00
  17.390782    -1.2394E+00
  17.442886    -1.2159E+00
  17.494990    -1.1930E+00
  17.547094    -1.1706E+00
  17.599198    -1.1487E+00
  17.651303    -1.1273E+00
  17.703407    -1.1064E+00
  17.755511    -1.0859E+00
  17.807615    -1.0659E+00
  17.859719    -1.0464E+00
  17.911824    -1.0273E+00
  17.963928    -1.0086E+00
  18.016032    -9.9033E-01
  18.068136    -9.7245E-01
  18.120240    -9.5497E-01
  18.172345    -9.3786E-01
  18.224449    -9.2113E-01
  18.276553    -9.0475E-01
  18.328657    -8.8873E-01
  18.380762    -8.7306E-01
  18.432866    -8.5771E-01
  18.484970    -8.4269E-01
  18.537074    -8.2799E-01
  18.589178    -8.1360E-01
  18.641283    -7.9951E-01
  18.693387    -7.8571E-01
  18.745491    -7.7220E-01
  18.797595    -7.5898E-01
  18.849699    -7.4602E-01
  18.901804    -7.3333E-01
  18.953908    -7.2090E-01
  19.006012    -7.0872E-01
  19.058116    -6.9679E-01
  19.110220    -6.8510E-01
  19.162325    -6.7364E-01
  19.214429    -6.6242E-01
  19.266533    -6.5141E-01
  19.318637    -6.4063E-01
  19.370741    -6.3006E-01
  19.422846    -6.1970E-01
  19.474950    -6.0954E-01
  19.527054    -5.9958E-01
  19.579158    -5.8982E-01
  19.631263    -5.8024E-01
  19.683367    -5.7085E-01
  19.735471    -5.6164E-01
  19.787575    -5.5261E-01
  19.839679    -5.4375E-01
  19.891784    -5.3505E-01
  19.943888    -5.2653E-01
  19.995992    -5.1816E-01
  20.048096    -5.0995E-01
  20.100200    -5.0189E-01
  20.152305    -4.9399E-01
  20.204409    -4.8623E-01
  20.256513    -4.7862E-01
  20.308617    -4.7114E-01
  20.360721    -4.6381E-01
  20.412826    -4.5660E-01
  20.464930    -4.4953E-01
  20.517034    -4.4259E-01
  20.569138    -4.3578E-01
  20.621242    -4.2908E-01
  20.673347    -4.2251E-01
  20.725451    -4.1606E-01
  20.777555    -4.0972E-01
  20.829659    -4.0349E-01
  20.881764    -3.9737E-01
  20.933868    -3.9137E-01
  20.985972    -3.8547E-01
  21.038076    -3.7967E-01
  21.090180    -3.7397E-01
  21.142285    -3.6838E-01
  21.194389    -3.6288E-01
  21.246493    -3.5747E-01
  21.298597    -3.5216E-01
  21.350701    -3.4694E-01
  21.402806    -3.4182E-01
  21.454910    -3.3677E-01
  21.507014    -3.3182E-01
  21.559118    -3.2695E-01
  21.611222    -3.2216E-01
  21.663327    -3.1745E-01
  21.715431    -3.1283E-01
  21.767535    -3.0828E-01
  21.819639    -3.0380E-01
  21.871743    -2.9940E-01
  21.923848    -2.9508E-01
  21.975952    -2.9083E-01
  22.028056    -2.8664E-01
  22.080160    -2.8253E-01
  22.132265    -2.7849E-01
  22.184369    -2.7451E-01
  22.236473    -2.7059E-01
  22.288577    -2.6674E-01
  22.340681    -2.6296E-01
  22.392786    -2.5923E-01
  22.444890    -2.5557E-01
  22.496994    -2.5196E-01
  22.549098    -2.4841E-01
  22.601202    -2.4492E-01
  22.653307    -2.4149E-01
  22.705411    -2.3811E-01
  22.757515    -2.3479E-01
  22.809619    -2.3151E-01
  22.861723    -2.2829E-01
  22.913828    -2.2513E-01
  22.965932    -2.2201E-01
  23.018036    -2.1894E-01
  23.070140    -2.1592E-01
  23.122244    -2.1294E-01
  23.174349    -2.1002E-01
  23.226453    -2.0713E-01
  23.278557    -2.0430E-01
  23.330661    -2.0151E-01
  23.382766    -1.9876E-01
  23.434870    -1.9605E-01
  23.486974    -1.9339E-01
  23.539078    -1.9076E-01
  23.591182    -1.8818E-01
  23.643287    -1.8564E-01
  23.695391    -1.8314E-01
  23.747495    -1.8067E-01
  23.799599    -1.7824E-01
  23.851703    -1.7585E-01
  23.903808    -1.7350E-01
  23.955912    -1.7118E-01
  24.008016    -1.6889E-01
  24.060120    -1.6664E-01
  24.112224    -1.6443E-01
  24.164329    -1.6225E-01
  24.216433    -1.6010E-01
  24.268537    -1.5798E-01
  24.320641    -1.5589E-01
  24.372745    -1.5384E-01
  24.424850    -1.5182E-01
  24.476954    -1.4982E-01
  24.529058    -1.4786E-01
  24.581162    -1.4592E-01
  24.633267    -1.4402E-01
  24.685371    -1.4214E-01
  24.737475    -1.4029E-01
  24.789579    -1.3847E-01
  24.841683    -1.3667E-01
  24.893788    -1.3490E-01
  24.945892    -1.3316E-01
  24.997996    -1.3144E-01
  25.050100    -1.2974E-01
  25.102204    -1.2807E-01
  25.154309    -1.2643E-01
  25.206413    -1.2481E-01
  25.258517    -1.2321E-01
  25.310621    -1.2164E-01
  25.362725    -1.2008E-01
  25.414830    -1.1856E-01
  25.466934    -1.1705E-01
  25.519038    -1.1556E-01
  25.571142    -1.1410E-01
  25.623246    -1.1265E-01
  25.675351    -1.1123E-01
  25.727455    -1.0983E-01
  25.779559    -1.0844E-01
  25.831663    -1.0708E-01
  25.883768    -1.0574E-01
  25.935872    -1.0441E-01
  25.987976    -1.0311E-01
  26.040080    -1.0182E-01
  26.092184    -1.0055E-01
  26.144289    -9.9296E-02
  26.196393    -9.8062E-02
  26.248497    -9.6845E-02
  26.300601    -9.5645E-02
  26.352705    -9.4461E-02
  26.404810    -9.3295E-02
  26.456914    -9.2144E-02
  26.509018    -9.1010E-02
  26.561122    -8.9891E-02
  26.613226    -8.8787E-02
  26.665331    -8.7699E-02
  26.717435    -8.6626E-02
  26.769539    -8.5568E-02
  26.821643    -8.4524E-02
  26.873747    -8.3495E-02
  26.925852    -8.2479E-02
  26.977956    -8.1478E-02
  27.030060    -8.0490E-02
  27.082164    -7.9516E-02
  27.134269    -7.8555E-02
  27.186373    -7.7607E-02
  27.238477    -7.6672E-02
  27.290581    -7.5750E-02
  27.342685    -7.4840E-02
  27.394790    -7.3942E-02
  27.446894    -7.3057E-02
  27.498998    -7.2184E-02
  27.551102    -7.1322E-02
  27.603206    -7.0472E-02
  27.655311    -6.9633E-02
  27.707415    -6.8806E-02
  27.759519    -6.7989E-02
  27.811623    -6.7184E-02
  27.863727    -6.6389E-02
  27.915832    -6.5605E-02
  27.967936    -6.4831E-02
  28.020040    -6.4068E-02
  28.072144    -6.3314E-02
  28.124248    -6.2571E-02
  28.176353    -6.1837E-02
  28.228457    -6.1113E-02
  28.280561    -6.0399E-02
  28.332665    -5.9694E-02
  28.384770    -5.8999E-02
  28.436874    -5.8312E-02
  28.488978    -5.7635E-02
  28.541082    -5.6966E-02
  28.593186    -5.6306E-02
  28.645291    -5.5655E-02
  28.697395    -5.5012E-02
  28.749499    -5.4377E-02
  28.801603    -5.3751E-02
  28.853707    -5.3133E-02
  28.905812    -5.2523E-02
  28.957916    -5.1921E-02
  29.010020    -5.1326E-02
  29.062124    -5.0739E-02
  29.114228    -5.0160E-02
  29.166333    -4.9588E-02
  29.218437    -4.9024E-02
  29.270541    -4.8467E-02
  29.322645    -4.7917E-02
  29.374749    -4.7374E-02
  29.426854    -4.6838E-02
  29.478958    -4.6308E-02
  29.531062    -4.5786E-02
  29.583166    -4.5270E-02
  29.635271    -4.4761E-02
  29.687375    -4.4258E-02
  29.739479    -4.3761E-02
  29.791583    -4.3271E-02
  29.843687    -4.2787E-02
  29.895792    -4.2309E-02
  29.947896    -4.1837E-02
  30.000000    -4.1371E-02
  28.49699399
   4.000000     6.3675E+04
   4.052104     6.1029E+04
   4.104208     5.8208E+04
   4.156313     5.5286E+04
   4.208417     5.2321E+04
   4.260521     4.9361E+04
   4.312625     4.6441E+04
   4.364729     4.3587E+04
   4.416834     4.0820E+04
   4.468938     3.8153E+04
   4.521042     3.5598E+04
   4.573146     3.3161E+04
   4.625251     3.0844E+04
   4.677355     2.8650E+04
   4.729459     2.6579E+04
   4.781563     2.4628E+04
   4.833667     2.2794E+04
   4.885772     2.1075E+04
   4.937876     1.9465E+04
   4.989980     1.7961E+04
   5.042084     1.6558E+04
   5.094188     1.5250E+04
   5.146293     1.4034E+04
   5.198397     1.2903E+04
   5.250501     1.1853E+04
   5.302605     1.0879E+04
   5.354709     9.9764E+03
   5.406814     9.1411E+03
   5.458918     8.3685E+03
   5.511022     7.6545E+03
   5.563126     6.9953E+03
   5.615230     6.3870E+03
   5.667335     5.8261E+03
   5.719439     5.3095E+03
   5.771543     4.8338E+03
   5.823647     4.3962E+03
   5.875752     3.9940E+03
   5.927856     3.6244E+03
   5.979960     3.2852E+03
   6.032064     2.9739E+03
   6.084168     2.6886E+03
   6.136273     2.4273E+03
   6.188377     2.1880E+03
   6.240481     1.9692E+03
   6.292585     1.7692E+03
   6.344689     1.5865E+03
   6.396794     1.4197E+03
   6.448898     1.2677E+03
   6.501002     1.1292E+03
   6.553106     1.0031E+03
   6.605210     8.8839E+02
   6.657315     7.8419E+02
   6.709419     6.8961E+02
   6.761523     6.0385E+02
   6.813627     5.2618E+02
   6.865731     4.5591E+02
   6.917836     3.9242E+02
   6.969940     3.3512E+02
   7.022044     2.8350E+02
   7.074148     2.3705E+02
   7.126253     1.9533E+02
   7.178357     1.5793E+02
   7.230461     1.2445E+02
   7.282565     9.4547E+01
   7.334669     6.7904E+01
   7.386774     4.4224E+01
   7.438878     2.3234E+01
   7.490982     4.6863E+00
   7.543086    -1.1647E+01
   7.595190    -2.5974E+01
   7.647295    -3.8487E+01
   7.699399    -4.9359E+01
   7.751503    -5.8750E+01
   7.803607    -6.6807E+01
   7.855711    -7.3662E+01
   7.907816    -7.9437E+01
   7.959920    -8.4242E+01
   8.012024    -8.8179E+01
   8.064128    -9.1339E+01
   8.116232    -9.3807E+01
   8.168337    -9.5657E+01
   8.220441    -9.6959E+01
   8.272545    -9.7776E+01
   8.324649    -9.8164E+01
   8.376754    -9.8175E+01
   8.428858    -9.7855E+01
   8.480962    -9.7246E+01
   8.533066    -9.6386E+01
   8.585170    -9.5310E+01
   8.637275    -9.4047E+01
   8.689379    -9.2627E+01
   8.741483    -9.1073E+01
   8.793587    -8.9408E+01
   8.845691    -8.7651E+01
   8.897796    -8.5822E+01
   8.949900    -8.3934E+01
   9.002004    -8.2003E+01
   9.054108    -8.0041E+01
   9.106212    -7.8059E+01
   9.158317    -7.6066E+01
   9.210421    -7.4072E+01
   9.262525    -7.2083E+01
   9.314629    -7.0106E+01
   9.366733    -6.8148E+01
   9.418838    -6.6212E+01
   9.470942    -6.4302E+01
   9.523046    -6.2423E+01
   9.575150    -6.0577E+01
   9.627255    -5.8767E+01
   9.679359    -5.6995E+01
   9.731463    -5.5262E+01
   9.783567    -5.3570E+01
   9.835671    -5.1919E+01
   9.887776    -5.0310E+01
   9.939880    -4.8744E+01
   9.991984    -4.7220E+01
  10.044088    -4.5739E+01
  10.096192    -4.4300E+01
  10.148297    -4.2904E+01
  10.200401    -4.1549E+01
  10.252505    -4.0236E+01
  10.304609    -3.8963E+01
  10.356713    -3.7730E+01
  10.408818    -3.6536E+01
  10.460922    -3.5380E+01
  10.513026    -3.4262E+01
  10.565130    -3.3180E+01
  10.617234    -3.2134E+01
  10.669339    -3.1122E+01
  10.721443    -3.0144E+01
  10.773547    -2.9199E+01
  10.825651    -2.8285E+01
  10.877756    -2.7402E+01
  10.929860    -2.6549E+01
  10.981964    -2.5725E+01
  11.034068    -2.4929E+01
  11.086172    -2.4160E+01
  11.138277    -2.3417E+01
  11.190381    -2.2699E+01
  11.242485    -2.2006E+01
  11.294589    -2.1336E+01
  11.346693    -2.0689E+01
  11.398798    -2.0065E+01
  11.450902    -1.9461E+01
  11.503006    -1.8878E+01
  11.555110    -1.8314E+01
  11.607214    -1.7770E+01
  11.659319    -1.7244E+01
  11.711423    -1.6735E+01
  11.763527    -1.6244E+01
  11.815631    -1.5769E+01
  11.867735    -1.5310E+01
  11.919840    -1.4866E+01
  11.971944    -1.4436E+01
  12.024048    -1.4021E+01
  12.076152    -1.3620E+01
  12.128257    -1.3232E+01
  12.180361    -1.2856E+01
  12.232465    -1.2493E+01
  12.284569    -1.2141E+01
  12.336673    -1.1801E+01
  12.388778    -1.1472E+01
  12.440882    -1.1153E+01
  12.492986    -1.0845E+01
  12.545090    -1.0546E+01
  12.597194    -1.0257E+01
  12.649299    -9.9764E+00
  12.701403    -9.7051E+00
  12.753507    -9.4422E+00
  12.805611    -9.1875E+00
  12.857715    -8.9407E+00
  12.909820    -8.7016E+00
  12.961924    -8.4697E+00
  13.014028    -8.2450E+00
  13.066132    -8.0272E+00
  13.118236    -7.8160E+00
  13.170341    -7.6111E+00
  13.222445    -7.4125E+00
  13.274549    -7.2198E+00
  13.326653    -7.0329E+00
  13.378758    -6.8515E+00
  13.430862    -6.6755E+00
  13.482966    -6.5047E+00
  13.535070    -6.3390E+00
  13.587174    -6.1781E+00
  13.639279    -6.0220E+00
  13.691383    -5.8703E+00
  13.743487    -5.7231E+00
  13.795591    -5.5801E+00
  13.847695    -5.4413E+00
  13.899800    -5.3064E+00
  13.951904    -5.1754E+00
  14.004008    -5.0482E+00
  14.056112    -4.9245E+00
  14.108216    -4.8043E+00
  14.160321    -4.6876E+00
  14.212425    -4.5741E+00
  14.264529    -4.4638E+00
  14.316633    -4.3566E+00
  14.368737    -4.2523E+00
  14.420842    -4.1510E+00
  14.472946    -4.0524E+00
  14.525050    -3.9566E+00
  14.577154    -3.8634E+00
  14.629259    -3.7727E+00
  14.681363    -3.6846E+00
  14.733467    -3.5988E+00
  14.785571    -3.5153E+00
  14.837675    -3.4341E+00
  14.889780    -3.3551E+00
  14.941884    -3.2782E+00
  14.993988    -3.2034E+00
  15.046092    -3.1306E+00
  15.098196    -3.0597E+00
  15.150301    -2.9907E+00
  15.202405    -2.9235E+00
  15.254509    -2.8581E+00
  15.306613    -2.7943E+00
  15.358717    -2.7323E+00
  15.410822    -2.6719E+00
  15.462926    -2.6130E+00
  15.515030    -2.5557E+00
  15.567134    -2.4999E+00
  15.619238    -2.4455E+00
  15.671343    -2.3925E+00
  15.723447    -2.3408E+00
  15.775551    -2.2905E+00
  15.827655    -2.2415E+00
  15.879760    -2.1936E+00
  15.931864    -2.1470E+00
  15.983968    -2.1016E+00
  16.036072    -2.0573E+00
  16.088176    -2.0142E+00
  16.140281    -1.9721E+00
  16.192385    -1.9310E+00
  16.244489    -1.8910E+00
  16.296593    -1.8519E+00
  16.348697    -1.8138E+00
  16.400802    -1.7767E+00
  16.452906    -1.7404E+00
  16.505010    -1.7050E+00
  16.557114    -1.6705E+00
  16.609218    -1.6369E+00
  16.661323    -1.6040E+00
  16.713427    -1.5719E+00
  16.765531    -1.5406E+00
  16.817635    -1.5101E+00
  16.869739    -1.4802E+00
  16.921844    -1.4511E+00
  16.973948    -1.4226E+00
  17.026052    -1.3949E+00
  17.078156    -1.3677E+00
  17.130261    -1.3413E+00
  17.182365    -1.3154E+00
  17.234469    -1.2901E+00
  17.286573    -1.2654E+00
  17.338677    -1.2413E+00
  17.390782    -1.2177E+00
  17.442886    -1.1947E+00
  17.494990    -1.1721E+00
  17.547094    -1.1501E+00
  17.599198    -1.1286E+00
  17.651303    -1.1076E+00
  17.703407    -1.0871E+00
  17.755511    -1.0670E+00
  17.807615    -1.0473E+00
  17.859719    -1.0281E+00
  17.911824    -1.0093E+00
  17.963928    -9.9092E-01
  18.016032    -9.7294E-01
  18.068136    -9.5536E-01
  18.120240    -9.3815E-01
  18.172345    -9.2132E-01
  18.224449    -9.0485E-01
  18.276553    -8.8873E-01
  18.328657    -8.7296E-01
  18.380762    -8.5752E-01
  18.432866    -8.4241E-01
  18.484970    -8.2762E-01
  18.537074    -8.1315E-01
  18.589178    -7.9897E-01
  18.641283    -7.8509E-01
  18.693387    -7.7150E-01
  18.745491    -7.5819E-01
  18.797595    -7.4515E-01
  18.849699    -7.3239E-01
  18.901804    -7.1988E-01
  18.953908    -7.0763E-01
  19.006012    -6.9563E-01
  19.058116    -6.8387E-01
  19.110220    -6.7235E-01
  19.162325    -6.6106E-01
  19.214429    -6.5000E-01
  19.266533    -6.3915E-01
  19.318637    -6.2853E-01
  19.370741    -6.1811E-01
  19.422846    -6.0790E-01
  19.474950    -5.9789E-01
  19.527054    -5.8807E-01
  19.579158    -5.7845E-01
  19.631263    -5.6901E-01
  19.683367    -5.5975E-01
  19.735471    -5.5068E-01
  19.787575    -5.4178E-01
  19.839679    -5.3304E-01
  19.891784    -5.2448E-01
  19.943888    -5.1608E-01
  19.995992    -5.0783E-01
  20.048096    -4.9975E-01
  20.100200    -4.9181E-01
  20.152305    -4.8402E-01
  20.204409    -4.7638E-01
  20.256513    -4.6888E-01
  20.308617    -4.6152E-01
  20.360721    -4.5430E-01
  20.412826    -4.4721E-01
  20.464930    -4.4025E-01
  20.517034    -4.3341E-01
  20.569138    -4.2670E-01
  20.621242    -4.2012E-01
  20.673347    -4.1365E-01
  20.725451    -4.0730E-01
  20.777555    -4.0106E-01
  20.829659    -3.9494E-01
  20.881764    -3.8892E-01
  20.933868    -3.8301E-01
  20.985972    -3.7721E-01
  21.038076    -3.7151E-01
  21.090180    -3.6591E-01
  21.142285    -3.6040E-01
  21.194389    -3.5500E-01
  21.246493    -3.4969E-01
  21.298597    -3.4447E-01
  21.350701    -3.3934E-01
  21.402806    -3.3430E-01
  21.454910    -3.2935E-01
  21.507014    -3.2449E-01
  21.559118    -3.1970E-01
  21.611222    -3.1500E-01
  21.663327    -3.1038E-01
  21.715431    -3.0584E-01
  21.767535    -3.0137E-01
  21.819639    -2.9698E-01
  21.871743    -2.9267E-01
  21.923848    -2.8842E-01
  21.975952    -2.8425E-01
  22.028056    -2.8015E-01
  22.080160    -2.7612E-01
  22.132265    -2.7215E-01
  22.184369    -2.6825E-01
  22.236473    -2.6441E-01
  22.288577    -2.6064E-01
  22.340681    -2.5693E-01
  22.392786    -2.5328E-01
  22.444890    -2.4969E-01
  22.496994    -2.4616E-01
  22.549098    -2.4268E-01
  22.601202    -2.3927E-01
  22.653307    -2.3590E-01
  22.705411    -2.3260E-01
  22.757515    -2.2934E-01
  22.809619    -2.2614E-01
  22.861723    -2.2299E-01
  22.913828    -2.1989E-01
  22.965932    -2.1684E-01
  23.018036    -2.1384E-01
  23.070140    -2.1088E-01
  23.122244    -2.0797E-01
  23.174349    -2.0511E-01
  23.226453    -2.0230E-01
  23.278557    -1.9952E-01
  23.330661    -1.9679E-01
  23.382766    -1.9411E-01
  23.434870    -1.9146E-01
  23.486974    -1.8886E-01
  23.539078    -1.8630E-01
  23.591182    -1.8378E-01
  23.643287    -1.8129E-01
  23.695391    -1.7885E-01
  23.747495    -1.7644E-01
  23.799599    -1.7407E-01
  23.851703    -1.7174E-01
  23.903808    -1.6944E-01
  23.955912    -1.6718E-01
  24.008016    -1.6495E-01
  24.060120    -1.6275E-01
  24.112224    -1.6059E-01
  24.164329    -1.5846E-01
  24.216433    -1.5637E-01
  24.268537    -1.5430E-01
  24.320641    -1.5227E-01
  24.372745    -1.5027E-01
  24.424850    -1.4829E-01
  24.476954    -1.4635E-01
  24.529058    -1.4444E-01
  24.581162    -1.4255E-01
  24.633267    -1.4069E-01
  24.685371    -1.3886E-01
  24.737475    -1.3706E-01
  24.789579    -1.3529E-01
  24.841683    -1.3354E-01
  24.893788    -1.3181E-01
  24.945892    -1.3011E-01
  24.997996    -1.2844E-01
  25.050100    -1.2679E-01
  25.102204    -1.2516E-01
  25.154309    -1.2356E-01
  25.206413    -1.2198E-01
  25.258517    -1.2043E-01
  25.310621    -1.1890E-01
  25.362725    -1.1739E-01
  25.414830    -1.1590E-01
  25.466934    -1.1443E-01
  25.519038    -1.1298E-01
  25.571142    -1.1156E-01
  25.623246    -1.1015E-01
  25.675351    -1.0877E-01
  25.727455    -1.0740E-01
  25.779559    -1.0606E-01
  25.831663    -1.0473E-01
  25.883768    -1.0342E-01
  25.935872    -1.0214E-01
  25.987976    -1.0087E-01
  26.040080    -9.9613E-02
  26.092184    -9.8378E-02
  26.144289    -9.7160E-02
  26.196393    -9.5960E-02
  26.248497    -9.4777E-02
  26.300601    -9.3610E-02
  26.352705    -9.2459E-02
  26.404810    -9.1325E-02
  26.456914    -9.0206E-02
  26.509018    -8.9103E-02
  26.561122    -8.8015E-02
  26.613226    -8.6942E-02
  26.665331    -8.5885E-02
  26.717435    -8.4841E-02
  26.769539    -8.3813E-02
  26.821643    -8.2798E-02
  26.873747    -8.1797E-02
  26.925852    -8.0810E-02
  26.977956    -7.9837E-02
  27.030060    -7.8877E-02
  27.082164    -7.7930E-02
  27.134269    -7.6996E-02
  27.186373    -7.6075E-02
  27.238477    -7.5166E-02
  27.290581    -7.4270E-02
  27.342685    -7.3385E-02
  27.394790    -7.2513E-02
  27.446894    -7.1653E-02
  27.498998    -7.0804E-02
  27.551102    -6.9966E-02
  27.603206    -6.9140E-02
  27.655311    -6.8325E-02
  27.707415    -6.7520E-02
  27.759519    -6.6727E-02
  27.811623    -6.5944E-02
  27.863727    -6.5172E-02
  27.915832    -6.4409E-02
  27.967936    -6.3657E-02
  28.020040    -6.2915E-02
  28.072144    -6.2183E-02
  28.124248    -6.1461E-02
  28.176353    -6.0748E-02
  28.228457    -6.0044E-02
  28.280561    -5.9350E-02
  28.332665    -5.8664E-02
  28.384770    -5.7988E-02
  28.436874    -5.7321E-02
  28.488978    -5.6662E-02
  28.541082    -5.6012E-02
  28.593186    -5.5371E-02
  28.645291    -5.4737E-02
  28.697395    -5.4112E-02
  28.749499    -5.3496E-02
  28.801603    -5.2887E-02
  28.853707    -5.2286E-02
  28.905812    -5.1692E-02
  28.957916    -5.1107E-02
  29.010020    -5.0529E-02
  29.062124    -4.9958E-02
  29.114228    -4.9395E-02
  29.166333    -4.8839E-02
  29.218437    -4.8290E-02
  29.270541    -4.7748E-02
  29.322645    -4.7213E-02
  29.374749    -4.6685E-02
  29.426854    -4.6163E-02
  29.478958    -4.5648E-02
  29.531062    -4.5140E-02
  29.583166    -4.4638E-02
  29.635271    -4.4142E-02
  29.687375    -4.3653E-02
  29.739479    -4.3170E-02
  29.791583    -4.2693E-02
  29.843687    -4.2222E-02
  29.895792    -4.1757E-02
  29.947896    -4.1297E-02
  30.000000    -4.0844E-02
  32.10420842
   4.000000     5.6716E+04
   4.052104     5.4385E+04
   4.104208     5.1890E+04
   4.156313     4.9300E+04
   4.208417     4.6667E+04
   4.260521     4.4034E+04
   4.312625     4.1433E+04
   4.364729     3.8888E+04
   4.416834     3.6418E+04
   4.468938     3.4037E+04
   4.521042     3.1754E+04
   4.573146     2.9574E+04
   4.625251     2.7502E+04
   4.677355     2.5539E+04
   4.729459     2.3686E+04
   4.781563     2.1939E+04
   4.833667     2.0298E+04
   4.885772     1.8759E+04
   4.937876     1.7318E+04
   4.989980     1.5972E+04
   5.042084     1.4716E+04
   5.094188     1.3546E+04
   5.146293     1.2458E+04
   5.198397     1.1447E+04
   5.250501     1.0508E+04
   5.302605     9.6375E+03
   5.354709     8.8313E+03
   5.406814     8.0853E+03
   5.458918     7.3956E+03
   5.511022     6.7585E+03
   5.563126     6.1706E+03
   5.615230     5.6284E+03
   5.667335     5.1287E+03
   5.719439     4.6687E+03
   5.771543     4.2454E+03
   5.823647     3.8563E+03
   5.875752     3.4987E+03
   5.927856     3.1705E+03
   5.979960     2.8694E+03
   6.032064     2.5934E+03
   6.084168     2.3405E+03
   6.136273     2.1091E+03
   6.188377     1.8974E+03
   6.240481     1.7039E+03
   6.292585     1.5272E+03
   6.344689     1.3659E+03
   6.396794     1.2189E+03
   6.448898     1.0849E+03
   6.501002     9.6304E+02
   6.553106     8.5219E+02
   6.605210     7.5148E+02
   6.657315     6.6008E+02
   6.709419     5.7723E+02
   6.761523     5.0219E+02
   6.813627     4.3433E+02
   6.865731     3.7302E+02
   6.917836     3.1771E+02
   6.969940     2.6789E+02
   7.022044     2.2307E+02
   7.074148     1.8283E+02
   7.126253     1.4676E+02
   7.178357     1.1449E+02
   7.230461     8.5676E+01
   7.282565     6.0015E+01
   7.334669     3.7219E+01
   7.386774     1.7023E+01
   7.438878    -8.1083E-01
   7.490982    -1.6504E+01
   7.543086    -3.0259E+01
   7.595190    -4.2259E+01
   7.647295    -5.2674E+01
   7.699399    -6.1658E+01
   7.751503    -6.9353E+01
   7.803607    -7.5886E+01
   7.855711    -8.1375E+01
   7.907816    -8.5928E+01
   7.959920    -8.9642E+01
   8.012024    -9.2605E+01
   8.064128    -9.4900E+01
   8.116232    -9.6598E+01
   8.168337    -9.7767E+01
   8.220441    -9.8468E+01
   8.272545    -9.8755E+01
   8.324649    -9.8678E+01
   8.376754    -9.8281E+01
   8.428858    -9.7607E+01
   8.480962    -9.6690E+01
   8.533066    -9.5565E+01
   8.585170    -9.4261E+01
   8.637275    -9.2805E+01
   8.689379    -9.1220E+01
   8.741483    -8.9529E+01
   8.793587    -8.7751E+01
   8.845691    -8.5903E+01
   8.897796    -8.4000E+01
   8.949900    -8.2056E+01
   9.002004    -8.0083E+01
   9.054108    -7.8091E+01
   9.106212    -7.6091E+01
   9.158317    -7.4091E+01
   9.210421    -7.2096E+01
   9.262525    -7.0115E+01
   9.314629    -6.8153E+01
   9.366733    -6.6213E+01
   9.418838    -6.4301E+01
   9.470942    -6.2419E+01
   9.523046    -6.0571E+01
   9.575150    -5.8759E+01
   9.627255    -5.6984E+01
   9.679359    -5.5249E+01
   9.731463    -5.3555E+01
   9.783567    -5.1902E+01
   9.835671    -5.0291E+01
   9.887776    -4.8722E+01
   9.939880    -4.7197E+01
   9.991984    -4.5713E+01
  10.044088    -4.4273E+01
  10.096192    -4.2874E+01
  10.148297    -4.1517E+01
  10.200401    -4.0202E+01
  10.252505    -3.8926E+01
  10.304609    -3.7691E+01
  10.356713    -3.6495E+01
  10.408818    -3.5337E+01
  10.460922    -3.4216E+01
  10.513026    -3.3132E+01
  10.565130    -3.2084E+01
  10.617234    -3.1070E+01
  10.669339    -3.0090E+01
  10.721443    -2.9142E+01
  10.773547    -2.8227E+01
  10.825651    -2.7342E+01
  10.877756    -2.6488E+01
  10.929860    -2.5662E+01
  10.981964    -2.4864E+01
  11.034068    -2.4094E+01
  11.086172    -2.3350E+01
  11.138277    -2.2631E+01
  11.190381    -2.1937E+01
  11.242485    -2.1266E+01
  11.294589    -2.0618E+01
  11.346693    -1.9993E+01
  11.398798    -1.9389E+01
  11.450902    -1.8805E+01
  11.503006    -1.8241E+01
  11.555110    -1.7696E+01
  11.607214    -1.7170E+01
  11.659319    -1.6662E+01
  11.711423    -1.6170E+01
  11.763527    -1.5696E+01
  11.815631    -1.5237E+01
  11.867735    -1.4793E+01
  11.919840    -1.4365E+01
  11.971944    -1.3950E+01
  12.024048    -1.3550E+01
  12.076152    -1.3162E+01
  12.128257    -1.2787E+01
  12.180361    -1.2425E+01
  12.232465    -1.2074E+01
  12.284569    -1.1735E+01
  12.336673    -1.1407E+01
  12.388778    -1.1089E+01
  12.440882    -1.0782E+01
  12.492986    -1.0484E+01
  12.545090    -1.0196E+01
  12.597194    -9.9176E+00
  12.649299    -9.6475E+00
  12.701403    -9.3860E+00
  12.753507    -9.1327E+00
  12.805611    -8.8872E+00
  12.857715    -8.6495E+00
  12.909820    -8.4191E+00
  12.961924    -8.1958E+00
  13.014028    -7.9793E+00
  13.066132    -7.7695E+00
  13.118236    -7.5661E+00
  13.170341    -7.3689E+00
  13.222445    -7.1776E+00
  13.274549    -6.9920E+00
  13.326653    -6.8121E+00
  13.378758    -6.6375E+00
  13.430862    -6.4680E+00
  13.482966    -6.3036E+00
  13.535070    -6.1441E+00
  13.587174    -5.9892E+00
  13.639279    -5.8389E+00
  13.691383    -5.6929E+00
  13.743487    -5.5512E+00
  13.795591    -5.4135E+00
  13.847695    -5.2798E+00
  13.899800    -5.1500E+00
  13.951904    -5.0238E+00
  14.004008    -4.9013E+00
  14.056112    -4.7822E+00
  14.108216    -4.6665E+00
  14.160321    -4.5540E+00
  14.212425    -4.4447E+00
  14.264529    -4.3384E+00
  14.316633    -4.2351E+00
  14.368737    -4.1346E+00
  14.420842    -4.0369E+00
  14.472946    -3.9419E+00
  14.525050    -3.8496E+00
  14.577154    -3.7597E+00
  14.629259    -3.6722E+00
  14.681363    -3.5872E+00
  14.733467    -3.5044E+00
  14.785571    -3.4239E+00
  14.837675    -3.3455E+00
  14.889780    -3.2692E+00
  14.941884    -3.1950E+00
  14.993988    -3.1227E+00
  15.046092    -3.0523E+00
  15.098196    -2.9838E+00
  15.150301    -2.9171E+00
  15.202405    -2.8521E+00
  15.254509    -2.7889E+00
  15.306613    -2.7272E+00
  15.358717    -2.6672E+00
  15.410822    -2.6087E+00
  15.462926    -2.5517E+00
  15.515030    -2.4962E+00
  15.567134    -2.4421E+00
  15.619238    -2.3894E+00
  15.671343    -2.3380E+00
  15.723447    -2.2879E+00
  15.775551    -2.2391E+00
  15.827655    -2.1915E+00
  15.879760    -2.1451E+00
  15.931864    -2.0999E+00
  15.983968    -2.0557E+00
  16.036072    -2.0127E+00
  16.088176    -1.9707E+00
  16.140281    -1.9298E+00
  16.192385    -1.8899E+00
  16.244489    -1.8509E+00
  16.296593    -1.8129E+00
  16.348697    -1.7759E+00
  16.400802    -1.7397E+00
  16.452906    -1.7044E+00
  16.505010    -1.6699E+00
  16.557114    -1.6363E+00
  16.609218    -1.6035E+00
  16.661323    -1.5714E+00
  16.713427    -1.5401E+00
  16.765531    -1.5096E+00
  16.817635    -1.4797E+00
  16.869739    -1.4506E+00
  16.921844    -1.4221E+00
  16.973948    -1.3944E+00
  17.026052    -1.3672E+00
  17.078156    -1.3407E+00
  17.130261    -1.3148E+00
  17.182365    -1.2895E+00
  17.234469    -1.2648E+00
  17.286573    -1.2406E+00
  17.338677    -1.2170E+00
  17.390782    -1.1939E+00
  17.442886    -1.1713E+00
  17.494990    -1.1493E+00
  17.547094    -1.1277E+00
  17.599198    -1.1066E+00
  17.651303    -1.0860E+00
  17.703407    -1.0659E+00
  17.755511    -1.0462E+00
  17.807615    -1.0269E+00
  17.859719    -1.0080E+00
  17.911824    -9.8960E-01
  17.963928    -9.7156E-01
  18.016032    -9.5392E-01
  18.068136    -9.3665E-01
  18.120240    -9.1976E-01
  18.172345    -9.0323E-01
  18.224449    -8.8705E-01
  18.276553    -8.7122E-01
  18.328657    -8.5572E-01
  18.380762    -8.4056E-01
  18.432866    -8.2571E-01
  18.484970    -8.1117E-01
  18.537074    -7.9694E-01
  18.589178    -7.8301E-01
  18.641283    -7.6936E-01
  18.693387    -7.5600E-01
  18.745491    -7.4291E-01
  18.797595    -7.3009E-01
  18.849699    -7.1754E-01
  18.901804    -7.0524E-01
  18.953908    -6.9319E-01
  19.006012    -6.8139E-01
  19.058116    -6.6982E-01
  19.110220    -6.5849E-01
  19.162325    -6.4738E-01
  19.214429    -6.3650E-01
  19.266533    -6.2583E-01
  19.318637    -6.1538E-01
  19.370741    -6.0513E-01
  19.422846    -5.9508E-01
  19.474950    -5.8523E-01
  19.527054    -5.7558E-01
  19.579158    -5.6611E-01
  19.631263    -5.5683E-01
  19.683367    -5.4773E-01
  19.735471    -5.3880E-01
  19.787575    -5.3004E-01
  19.839679    -5.2145E-01
  19.891784    -5.1303E-01
  19.943888    -5.0477E-01
  19.995992    -4.9666E-01
  20.048096    -4.8871E-01
  20.100200    -4.8091E-01
  20.152305    -4.7325E-01
  20.204409    -4.6574E-01
  20.256513    -4.5837E-01
  20.308617    -4.5114E-01
  20.360721    -4.4404E-01
  20.412826    -4.3707E-01
  20.464930    -4.3023E-01
  20.517034    -4.2351E-01
  20.569138    -4.1692E-01
  20.621242    -4.1045E-01
  20.673347    -4.0410E-01
  20.725451    -3.9786E-01
  20.777555    -3.9174E-01
  20.829659    -3.8572E-01
  20.881764    -3.7982E-01
  20.933868    -3.7402E-01
  20.985972    -3.6832E-01
  21.038076    -3.6273E-01
  21.090180    -3.5723E-01
  21.142285    -3.5183E-01
  21.194389    -3.4653E-01
  21.246493    -3.4132E-01
  21.298597    -3.3621E-01
  21.350701    -3.3118E-01
  21.402806    -3.2624E-01
  21.454910    -3.2138E-01
  21.507014    -3.1661E-01
  21.559118    -3.1193E-01
  21.611222    -3.0732E-01
  21.663327    -3.0279E-01
  21.715431    -2.9835E-01
  21.767535    -2.9397E-01
  21.819639    -2.8967E-01
  21.871743    -2.8545E-01
  21.923848    -2.8130E-01
  21.975952    -2.7721E-01
  22.028056    -2.7320E-01
  22.080160    -2.6925E-01
  22.132265    -2.6537E-01
  22.184369    -2.6156E-01
  22.236473    -2.5780E-01
  22.288577    -2.5412E-01
  22.340681    -2.5049E-01
  22.392786    -2.4692E-01
  22.444890    -2.4341E-01
  22.496994    -2.3996E-01
  22.549098    -2.3657E-01
  22.601202    -2.3323E-01
  22.653307    -2.2994E-01
  22.705411    -2.2671E-01
  22.757515    -2.2354E-01
  22.809619    -2.2041E-01
  22.861723    -2.1733E-01
  22.913828    -2.1431E-01
  22.965932    -2.1133E-01
  23.018036    -2.0840E-01
  23.070140    -2.0552E-01
  23.122244    -2.0268E-01
  23.174349    -1.9989E-01
  23.226453    -1.9715E-01
  23.278557    -1.9444E-01
  23.330661    -1.9178E-01
  23.382766    -1.8917E-01
  23.434870    -1.8659E-01
  23.486974    -1.8405E-01
  23.539078    -1.8156E-01
  23.591182    -1.7910E-01
  23.643287    -1.7668E-01
  23.695391    -1.7430E-01
  23.747495    -1.7196E-01
  23.799599    -1.6965E-01
  23.851703    -1.6738E-01
  23.903808    -1.6514E-01
  23.955912    -1.6294E-01
  24.008016    -1.6077E-01
  24.060120    -1.5864E-01
  24.112224    -1.5653E-01
  24.164329    -1.5446E-01
  24.216433    -1.5242E-01
  24.268537    -1.5042E-01
  24.320641    -1.4844E-01
  24.372745    -1.4649E-01
  24.424850    -1.4457E-01
  24.476954    -1.4268E-01
  24.529058    -1.4082E-01
  24.581162    -1.3899E-01
  24.633267    -1.3719E-01
  24.685371    -1.3541E-01
  24.737475    -1.3366E-01
  24.789579    -1.3193E-01
  24.841683    -1.3023E-01
  24.893788    -1.2856E-01
  24.945892    -1.2691E-01
  24.997996    -1.2528E-01
  25.050100    -1.2368E-01
  25.102204    -1.2210E-01
  25.154309    -1.2055E-01
  25.206413    -1.1902E-01
  25.258517    -1.1751E-01
  25.310621    -1.1602E-01
  25.362725    -1.1455E-01
  25.414830    -1.1311E-01
  25.466934    -1.1168E-01
  25.519038    -1.1028E-01
  25.571142    -1.0890E-01
  25.623246    -1.0753E-01
  25.675351    -1.0619E-01
  25.727455    -1.0487E-01
  25.779559    -1.0356E-01
  25.831663    -1.0228E-01
  25.883768    -1.0101E-01
  25.935872    -9.9758E-02
  25.987976    -9.8526E-02
  26.040080    -9.7311E-02
  26.092184    -9.6114E-02
  26.144289    -9.4933E-02
  26.196393    -9.3769E-02
  26.248497    -9.2622E-02
  26.300601    -9.1491E-02
  26.352705    -9.0375E-02
  26.404810    -8.9275E-02
  26.456914    -8.8191E-02
  26.509018    -8.7122E-02
  26.561122    -8.6067E-02
  26.613226    -8.5027E-02
  26.665331    -8.4002E-02
  26.717435    -8.2991E-02
  26.769539    -8.1994E-02
  26.821643    -8.1010E-02
  26.873747    -8.0041E-02
  26.925852    -7.9084E-02
  26.977956    -7.8141E-02
  27.030060    -7.7210E-02
  27.082164    -7.6293E-02
  27.134269    -7.5388E-02
  27.186373    -7.4495E-02
  27.238477    -7.3614E-02
  27.290581    -7.2745E-02
  27.342685    -7.1888E-02
  27.394790    -7.1043E-02
  27.446894    -7.0209E-02
  27.498998    -6.9386E-02
  27.551102    -6.8575E-02
  27.603206    -6.7774E-02
  27.655311    -6.6984E-02
  27.707415    -6.6205E-02
  27.759519    -6.5436E-02
  27.811623    -6.4677E-02
  27.863727    -6.3928E-02
  27.915832    -6.3190E-02
  27.967936    -6.2461E-02
  28.020040    -6.1741E-02
  28.072144    -6.1032E-02
  28.124248    -6.0331E-02
  28.176353    -5.9640E-02
  28.228457    -5.8958E-02
  28.280561    -5.8285E-02
  28.332665    -5.7621E-02
  28.384770    -5.6965E-02
  28.436874    -5.6318E-02
  28.488978    -5.5680E-02
  28.541082    -5.5050E-02
  28.593186    -5.4428E-02
  28.645291    -5.3814E-02
  28.697395    -5.3208E-02
  28.749499    -5.2610E-02
  28.801603    -5.2019E-02
  28.853707    -5.1436E-02
  28.905812    -5.0861E-02
  28.957916    -5.0293E-02
  29.010020    -4.9732E-02
  29.062124    -4.9179E-02
  29.114228    -4.8632E-02
  29.166333    -4.8093E-02
  29.218437    -4.7560E-02
  29.270541    -4.7035E-02
  29.322645    -4.6516E-02
  29.374749    -4.6003E-02
  29.426854    -4.5497E-02
  29.478958    -4.4997E-02
  29.531062    -4.4504E-02
  29.583166    -4.4017E-02
  29.635271    -4.3536E-02
  29.687375    -4.3061E-02
  29.739479    -4.2592E-02
  29.791583    -4.2129E-02
  29.843687    -4.1671E-02
  29.895792    -4.1220E-02
  29.947896    -4.0774E-02
  30.000000    -4.0333E-02
  35.71142285
   4.000000     5.0902E+04
   4.052104     4.8711E+04
   4.104208     4.6395E+04
   4.156313     4.4012E+04
   4.208417     4.1605E+04
   4.260521     3.9209E+04
   4.312625     3.6851E+04
   4.364729     3.4552E+04
   4.416834     3.2327E+04
   4.468938     3.0186E+04
   4.521042     2.8137E+04
   4.573146     2.6184E+04
   4.625251     2.4330E+04
   4.677355     2.2577E+04
   4.729459     2.0922E+04
   4.781563     1.9365E+04
   4.833667     1.7903E+04
   4.885772     1.6533E+04
   4.937876     1.5252E+04
   4.989980     1.4056E+04
   5.042084     1.2941E+04
   5.094188     1.1903E+04
   5.146293     1.0938E+04
   5.198397     1.0042E+04
   5.250501     9.2103E+03
   5.302605     8.4400E+03
   5.354709     7.7270E+03
   5.406814     7.0676E+03
   5.458918     6.4584E+03
   5.511022     5.8960E+03
   5.563126     5.3772E+03
   5.615230     4.8991E+03
   5.667335     4.4589E+03
   5.719439     4.0538E+03
   5.771543     3.6813E+03
   5.823647     3.3390E+03
   5.875752     3.0248E+03
   5.927856     2.7366E+03
   5.979960     2.4723E+03
   6.032064     2.2302E+03
   6.084168     2.0087E+03
   6.136273     1.8060E+03
   6.188377     1.6208E+03
   6.240481     1.4517E+03
   6.292585     1.2973E+03
   6.344689     1.1566E+03
   6.396794     1.0285E+03
   6.448898     9.1186E+02
   6.501002     8.0582E+02
   6.553106     7.0951E+02
   6.605210     6.2212E+02
   6.657315     5.4292E+02
   6.709419     4.7121E+02
   6.761523     4.0638E+02
   6.813627     3.4782E+02
   6.865731     2.9502E+02
   6.917836     2.4748E+02
   6.969940     2.0473E+02
   7.022044     1.6636E+02
   7.074148     1.3199E+02
   7.126253     1.0126E+02
   7.178357     7.3843E+01
   7.230461     4.9446E+01
   7.282565     2.7791E+01
   7.334669     8.6270E+00
   7.386774    -8.2761E+00
   7.438878    -2.3130E+01
   7.490982    -3.6128E+01
   7.543086    -4.7447E+01
   7.595190    -5.7250E+01
   7.647295    -6.5684E+01
   7.699399    -7.2884E+01
   7.751503    -7.8975E+01
   7.803607    -8.4068E+01
   7.855711    -8.8266E+01
   7.907816    -9.1664E+01
   7.959920    -9.4345E+01
   8.012024    -9.6388E+01
   8.064128    -9.7863E+01
   8.116232    -9.8834E+01
   8.168337    -9.9359E+01
   8.220441    -9.9491E+01
   8.272545    -9.9276E+01
   8.324649    -9.8759E+01
   8.376754    -9.7978E+01
   8.428858    -9.6969E+01
   8.480962    -9.5762E+01
   8.533066    -9.4387E+01
   8.585170    -9.2869E+01
   8.637275    -9.1232E+01
   8.689379    -8.9495E+01
   8.741483    -8.7677E+01
   8.793587    -8.5795E+01
   8.845691    -8.3864E+01
   8.897796    -8.1896E+01
   8.949900    -7.9903E+01
   9.002004    -7.7896E+01
   9.054108    -7.5882E+01
   9.106212    -7.3871E+01
   9.158317    -7.1868E+01
   9.210421    -6.9881E+01
   9.262525    -6.7914E+01
   9.314629    -6.5971E+01
   9.366733    -6.4058E+01
   9.418838    -6.2175E+01
   9.470942    -6.0328E+01
   9.523046    -5.8517E+01
   9.575150    -5.6744E+01
   9.627255    -5.5011E+01
   9.679359    -5.3320E+01
   9.731463    -5.1670E+01
   9.783567    -5.0063E+01
   9.835671    -4.8498E+01
   9.887776    -4.6976E+01
   9.939880    -4.5497E+01
   9.991984    -4.4061E+01
  10.044088    -4.2667E+01
  10.096192    -4.1314E+01
  10.148297    -4.0003E+01
  10.200401    -3.8732E+01
  10.252505    -3.7501E+01
  10.304609    -3.6309E+01
  10.356713    -3.5155E+01
  10.408818    -3.4039E+01
  10.460922    -3.2959E+01
  10.513026    -3.1914E+01
  10.565130    -3.0904E+01
  10.617234    -2.9928E+01
  10.669339    -2.8984E+01
  10.721443    -2.8072E+01
  10.773547    -2.7191E+01
  10.825651    -2.6340E+01
  10.877756    -2.5518E+01
  10.929860    -2.4723E+01
  10.981964    -2.3956E+01
  11.034068    -2.3215E+01
  11.086172    -2.2499E+01
  11.138277    -2.1808E+01
  11.190381    -2.1141E+01
  11.242485    -2.0496E+01
  11.294589    -1.9873E+01
  11.346693    -1.9272E+01
  11.398798    -1.8691E+01
  11.450902    -1.8129E+01
  11.503006    -1.7587E+01
  11.555110    -1.7064E+01
  11.607214    -1.6558E+01
  11.659319    -1.6069E+01
  11.711423    -1.5596E+01
  11.763527    -1.5140E+01
  11.815631    -1.4699E+01
  11.867735    -1.4272E+01
  11.919840    -1.3860E+01
  11.971944    -1.3462E+01
  12.024048    -1.3076E+01
  12.076152    -1.2704E+01
  12.128257    -1.2343E+01
  12.180361    -1.1995E+01
  12.232465    -1.1658E+01
  12.284569    -1.1331E+01
  12.336673    -1.1016E+01
  12.388778    -1.0710E+01
  12.440882    -1.0415E+01
  12.492986    -1.0128E+01
  12.545090    -9.8513E+00
  12.597194    -9.5830E+00
  12.649299    -9.3232E+00
  12.701403    -9.0715E+00
  12.753507    -8.8278E+00
  12.805611    -8.5916E+00
  12.857715    -8.3628E+00
  12.909820    -8.1411E+00
  12.961924    -7.9261E+00
  13.014028    -7.7178E+00
  13.066132    -7.5159E+00
  13.118236    -7.3200E+00
  13.170341    -7.1301E+00
  13.222445    -6.9460E+00
  13.274549    -6.7673E+00
  13.326653    -6.5940E+00
  13.378758    -6.4259E+00
  13.430862    -6.2627E+00
  13.482966    -6.1044E+00
  13.535070    -5.9507E+00
  13.587174    -5.8015E+00
  13.639279    -5.6567E+00
  13.691383    -5.5160E+00
  13.743487    -5.3794E+00
  13.795591    -5.2468E+00
  13.847695    -5.1179E+00
  13.899800    -4.9928E+00
  13.951904    -4.8712E+00
  14.004008    -4.7530E+00
  14.056112    -4.6382E+00
  14.108216    -4.5266E+00
  14.160321    -4.4181E+00
  14.212425    -4.3127E+00
  14.264529    -4.2102E+00
  14.316633    -4.1105E+00
  14.368737    -4.0135E+00
  14.420842    -3.9193E+00
  14.472946    -3.8276E+00
  14.525050    -3.7384E+00
  14.577154    -3.6516E+00
  14.629259    -3.5672E+00
  14.681363    -3.4851E+00
  14.733467    -3.4051E+00
  14.785571    -3.3273E+00
  14.837675    -3.2516E+00
  14.889780    -3.1779E+00
  14.941884    -3.1061E+00
  14.993988    -3.0362E+00
  15.046092    -2.9682E+00
  15.098196    -2.9020E+00
  15.150301    -2.8374E+00
  15.202405    -2.7746E+00
  15.254509    -2.7134E+00
  15.306613    -2.6538E+00
  15.358717    -2.5957E+00
  15.410822    -2.5391E+00
  15.462926    -2.4839E+00
  15.515030    -2.4301E+00
  15.567134    -2.3777E+00
  15.619238    -2.3267E+00
  15.671343    -2.2769E+00
  15.723447    -2.2284E+00
  15.775551    -2.1811E+00
  15.827655    -2.1349E+00
  15.879760    -2.0899E+00
  15.931864    -2.0461E+00
  15.983968    -2.0033E+00
  16.036072    -1.9616E+00
  16.088176    -1.9208E+00
  16.140281    -1.8811E+00
  16.192385    -1.8424E+00
  16.244489    -1.8046E+00
  16.296593    -1.7677E+00
  16.348697    -1.7317E+00
  16.400802    -1.6965E+00
  16.452906    -1.6622E+00
  16.505010    -1.6288E+00
  16.557114    -1.5961E+00
  16.609218    -1.5642E+00
  16.661323    -1.5330E+00
  16.713427    -1.5026E+00
  16.765531    -1.4729E+00
  16.817635    -1.4439E+00
  16.869739    -1.4155E+00
  16.921844    -1.3879E+00
  16.973948    -1.3608E+00
  17.026052    -1.3344E+00
  17.078156    -1.3086E+00
  17.130261    -1.2834E+00
  17.182365    -1.2588E+00
  17.234469    -1.2347E+00
  17.286573    -1.2111E+00
  17.338677    -1.1881E+00
  17.390782    -1.1657E+00
  17.442886    -1.1437E+00
  17.494990    -1.1222E+00
  17.547094    -1.1012E+00
  17.599198    -1.0806E+00
  17.651303    -1.0605E+00
  17.703407    -1.0409E+00
  17.755511    -1.0217E+00
  17.807615    -1.0029E+00
  17.859719    -9.8449E-01
  17.911824    -9.6650E-01
  17.963928    -9.4891E-01
  18.016032    -9.3169E-01
  18.068136    -9.1485E-01
  18.120240    -8.9836E-01
  18.172345    -8.8223E-01
  18.224449    -8.6644E-01
  18.276553    -8.5099E-01
  18.328657    -8.3586E-01
  18.380762    -8.2105E-01
  18.432866    -8.0655E-01
  18.484970    -7.9236E-01
  18.537074    -7.7846E-01
  18.589178    -7.6485E-01
  18.641283    -7.5152E-01
  18.693387    -7.3847E-01
  18.745491    -7.2569E-01
  18.797595    -7.1317E-01
  18.849699    -7.0090E-01
  18.901804    -6.8889E-01
  18.953908    -6.7711E-01
  19.006012    -6.6558E-01
  19.058116    -6.5428E-01
  19.110220    -6.4320E-01
  19.162325    -6.3235E-01
  19.214429    -6.2171E-01
  19.266533    -6.1129E-01
  19.318637    -6.0107E-01
  19.370741    -5.9105E-01
  19.422846    -5.8124E-01
  19.474950    -5.7161E-01
  19.527054    -5.6217E-01
  19.579158    -5.5292E-01
  19.631263    -5.4384E-01
  19.683367    -5.3494E-01
  19.735471    -5.2622E-01
  19.787575    -5.1766E-01
  19.839679    -5.0926E-01
  19.891784    -5.0103E-01
  19.943888    -4.9295E-01
  19.995992    -4.8503E-01
  20.048096    -4.7725E-01
  20.100200    -4.6963E-01
  20.152305    -4.6214E-01
  20.204409    -4.5480E-01
  20.256513    -4.4759E-01
  20.308617    -4.4052E-01
  20.360721    -4.3358E-01
  20.412826    -4.2677E-01
  20.464930    -4.2009E-01
  20.517034    -4.1352E-01
  20.569138    -4.0708E-01
  20.621242    -4.0076E-01
  20.673347    -3.9455E-01
  20.725451    -3.8845E-01
  20.777555    -3.8246E-01
  20.829659    -3.7659E-01
  20.881764    -3.7081E-01
  20.933868    -3.6515E-01
  20.985972    -3.5958E-01
  21.038076    -3.5411E-01
  21.090180    -3.4874E-01
  21.142285    -3.4347E-01
  21.194389    -3.3829E-01
  21.246493    -3.3320E-01
  21.298597    -3.2820E-01
  21.350701    -3.2329E-01
  21.402806    -3.1846E-01
  21.454910    -3.1372E-01
  21.507014    -3.0906E-01
  21.559118    -3.0448E-01
  21.611222    -2.9998E-01
  21.663327    -2.9556E-01
  21.715431    -2.9121E-01
  21.767535    -2.8694E-01
  21.819639    -2.8274E-01
  21.871743    -2.7862E-01
  21.923848    -2.7456E-01
  21.975952    -2.7058E-01
  22.028056    -2.6666E-01
  22.080160    -2.6280E-01
  22.132265    -2.5901E-01
  22.184369    -2.5529E-01
  22.236473    -2.5163E-01
  22.288577    -2.4803E-01
  22.340681    -2.4448E-01
  22.392786    -2.4100E-01
  22.444890    -2.3758E-01
  22.496994    -2.3421E-01
  22.549098    -2.3090E-01
  22.601202    -2.2764E-01
  22.653307    -2.2443E-01
  22.705411    -2.2128E-01
  22.757515    -2.1818E-01
  22.809619    -2.1513E-01
  22.861723    -2.1213E-01
  22.913828    -2.0918E-01
  22.965932    -2.0627E-01
  23.018036    -2.0342E-01
  23.070140    -2.0061E-01
  23.122244    -1.9784E-01
  23.174349    -1.9512E-01
  23.226453    -1.9244E-01
  23.278557    -1.8980E-01
  23.330661    -1.8721E-01
  23.382766    -1.8466E-01
  23.434870    -1.8214E-01
  23.486974    -1.7967E-01
  23.539078    -1.7724E-01
  23.591182    -1.7484E-01
  23.643287    -1.7248E-01
  23.695391    -1.7016E-01
  23.747495    -1.6788E-01
  23.799599    -1.6563E-01
  23.851703    -1.6341E-01
  23.903808    -1.6123E-01
  23.955912    -1.5909E-01
  24.008016    -1.5697E-01
  24.060120    -1.5489E-01
  24.112224    -1.5284E-01
  24.164329    -1.5082E-01
  24.216433    -1.4884E-01
  24.268537    -1.4688E-01
  24.320641    -1.4495E-01
  24.372745    -1.4306E-01
  24.424850    -1.4119E-01
  24.476954    -1.3935E-01
  24.529058    -1.3754E-01
  24.581162    -1.3575E-01
  24.633267    -1.3399E-01
  24.685371    -1.3226E-01
  24.737475    -1.3055E-01
  24.789579    -1.2887E-01
  24.841683    -1.2722E-01
  24.893788    -1.2558E-01
  24.945892    -1.2398E-01
  24.997996    -1.2239E-01
  25.050100    -1.2083E-01
  25.102204    -1.1930E-01
  25.154309    -1.1778E-01
  25.206413    -1.1629E-01
  25.258517    -1.1482E-01
  25.310621    -1.1337E-01
  25.362725    -1.1194E-01
  25.414830    -1.1054E-01
  25.466934    -1.0915E-01
  25.519038    -1.0778E-01
  25.571142    -1.0644E-01
  25.623246    -1.0511E-01
  25.675351    -1.0380E-01
  25.727455    -1.0251E-01
  25.779559    -1.0124E-01
  25.831663    -9.9990E-02
  25.883768    -9.8755E-02
  25.935872    -9.7538E-02
  25.987976    -9.6339E-02
  26.040080    -9.5156E-02
  26.092184    -9.3990E-02
  26.144289    -9.2841E-02
  26.196393    -9.1707E-02
  26.248497    -9.0590E-02
  26.300601    -8.9489E-02
  26.352705    -8.8403E-02
  26.404810    -8.7332E-02
  26.456914    -8.6276E-02
  26.509018    -8.5235E-02
  26.561122    -8.4209E-02
  26.613226    -8.3196E-02
  26.665331    -8.2198E-02
  26.717435    -8.1214E-02
  26.769539    -8.0243E-02
  26.821643    -7.9285E-02
  26.873747    -7.8341E-02
  26.925852    -7.7410E-02
  26.977956    -7.6491E-02
  27.030060    -7.5586E-02
  27.082164    -7.4692E-02
  27.134269    -7.3811E-02
  27.186373    -7.2942E-02
  27.238477    -7.2084E-02
  27.290581    -7.1238E-02
  27.342685    -7.0404E-02
  27.394790    -6.9581E-02
  27.446894    -6.8769E-02
  27.498998    -6.7968E-02
  27.551102    -6.7177E-02
  27.603206    -6.6398E-02
  27.655311    -6.5628E-02
  27.707415    -6.4870E-02
  27.759519    -6.4121E-02
  27.811623    -6.3382E-02
  27.863727    -6.2653E-02
  27.915832    -6.1934E-02
  27.967936    -6.1224E-02
  28.020040    -6.0523E-02
  28.072144    -5.9832E-02
  28.124248    -5.9150E-02
  28.176353    -5.8477E-02
  28.228457    -5.7813E-02
  28.280561    -5.7157E-02
  28.332665    -5.6510E-02
  28.384770    -5.5872E-02
  28.436874    -5.5242E-02
  28.488978    -5.4620E-02
  28.541082    -5.4006E-02
  28.593186    -5.3400E-02
  28.645291    -5.2802E-02
  28.697395    -5.2212E-02
  28.749499    -5.1629E-02
  28.801603    -5.1054E-02
  28.853707    -5.0486E-02
  28.905812    -4.9925E-02
  28.957916    -4.9372E-02
  29.010020    -4.8826E-02
  29.062124    -4.8286E-02
  29.114228    -4.7754E-02
  29.166333    -4.7228E-02
  29.218437    -4.6709E-02
  29.270541    -4.6197E-02
  29.322645    -4.5691E-02
  29.374749    -4.5192E-02
  29.426854    -4.4698E-02
  29.478958    -4.4211E-02
  29.531062    -4.3731E-02
  29.583166    -4.3256E-02
  29.635271    -4.2787E-02
  29.687375    -4.2324E-02
  29.739479    -4.1867E-02
  29.791583    -4.1415E-02
  29.843687    -4.0969E-02
  29.895792    -4.0529E-02
  29.947896    -4.0094E-02
  30.000000    -3.9665E-02
  39.31863727
   4.000000     4.6304E+04
   4.052104     4.4070E+04
   4.104208     4.1781E+04
   4.156313     3.9475E+04
   4.208417     3.7186E+04
   4.260521     3.4937E+04
   4.312625     3.2747E+04
   4.364729     3.0630E+04
   4.416834     2.8596E+04
   4.468938     2.6650E+04
   4.521042     2.4797E+04
   4.573146     2.3039E+04
   4.625251     2.1376E+04
   4.677355     1.9808E+04
   4.729459     1.8333E+04
   4.781563     1.6948E+04
   4.833667     1.5651E+04
   4.885772     1.4438E+04
   4.937876     1.3305E+04
   4.989980     1.2249E+04
   5.042084     1.1266E+04
   5.094188     1.0353E+04
   5.146293     9.5039E+03
   5.198397     8.7168E+03
   5.250501     7.9873E+03
   5.302605     7.3120E+03
   5.354709     6.6875E+03
   5.406814     6.1104E+03
   5.458918     5.5776E+03
   5.511022     5.0861E+03
   5.563126     4.6331E+03
   5.615230     4.2158E+03
   5.667335     3.8319E+03
   5.719439     3.4788E+03
   5.771543     3.1543E+03
   5.823647     2.8564E+03
   5.875752     2.5831E+03
   5.927856     2.3326E+03
   5.979960     2.1030E+03
   6.032064     1.8929E+03
   6.084168     1.7007E+03
   6.136273     1.5250E+03
   6.188377     1.3646E+03
   6.240481     1.2183E+03
   6.292585     1.0849E+03
   6.344689     9.6336E+02
   6.396794     8.5279E+02
   6.448898     7.5228E+02
   6.501002     6.6100E+02
   6.553106     5.7820E+02
   6.605210     5.0317E+02
   6.657315     4.3527E+02
   6.709419     3.7389E+02
   6.761523     3.1848E+02
   6.813627     2.6854E+02
   6.865731     2.2360E+02
   6.917836     1.8322E+02
   6.969940     1.4700E+02
   7.022044     1.1458E+02
   7.074148     8.5618E+01
   7.126253     5.9811E+01
   7.178357     3.6871E+01
   7.230461     1.6538E+01
   7.282565    -1.4276E+00
   7.334669    -1.7246E+01
   7.386774    -3.1117E+01
   7.438878    -4.3227E+01
   7.490982    -5.3742E+01
   7.543086    -6.2819E+01
   7.595190    -7.0597E+01
   7.647295    -7.7205E+01
   7.699399    -8.2762E+01
   7.751503    -8.7374E+01
   7.803607    -9.1140E+01
   7.855711    -9.4148E+01
   7.907816    -9.6480E+01
   7.959920    -9.8209E+01
   8.012024    -9.9403E+01
   8.064128    -1.0012E+02
   8.116232    -1.0042E+02
   8.168337    -1.0035E+02
   8.220441    -9.9960E+01
   8.272545    -9.9284E+01
   8.324649    -9.8362E+01
   8.376754    -9.7228E+01
   8.428858    -9.5911E+01
   8.480962    -9.4440E+01
   8.533066    -9.2837E+01
   8.585170    -9.1126E+01
   8.637275    -8.9325E+01
   8.689379    -8.7452E+01
   8.741483    -8.5522E+01
   8.793587    -8.3550E+01
   8.845691    -8.1548E+01
   8.897796    -7.9526E+01
   8.949900    -7.7495E+01
   9.002004    -7.5462E+01
   9.054108    -7.3436E+01
   9.106212    -7.1422E+01
   9.158317    -6.9426E+01
   9.210421    -6.7454E+01
   9.262525    -6.5508E+01
   9.314629    -6.3593E+01
   9.366733    -6.1712E+01
   9.418838    -5.9867E+01
   9.470942    -5.8060E+01
   9.523046    -5.6293E+01
   9.575150    -5.4566E+01
   9.627255    -5.2882E+01
   9.679359    -5.1240E+01
   9.731463    -4.9642E+01
   9.783567    -4.8086E+01
   9.835671    -4.6574E+01
   9.887776    -4.5105E+01
   9.939880    -4.3678E+01
   9.991984    -4.2294E+01
  10.044088    -4.0952E+01
  10.096192    -3.9651E+01
  10.148297    -3.8391E+01
  10.200401    -3.7170E+01
  10.252505    -3.5989E+01
  10.304609    -3.4845E+01
  10.356713    -3.3739E+01
  10.408818    -3.2669E+01
  10.460922    -3.1634E+01
  10.513026    -3.0633E+01
  10.565130    -2.9666E+01
  10.617234    -2.8732E+01
  10.669339    -2.7829E+01
  10.721443    -2.6956E+01
  10.773547    -2.6113E+01
  10.825651    -2.5299E+01
  10.877756    -2.4513E+01
  10.929860    -2.3753E+01
  10.981964    -2.3020E+01
  11.034068    -2.2311E+01
  11.086172    -2.1627E+01
  11.138277    -2.0966E+01
  11.190381    -2.0327E+01
  11.242485    -1.9711E+01
  11.294589    -1.9115E+01
  11.346693    -1.8540E+01
  11.398798    -1.7984E+01
  11.450902    -1.7447E+01
  11.503006    -1.6929E+01
  11.555110    -1.6428E+01
  11.607214    -1.5944E+01
  11.659319    -1.5476E+01
  11.711423    -1.5023E+01
  11.763527    -1.4586E+01
  11.815631    -1.4164E+01
  11.867735    -1.3755E+01
  11.919840    -1.3361E+01
  11.971944    -1.2979E+01
  12.024048    -1.2609E+01
  12.076152    -1.2252E+01
  12.128257    -1.1907E+01
  12.180361    -1.1572E+01
  12.232465    -1.1249E+01
  12.284569    -1.0936E+01
  12.336673    -1.0633E+01
  12.388778    -1.0340E+01
  12.440882    -1.0056E+01
  12.492986    -9.7812E+00
  12.545090    -9.5150E+00
  12.597194    -9.2573E+00
  12.649299    -9.0076E+00
  12.701403    -8.7657E+00
  12.753507    -8.5314E+00
  12.805611    -8.3043E+00
  12.857715    -8.0842E+00
  12.909820    -7.8709E+00
  12.961924    -7.6641E+00
  13.014028    -7.4636E+00
  13.066132    -7.2692E+00
  13.118236    -7.0807E+00
  13.170341    -6.8978E+00
  13.222445    -6.7204E+00
  13.274549    -6.5483E+00
  13.326653    -6.3813E+00
  13.378758    -6.2193E+00
  13.430862    -6.0620E+00
  13.482966    -5.9093E+00
  13.535070    -5.7611E+00
  13.587174    -5.6172E+00
  13.639279    -5.4775E+00
  13.691383    -5.3418E+00
  13.743487    -5.2100E+00
  13.795591    -5.0820E+00
  13.847695    -4.9577E+00
  13.899800    -4.8368E+00
  13.951904    -4.7194E+00
  14.004008    -4.6053E+00
  14.056112    -4.4944E+00
  14.108216    -4.3867E+00
  14.160321    -4.2819E+00
  14.212425    -4.1800E+00
  14.264529    -4.0809E+00
  14.316633    -3.9846E+00
  14.368737    -3.8909E+00
  14.420842    -3.7998E+00
  14.472946    -3.7112E+00
  14.525050    -3.6249E+00
  14.577154    -3.5410E+00
  14.629259    -3.4594E+00
  14.681363    -3.3800E+00
  14.733467    -3.3027E+00
  14.785571    -3.2274E+00
  14.837675    -3.1542E+00
  14.889780    -3.0828E+00
  14.941884    -3.0134E+00
  14.993988    -2.9458E+00
  15.046092    -2.8800E+00
  15.098196    -2.8159E+00
  15.150301    -2.7534E+00
  15.202405    -2.6926E+00
  15.254509    -2.6334E+00
  15.306613    -2.5757E+00
  15.358717    -2.5194E+00
  15.410822    -2.4646E+00
  15.462926    -2.4112E+00
  15.515030    -2.3592E+00
  15.567134    -2.3084E+00
  15.619238    -2.2590E+00
  15.671343    -2.2108E+00
  15.723447    -2.1638E+00
  15.775551    -2.1180E+00
  15.827655    -2.0733E+00
  15.879760    -2.0297E+00
  15.931864    -1.9872E+00
  15.983968    -1.9458E+00
  16.036072    -1.9054E+00
  16.088176    -1.8659E+00
  16.140281    -1.8274E+00
  16.192385    -1.7899E+00
  16.244489    -1.7533E+00
  16.296593    -1.7175E+00
  16.348697    -1.6826E+00
  16.400802    -1.6486E+00
  16.452906    -1.6154E+00
  16.505010    -1.5829E+00
  16.557114    -1.5512E+00
  16.609218    -1.5203E+00
  16.661323    -1.4901E+00
  16.713427    -1.4606E+00
  16.765531    -1.4318E+00
  16.817635    -1.4037E+00
  16.869739    -1.3762E+00
  16.921844    -1.3494E+00
  16.973948    -1.3232E+00
  17.026052    -1.2976E+00
  17.078156    -1.2726E+00
  17.130261    -1.2481E+00
  17.182365    -1.2242E+00
  17.234469    -1.2009E+00
  17.286573    -1.1780E+00
  17.338677    -1.1557E+00
  17.390782    -1.1339E+00
  17.442886    -1.1126E+00
  17.494990    -1.0918E+00
  17.547094    -1.0714E+00
  17.599198    -1.0515E+00
  17.651303    -1.0320E+00
  17.703407    -1.0129E+00
  17.755511    -9.9426E-01
  17.807615    -9.7602E-01
  17.859719    -9.5818E-01
  17.911824    -9.4073E-01
  17.963928    -9.2366E-01
  18.016032    -9.0695E-01
  18.068136    -8.9060E-01
  18.120240    -8.7460E-01
  18.172345    -8.5894E-01
  18.224449    -8.4362E-01
  18.276553    -8.2861E-01
  18.328657    -8.1393E-01
  18.380762    -7.9955E-01
  18.432866    -7.8548E-01
  18.484970    -7.7170E-01
  18.537074    -7.5820E-01
  18.589178    -7.4499E-01
  18.641283    -7.3204E-01
  18.693387    -7.1937E-01
  18.745491    -7.0695E-01
  18.797595    -6.9479E-01
  18.849699    -6.8288E-01
  18.901804    -6.7120E-01
  18.953908    -6.5977E-01
  19.006012    -6.4856E-01
  19.058116    -6.3758E-01
  19.110220    -6.2682E-01
  19.162325    -6.1628E-01
  19.214429    -6.0594E-01
  19.266533    -5.9581E-01
  19.318637    -5.8588E-01
  19.370741    -5.7614E-01
  19.422846    -5.6660E-01
  19.474950    -5.5724E-01
  19.527054    -5.4807E-01
  19.579158    -5.3907E-01
  19.631263    -5.3025E-01
  19.683367    -5.2160E-01
  19.735471    -5.1311E-01
  19.787575    -5.0479E-01
  19.839679    -4.9663E-01
  19.891784    -4.8862E-01
  19.943888    -4.8077E-01
  19.995992    -4.7306E-01
  20.048096    -4.6550E-01
  20.100200    -4.5808E-01
  20.152305    -4.5080E-01
  20.204409    -4.4365E-01
  20.256513    -4.3664E-01
  20.308617    -4.2976E-01
  20.360721    -4.2301E-01
  20.412826    -4.1638E-01
  20.464930    -4.0988E-01
  20.517034    -4.0349E-01
  20.569138    -3.9722E-01
  20.621242    -3.9106E-01
  20.673347    -3.8502E-01
  20.725451    -3.7909E-01
  20.777555    -3.7326E-01
  20.829659    -3.6754E-01
  20.881764    -3.6192E-01
  20.933868    -3.5640E-01
  20.985972    -3.5098E-01
  21.038076    -3.4566E-01
  21.090180    -3.4043E-01
  21.142285    -3.3529E-01
  21.194389    -3.3024E-01
  21.246493    -3.2529E-01
  21.298597    -3.2042E-01
  21.350701    -3.1563E-01
  21.402806    -3.1093E-01
  21.454910    -3.0631E-01
  21.507014    -3.0177E-01
  21.559118    -2.9731E-01
  21.611222    -2.9293E-01
  21.663327    -2.8862E-01
  21.715431    -2.8439E-01
  21.767535    -2.8023E-01
  21.819639    -2.7613E-01
  21.871743    -2.7211E-01
  21.923848    -2.6816E-01
  21.975952    -2.6427E-01
  22.028056    -2.6045E-01
  22.080160    -2.5670E-01
  22.132265    -2.5301E-01
  22.184369    -2.4937E-01
  22.236473    -2.4580E-01
  22.288577    -2.4229E-01
  22.340681    -2.3884E-01
  22.392786    -2.3545E-01
  22.444890    -2.3211E-01
  22.496994    -2.2882E-01
  22.549098    -2.2559E-01
  22.601202    -2.2241E-01
  22.653307    -2.1929E-01
  22.705411    -2.1622E-01
  22.757515    -2.1319E-01
  22.809619    -2.1022E-01
  22.861723    -2.0729E-01
  22.913828    -2.0441E-01
  22.965932    -2.0158E-01
  23.018036    -1.9879E-01
  23.070140    -1.9605E-01
  23.122244    -1.9335E-01
  23.174349    -1.9069E-01
  23.226453    -1.8808E-01
  23.278557    -1.8551E-01
  23.330661    -1.8298E-01
  23.382766    -1.8049E-01
  23.434870    -1.7803E-01
  23.486974    -1.7562E-01
  23.539078    -1.7325E-01
  23.591182    -1.7091E-01
  23.643287    -1.6861E-01
  23.695391    -1.6634E-01
  23.747495    -1.6411E-01
  23.799599    -1.6192E-01
  23.851703    -1.5975E-01
  23.903808    -1.5763E-01
  23.955912    -1.5553E-01
  24.008016    -1.5347E-01
  24.060120    -1.5144E-01
  24.112224    -1.4944E-01
  24.164329    -1.4747E-01
  24.216433    -1.4553E-01
  24.268537    -1.4362E-01
  24.320641    -1.4173E-01
  24.372745    -1.3988E-01
  24.424850    -1.3806E-01
  24.476954    -1.3626E-01
  24.529058    -1.3449E-01
  24.581162    -1.3275E-01
  24.633267    -1.3103E-01
  24.685371    -1.2934E-01
  24.737475    -1.2767E-01
  24.789579    -1.2603E-01
  24.841683    -1.2441E-01
  24.893788    -1.2282E-01
  24.945892    -1.2125E-01
  24.997996    -1.1970E-01
  25.050100    -1.1818E-01
  25.102204    -1.1668E-01
  25.154309    -1.1520E-01
  25.206413    -1.1374E-01
  25.258517    -1.1231E-01
  25.310621    -1.1089E-01
  25.362725    -1.0950E-01
  25.414830    -1.0812E-01
  25.466934    -1.0677E-01
  25.519038    -1.0543E-01
  25.571142    -1.0412E-01
  25.623246    -1.0282E-01
  25.675351    -1.0154E-01
  25.727455    -1.0028E-01
  25.779559    -9.9040E-02
  25.831663    -9.7816E-02
  25.883768    -9.6610E-02
  25.935872    -9.5420E-02
  25.987976    -9.4248E-02
  26.040080    -9.3092E-02
  26.092184    -9.1953E-02
  26.144289    -9.0830E-02
  26.196393    -8.9722E-02
  26.248497    -8.8631E-02
  26.300601    -8.7554E-02
  26.352705    -8.6493E-02
  26.404810    -8.5446E-02
  26.456914    -8.4414E-02
  26.509018    -8.3397E-02
  26.561122    -8.2393E-02
  26.613226    -8.1404E-02
  26.665331    -8.0428E-02
  26.717435    -7.9466E-02
  26.769539    -7.8517E-02
  26.821643    -7.7581E-02
  26.873747    -7.6658E-02
  26.925852    -7.5748E-02
  26.977956    -7.4850E-02
  27.030060    -7.3965E-02
  27.082164    -7.3091E-02
  27.134269    -7.2230E-02
  27.186373    -7.1380E-02
  27.238477    -7.0542E-02
  27.290581    -6.9715E-02
  27.342685    -6.8899E-02
  27.394790    -6.8094E-02
  27.446894    -6.7300E-02
  27.498998    -6.6517E-02
  27.551102    -6.5744E-02
  27.603206    -6.4982E-02
  27.655311    -6.4230E-02
  27.707415    -6.3488E-02
  27.759519    -6.2756E-02
  27.811623    -6.2033E-02
  27.863727    -6.1320E-02
  27.915832    -6.0617E-02
  27.967936    -5.9923E-02
  28.020040    -5.9238E-02
  28.072144    -5.8562E-02
  28.124248    -5.7895E-02
  28.176353    -5.7237E-02
  28.228457    -5.6588E-02
  28.280561    -5.5946E-02
  28.332665    -5.5314E-02
  28.384770    -5.4689E-02
  28.436874    -5.4073E-02
  28.488978    -5.3465E-02
  28.541082    -5.2864E-02
  28.593186    -5.2272E-02
  28.645291    -5.1687E-02
  28.697395    -5.1110E-02
  28.749499    -5.0540E-02
  28.801603    -4.9977E-02
  28.853707    -4.9422E-02
  28.905812    -4.8873E-02
  28.957916    -4.8332E-02
  29.010020    -4.7798E-02
  29.062124    -4.7270E-02
  29.114228    -4.6750E-02
  29.166333    -4.6235E-02
  29.218437    -4.5728E-02
  29.270541    -4.5227E-02
  29.322645    -4.4732E-02
  29.374749    -4.4243E-02
  29.426854    -4.3761E-02
  29.478958    -4.3284E-02
  29.531062    -4.2814E-02
  29.583166    -4.2349E-02
  29.635271    -4.1891E-02
  29.687375    -4.1438E-02
  29.739479    -4.0991E-02
  29.791583    -4.0549E-02
  29.843687    -4.0113E-02
  29.895792    -3.9682E-02
  29.947896    -3.9256E-02
  30.000000    -3.8836E-02
  42.92585170
   4.000000     4.2218E+04
   4.052104     3.9913E+04
   4.104208     3.7623E+04
   4.156313     3.5373E+04
   4.208417     3.3180E+04
   4.260521     3.1058E+04
   4.312625     2.9017E+04
   4.364729     2.7063E+04
   4.416834     2.5201E+04
   4.468938     2.3432E+04
   4.521042     2.1758E+04
   4.573146     2.0178E+04
   4.625251     1.8690E+04
   4.677355     1.7292E+04
   4.729459     1.5981E+04
   4.781563     1.4754E+04
   4.833667     1.3607E+04
   4.885772     1.2537E+04
   4.937876     1.1540E+04
   4.989980     1.0613E+04
   5.042084     9.7502E+03
   5.094188     8.9494E+03
   5.146293     8.2067E+03
   5.198397     7.5186E+03
   5.250501     6.8816E+03
   5.302605     6.2924E+03
   5.354709     5.7480E+03
   5.406814     5.2454E+03
   5.458918     4.7818E+03
   5.511022     4.3544E+03
   5.563126     3.9608E+03
   5.615230     3.5985E+03
   5.667335     3.2654E+03
   5.719439     2.9593E+03
   5.771543     2.6782E+03
   5.823647     2.4204E+03
   5.875752     2.1840E+03
   5.927856     1.9674E+03
   5.979960     1.7692E+03
   6.032064     1.5879E+03
   6.084168     1.4222E+03
   6.136273     1.2709E+03
   6.188377     1.1330E+03
   6.240481     1.0072E+03
   6.292585     8.9269E+02
   6.344689     7.8852E+02
   6.396794     6.9386E+02
   6.448898     6.0793E+02
   6.501002     5.3001E+02
   6.553106     4.5945E+02
   6.605210     3.9562E+02
   6.657315     3.3797E+02
   6.709419     2.8596E+02
   6.761523     2.3913E+02
   6.813627     1.9701E+02
   6.865731     1.5921E+02
   6.917836     1.2534E+02
   6.969940     9.5063E+01
   7.022044     6.8056E+01
   7.074148     4.4027E+01
   7.126253     2.2705E+01
   7.178357     3.8439E+00
   7.230461    -1.2784E+01
   7.282565    -2.7386E+01
   7.334669    -4.0153E+01
   7.386774    -5.1260E+01
   7.438878    -6.0866E+01
   7.490982    -6.9118E+01
   7.543086    -7.6150E+01
   7.595190    -8.2084E+01
   7.647295    -8.7030E+01
   7.699399    -9.1091E+01
   7.751503    -9.4359E+01
   7.803607    -9.6919E+01
   7.855711    -9.8848E+01
   7.907816    -1.0021E+02
   7.959920    -1.0108E+02
   8.012024    -1.0151E+02
   8.064128    -1.0155E+02
   8.116232    -1.0125E+02
   8.168337    -1.0065E+02
   8.220441    -9.9790E+01
   8.272545    -9.8705E+01
   8.324649    -9.7427E+01
   8.376754    -9.5984E+01
   8.428858    -9.4401E+01
   8.480962    -9.2702E+01
   8.533066    -9.0906E+01
   8.585170    -8.9032E+01
   8.637275    -8.7097E+01
   8.689379    -8.5114E+01
   8.741483    -8.3097E+01
   8.793587    -8.1058E+01
   8.845691    -7.9005E+01
   8.897796    -7.6949E+01
   8.949900    -7.4897E+01
   9.002004    -7.2856E+01
   9.054108    -7.0832E+01
   9.106212    -6.8830E+01
   9.158317    -6.6853E+01
   9.210421    -6.4907E+01
   9.262525    -6.2994E+01
   9.314629    -6.1117E+01
   9.366733    -5.9278E+01
   9.418838    -5.7478E+01
   9.470942    -5.5720E+01
   9.523046    -5.4004E+01
   9.575150    -5.2331E+01
   9.627255    -5.0701E+01
   9.679359    -4.9114E+01
   9.731463    -4.7572E+01
   9.783567    -4.6073E+01
   9.835671    -4.4618E+01
   9.887776    -4.3205E+01
   9.939880    -4.1835E+01
   9.991984    -4.0507E+01
  10.044088    -3.9220E+01
  10.096192    -3.7973E+01
  10.148297    -3.6766E+01
  10.200401    -3.5598E+01
  10.252505    -3.4467E+01
  10.304609    -3.3374E+01
  10.356713    -3.2317E+01
  10.408818    -3.1294E+01
  10.460922    -3.0306E+01
  10.513026    -2.9351E+01
  10.565130    -2.8428E+01
  10.617234    -2.7536E+01
  10.669339    -2.6674E+01
  10.721443    -2.5841E+01
  10.773547    -2.5037E+01
  10.825651    -2.4260E+01
  10.877756    -2.3510E+01
  10.929860    -2.2785E+01
  10.981964    -2.2085E+01
  11.034068    -2.1409E+01
  11.086172    -2.0757E+01
  11.138277    -2.0126E+01
  11.190381    -1.9517E+01
  11.242485    -1.8928E+01
  11.294589    -1.8360E+01
  11.346693    -1.7811E+01
  11.398798    -1.7280E+01
  11.450902    -1.6767E+01
  11.503006    -1.6272E+01
  11.555110    -1.5793E+01
  11.607214    -1.5331E+01
  11.659319    -1.4884E+01
  11.711423    -1.4451E+01
  11.763527    -1.4033E+01
  11.815631    -1.3629E+01
  11.867735    -1.3239E+01
  11.919840    -1.2861E+01
  11.971944    -1.2496E+01
  12.024048    -1.2142E+01
  12.076152    -1.1800E+01
  12.128257    -1.1469E+01
  12.180361    -1.1149E+01
  12.232465    -1.0839E+01
  12.284569    -1.0539E+01
  12.336673    -1.0249E+01
  12.388778    -9.9678E+00
  12.440882    -9.6956E+00
  12.492986    -9.4319E+00
  12.545090    -9.1766E+00
  12.597194    -8.9292E+00
  12.649299    -8.6896E+00
  12.701403    -8.4574E+00
  12.753507    -8.2324E+00
  12.805611    -8.0143E+00
  12.857715    -7.8028E+00
  12.909820    -7.5979E+00
  12.961924    -7.3991E+00
  13.014028    -7.2064E+00
  13.066132    -7.0195E+00
  13.118236    -6.8382E+00
  13.170341    -6.6623E+00
  13.222445    -6.4917E+00
  13.274549    -6.3261E+00
  13.326653    -6.1654E+00
  13.378758    -6.0095E+00
  13.430862    -5.8581E+00
  13.482966    -5.7111E+00
  13.535070    -5.5684E+00
  13.587174    -5.4299E+00
  13.639279    -5.2953E+00
  13.691383    -5.1646E+00
  13.743487    -5.0376E+00
  13.795591    -4.9143E+00
  13.847695    -4.7944E+00
  13.899800    -4.6780E+00
  13.951904    -4.5648E+00
  14.004008    -4.4548E+00
  14.056112    -4.3479E+00
  14.108216    -4.2440E+00
  14.160321    -4.1429E+00
  14.212425    -4.0447E+00
  14.264529    -3.9491E+00
  14.316633    -3.8562E+00
  14.368737    -3.7658E+00
  14.420842    -3.6779E+00
  14.472946    -3.5924E+00
  14.525050    -3.5092E+00
  14.577154    -3.4282E+00
  14.629259    -3.3495E+00
  14.681363    -3.2728E+00
  14.733467    -3.1981E+00
  14.785571    -3.1255E+00
  14.837675    -3.0548E+00
  14.889780    -2.9859E+00
  14.941884    -2.9189E+00
  14.993988    -2.8536E+00
  15.046092    -2.7901E+00
  15.098196    -2.7281E+00
  15.150301    -2.6678E+00
  15.202405    -2.6091E+00
  15.254509    -2.5518E+00
  15.306613    -2.4961E+00
  15.358717    -2.4418E+00
  15.410822    -2.3888E+00
  15.462926    -2.3372E+00
  15.515030    -2.2869E+00
  15.567134    -2.2379E+00
  15.619238    -2.1901E+00
  15.671343    -2.1435E+00
  15.723447    -2.0981E+00
  15.775551    -2.0538E+00
  15.827655    -2.0106E+00
  15.879760    -1.9685E+00
  15.931864    -1.9274E+00
  15.983968    -1.8874E+00
  16.036072    -1.8483E+00
  16.088176    -1.8101E+00
  16.140281    -1.7729E+00
  16.192385    -1.7366E+00
  16.244489    -1.7012E+00
  16.296593    -1.6666E+00
  16.348697    -1.6329E+00
  16.400802    -1.5999E+00
  16.452906    -1.5678E+00
  16.505010    -1.5364E+00
  16.557114    -1.5058E+00
  16.609218    -1.4758E+00
  16.661323    -1.4466E+00
  16.713427    -1.4181E+00
  16.765531    -1.3902E+00
  16.817635    -1.3630E+00
  16.869739    -1.3364E+00
  16.921844    -1.3104E+00
  16.973948    -1.2851E+00
  17.026052    -1.2603E+00
  17.078156    -1.2360E+00
  17.130261    -1.2124E+00
  17.182365    -1.1892E+00
  17.234469    -1.1666E+00
  17.286573    -1.1445E+00
  17.338677    -1.1229E+00
  17.390782    -1.1018E+00
  17.442886    -1.0811E+00
  17.494990    -1.0609E+00
  17.547094    -1.0412E+00
  17.599198    -1.0219E+00
  17.651303    -1.0030E+00
  17.703407    -9.8454E-01
  17.755511    -9.6647E-01
  17.807615    -9.4880E-01
  17.859719    -9.3151E-01
  17.911824    -9.1459E-01
  17.963928    -8.9804E-01
  18.016032    -8.8184E-01
  18.068136    -8.6600E-01
  18.120240    -8.5048E-01
  18.172345    -8.3530E-01
  18.224449    -8.2044E-01
  18.276553    -8.0589E-01
  18.328657    -7.9165E-01
  18.380762    -7.7771E-01
  18.432866    -7.6406E-01
  18.484970    -7.5069E-01
  18.537074    -7.3760E-01
  18.589178    -7.2478E-01
  18.641283    -7.1222E-01
  18.693387    -6.9992E-01
  18.745491    -6.8787E-01
  18.797595    -6.7607E-01
  18.849699    -6.6451E-01
  18.901804    -6.5318E-01
  18.953908    -6.4208E-01
  19.006012    -6.3121E-01
  19.058116    -6.2055E-01
  19.110220    -6.1010E-01
  19.162325    -5.9986E-01
  19.214429    -5.8983E-01
  19.266533    -5.7999E-01
  19.318637    -5.7035E-01
  19.370741    -5.6089E-01
  19.422846    -5.5163E-01
  19.474950    -5.4254E-01
  19.527054    -5.3363E-01
  19.579158    -5.2489E-01
  19.631263    -5.1632E-01
  19.683367    -5.0791E-01
  19.735471    -4.9967E-01
  19.787575    -4.9158E-01
  19.839679    -4.8365E-01
  19.891784    -4.7587E-01
  19.943888    -4.6824E-01
  19.995992    -4.6075E-01
  20.048096    -4.5340E-01
  20.100200    -4.4619E-01
  20.152305    -4.3911E-01
  20.204409    -4.3217E-01
  20.256513    -4.2535E-01
  20.308617    -4.1866E-01
  20.360721    -4.1210E-01
  20.412826    -4.0566E-01
  20.464930    -3.9933E-01
  20.517034    -3.9312E-01
  20.569138    -3.8702E-01
  20.621242    -3.8104E-01
  20.673347    -3.7516E-01
  20.725451    -3.6939E-01
  20.777555    -3.6372E-01
  20.829659    -3.5816E-01
  20.881764    -3.5269E-01
  20.933868    -3.4732E-01
  20.985972    -3.4205E-01
  21.038076    -3.3687E-01
  21.090180    -3.3178E-01
  21.142285    -3.2679E-01
  21.194389    -3.2188E-01
  21.246493    -3.1706E-01
  21.298597    -3.1232E-01
  21.350701    -3.0766E-01
  21.402806    -3.0309E-01
  21.454910    -2.9859E-01
  21.507014    -2.9417E-01
  21.559118    -2.8983E-01
  21.611222    -2.8557E-01
  21.663327    -2.8137E-01
  21.715431    -2.7725E-01
  21.767535    -2.7320E-01
  21.819639    -2.6922E-01
  21.871743    -2.6531E-01
  21.923848    -2.6146E-01
  21.975952    -2.5767E-01
  22.028056    -2.5396E-01
  22.080160    -2.5030E-01
  22.132265    -2.4670E-01
  22.184369    -2.4317E-01
  22.236473    -2.3969E-01
  22.288577    -2.3627E-01
  22.340681    -2.3291E-01
  22.392786    -2.2960E-01
  22.444890    -2.2635E-01
  22.496994    -2.2316E-01
  22.549098    -2.2001E-01
  22.601202    -2.1692E-01
  22.653307    -2.1387E-01
  22.705411    -2.1088E-01
  22.757515    -2.0793E-01
  22.809619    -2.0504E-01
  22.861723    -2.0219E-01
  22.913828    -1.9938E-01
  22.965932    -1.9662E-01
  23.018036    -1.9391E-01
  23.070140    -1.9123E-01
  23.122244    -1.8861E-01
  23.174349    -1.8602E-01
  23.226453    -1.8347E-01
  23.278557    -1.8097E-01
  23.330661    -1.7850E-01
  23.382766    -1.7608E-01
  23.434870    -1.7369E-01
  23.486974    -1.7134E-01
  23.539078    -1.6902E-01
  23.591182    -1.6674E-01
  23.643287    -1.6450E-01
  23.695391    -1.6229E-01
  23.747495    -1.6012E-01
  23.799599    -1.5798E-01
  23.851703    -1.5588E-01
  23.903808    -1.5380E-01
  23.955912    -1.5176E-01
  24.008016    -1.4975E-01
  24.060120    -1.4777E-01
  24.112224    -1.4582E-01
  24.164329    -1.4390E-01
  24.216433    -1.4201E-01
  24.268537    -1.4015E-01
  24.320641    -1.3832E-01
  24.372745    -1.3651E-01
  24.424850    -1.3473E-01
  24.476954    -1.3298E-01
  24.529058    -1.3126E-01
  24.581162    -1.2956E-01
  24.633267    -1.2788E-01
  24.685371    -1.2623E-01
  24.737475    -1.2461E-01
  24.789579    -1.2301E-01
  24.841683    -1.2143E-01
  24.893788    -1.1988E-01
  24.945892    -1.1835E-01
  24.997996    -1.1684E-01
  25.050100    -1.1536E-01
  25.102204    -1.1389E-01
  25.154309    -1.1245E-01
  25.206413    -1.1103E-01
  25.258517    -1.0963E-01
  25.310621    -1.0825E-01
  25.362725    -1.0689E-01
  25.414830    -1.0555E-01
  25.466934    -1.0423E-01
  25.519038    -1.0293E-01
  25.571142    -1.0165E-01
  25.623246    -1.0038E-01
  25.675351    -9.9137E-02
  25.727455    -9.7908E-02
  25.779559    -9.6698E-02
  25.831663    -9.5505E-02
  25.883768    -9.4328E-02
  25.935872    -9.3169E-02
  25.987976    -9.2026E-02
  26.040080    -9.0899E-02
  26.092184    -8.9788E-02
  26.144289    -8.8693E-02
  26.196393    -8.7613E-02
  26.248497    -8.6548E-02
  26.300601    -8.5499E-02
  26.352705    -8.4464E-02
  26.404810    -8.3443E-02
  26.456914    -8.2437E-02
  26.509018    -8.1445E-02
  26.561122    -8.0466E-02
  26.613226    -7.9501E-02
  26.665331    -7.8550E-02
  26.717435    -7.7611E-02
  26.769539    -7.6686E-02
  26.821643    -7.5773E-02
  26.873747    -7.4873E-02
  26.925852    -7.3985E-02
  26.977956    -7.3110E-02
  27.030060    -7.2246E-02
  27.082164    -7.1394E-02
  27.134269    -7.0554E-02
  27.186373    -6.9725E-02
  27.238477    -6.8907E-02
  27.290581    -6.8101E-02
  27.342685    -6.7305E-02
  27.394790    -6.6520E-02
  27.446894    -6.5746E-02
  27.498998    -6.4982E-02
  27.551102    -6.4228E-02
  27.603206    -6.3485E-02
  27.655311    -6.2751E-02
  27.707415    -6.2027E-02
  27.759519    -6.1313E-02
  27.811623    -6.0608E-02
  27.863727    -5.9913E-02
  27.915832    -5.9227E-02
  27.967936    -5.8550E-02
  28.020040    -5.7882E-02
  28.072144    -5.7222E-02
  28.124248    -5.6572E-02
  28.176353    -5.5929E-02
  28.228457    -5.5296E-02
  28.280561    -5.4670E-02
  28.332665    -5.4053E-02
  28.384770    -5.3444E-02
  28.436874    -5.2843E-02
  28.488978    -5.2249E-02
  28.541082    -5.1663E-02
  28.593186    -5.1085E-02
  28.645291    -5.0515E-02
  28.697395    -4.9951E-02
  28.749499    -4.9395E-02
  28.801603    -4.8846E-02
  28.853707    -4.8304E-02
  28.905812    -4.7769E-02
  28.957916    -4.7241E-02
  29.010020    -4.6720E-02
  29.062124    -4.6205E-02
  29.114228    -4.5697E-02
  29.166333    -4.5195E-02
  29.218437    -4.4700E-02
  29.270541    -4.4211E-02
  29.322645    -4.3728E-02
  29.374749    -4.3251E-02
  29.426854    -4.2780E-02
  29.478958    -4.2315E-02
  29.531062    -4.1856E-02
  29.583166    -4.1403E-02
  29.635271    -4.0955E-02
  29.687375    -4.0513E-02
  29.739479    -4.0077E-02
  29.791583    -3.9646E-02
  29.843687    -3.9220E-02
  29.895792    -3.8800E-02
  29.947896    -3.8384E-02
  30.000000    -3.7974E-02
  46.53306613
   4.000000     3.8084E+04
   4.052104     3.5810E+04
   4.104208     3.3602E+04
   4.156313     3.1468E+04
   4.208417     2.9419E+04
   4.260521     2.7458E+04
   4.312625     2.5589E+04
   4.364729     2.3813E+04
   4.416834     2.2132E+04
   4.468938     2.0543E+04
   4.521042     1.9045E+04
   4.573146     1.7636E+04
   4.625251     1.6314E+04
   4.677355     1.5074E+04
   4.729459     1.3915E+04
   4.781563     1.2831E+04
   4.833667     1.1821E+04
   4.885772     1.0879E+04
   4.937876     1.0002E+04
   4.989980     9.1876E+03
   5.042084     8.4311E+03
   5.094188     7.7293E+03
   5.146293     7.0790E+03
   5.198397     6.4770E+03
   5.250501     5.9202E+03
   5.302605     5.4056E+03
   5.354709     4.9305E+03
   5.406814     4.4921E+03
   5.458918     4.0881E+03
   5.511022     3.7160E+03
   5.563126     3.3736E+03
   5.615230     3.0588E+03
   5.667335     2.7695E+03
   5.719439     2.5040E+03
   5.771543     2.2604E+03
   5.823647     2.0371E+03
   5.875752     1.8327E+03
   5.927856     1.6457E+03
   5.979960     1.4747E+03
   6.032064     1.3185E+03
   6.084168     1.1759E+03
   6.136273     1.0460E+03
   6.188377     9.2762E+02
   6.240481     8.1993E+02
   6.292585     7.2203E+02
   6.344689     6.3314E+02
   6.396794     5.5253E+02
   6.448898     4.7950E+02
   6.501002     4.1343E+02
   6.553106     3.5374E+02
   6.605210     2.9988E+02
   6.657315     2.5136E+02
   6.709419     2.0773E+02
   6.761523     1.6855E+02
   6.813627     1.3344E+02
   6.865731     1.0205E+02
   6.917836     7.4034E+01
   6.969940     4.9100E+01
   7.022044     2.6968E+01
   7.074148     7.3802E+00
   7.126253    -9.8967E+00
   7.178357    -2.5078E+01
   7.230461    -3.8361E+01
   7.282565    -4.9927E+01
   7.334669    -5.9940E+01
   7.386774    -6.8553E+01
   7.438878    -7.5902E+01
   7.490982    -8.2115E+01
   7.543086    -8.7306E+01
   7.595190    -9.1582E+01
   7.647295    -9.5036E+01
   7.699399    -9.7758E+01
   7.751503    -9.9826E+01
   7.803607    -1.0131E+02
   7.855711    -1.0228E+02
   7.907816    -1.0280E+02
   7.959920    -1.0291E+02
   8.012024    -1.0266E+02
   8.064128    -1.0211E+02
   8.116232    -1.0129E+02
   8.168337    -1.0023E+02
   8.220441    -9.8972E+01
   8.272545    -9.7542E+01
   8.324649    -9.5966E+01
   8.376754    -9.4268E+01
   8.428858    -9.2469E+01
   8.480962    -9.0588E+01
   8.533066    -8.8642E+01
   8.585170    -8.6645E+01
   8.637275    -8.4611E+01
   8.689379    -8.2552E+01
   8.741483    -8.0478E+01
   8.793587    -7.8399E+01
   8.845691    -7.6323E+01
   8.897796    -7.4256E+01
   8.949900    -7.2204E+01
   9.002004    -7.0174E+01
   9.054108    -6.8170E+01
   9.106212    -6.6194E+01
   9.158317    -6.4252E+01
   9.210421    -6.2346E+01
   9.262525    -6.0477E+01
   9.314629    -5.8647E+01
   9.366733    -5.6859E+01
   9.418838    -5.5114E+01
   9.470942    -5.3411E+01
   9.523046    -5.1752E+01
   9.575150    -5.0136E+01
   9.627255    -4.8565E+01
   9.679359    -4.7038E+01
   9.731463    -4.5555E+01
   9.783567    -4.4115E+01
   9.835671    -4.2717E+01
   9.887776    -4.1363E+01
   9.939880    -4.0049E+01
   9.991984    -3.8777E+01
  10.044088    -3.7545E+01
  10.096192    -3.6352E+01
  10.148297    -3.5198E+01
  10.200401    -3.4081E+01
  10.252505    -3.3001E+01
  10.304609    -3.1956E+01
  10.356713    -3.0946E+01
  10.408818    -2.9969E+01
  10.460922    -2.9025E+01
  10.513026    -2.8113E+01
  10.565130    -2.7232E+01
  10.617234    -2.6380E+01
  10.669339    -2.5557E+01
  10.721443    -2.4762E+01
  10.773547    -2.3995E+01
  10.825651    -2.3253E+01
  10.877756    -2.2537E+01
  10.929860    -2.1844E+01
  10.981964    -2.1176E+01
  11.034068    -2.0530E+01
  11.086172    -1.9907E+01
  11.138277    -1.9304E+01
  11.190381    -1.8722E+01
  11.242485    -1.8160E+01
  11.294589    -1.7617E+01
  11.346693    -1.7092E+01
  11.398798    -1.6584E+01
  11.450902    -1.6094E+01
  11.503006    -1.5621E+01
  11.555110    -1.5163E+01
  11.607214    -1.4720E+01
  11.659319    -1.4293E+01
  11.711423    -1.3879E+01
  11.763527    -1.3479E+01
  11.815631    -1.3093E+01
  11.867735    -1.2719E+01
  11.919840    -1.2357E+01
  11.971944    -1.2007E+01
  12.024048    -1.1669E+01
  12.076152    -1.1341E+01
  12.128257    -1.1024E+01
  12.180361    -1.0718E+01
  12.232465    -1.0421E+01
  12.284569    -1.0134E+01
  12.336673    -9.8554E+00
  12.388778    -9.5860E+00
  12.440882    -9.3252E+00
  12.492986    -9.0725E+00
  12.545090    -8.8278E+00
  12.597194    -8.5908E+00
  12.649299    -8.3611E+00
  12.701403    -8.1385E+00
  12.753507    -7.9227E+00
  12.805611    -7.7137E+00
  12.857715    -7.5110E+00
  12.909820    -7.3144E+00
  12.961924    -7.1239E+00
  13.014028    -6.9391E+00
  13.066132    -6.7599E+00
  13.118236    -6.5860E+00
  13.170341    -6.4173E+00
  13.222445    -6.2537E+00
  13.274549    -6.0949E+00
  13.326653    -5.9408E+00
  13.378758    -5.7912E+00
  13.430862    -5.6459E+00
  13.482966    -5.5050E+00
  13.535070    -5.3681E+00
  13.587174    -5.2351E+00
  13.639279    -5.1060E+00
  13.691383    -4.9806E+00
  13.743487    -4.8588E+00
  13.795591    -4.7404E+00
  13.847695    -4.6254E+00
  13.899800    -4.5137E+00
  13.951904    -4.4051E+00
  14.004008    -4.2995E+00
  14.056112    -4.1969E+00
  14.108216    -4.0971E+00
  14.160321    -4.0001E+00
  14.212425    -3.9058E+00
  14.264529    -3.8141E+00
  14.316633    -3.7249E+00
  14.368737    -3.6381E+00
  14.420842    -3.5536E+00
  14.472946    -3.4715E+00
  14.525050    -3.3916E+00
  14.577154    -3.3138E+00
  14.629259    -3.2381E+00
  14.681363    -3.1644E+00
  14.733467    -3.0927E+00
  14.785571    -3.0229E+00
  14.837675    -2.9549E+00
  14.889780    -2.8887E+00
  14.941884    -2.8243E+00
  14.993988    -2.7615E+00
  15.046092    -2.7004E+00
  15.098196    -2.6408E+00
  15.150301    -2.5828E+00
  15.202405    -2.5263E+00
  15.254509    -2.4712E+00
  15.306613    -2.4175E+00
  15.358717    -2.3652E+00
  15.410822    -2.3143E+00
  15.462926    -2.2646E+00
  15.515030    -2.2162E+00
  15.567134    -2.1689E+00
  15.619238    -2.1229E+00
  15.671343    -2.0780E+00
  15.723447    -2.0342E+00
  15.775551    -1.9915E+00
  15.827655    -1.9499E+00
  15.879760    -1.9093E+00
  15.931864    -1.8697E+00
  15.983968    -1.8310E+00
  16.036072    -1.7933E+00
  16.088176    -1.7565E+00
  16.140281    -1.7206E+00
  16.192385    -1.6856E+00
  16.244489    -1.6513E+00
  16.296593    -1.6180E+00
  16.348697    -1.5854E+00
  16.400802    -1.5535E+00
  16.452906    -1.5225E+00
  16.505010    -1.4921E+00
  16.557114    -1.4625E+00
  16.609218    -1.4336E+00
  16.661323    -1.4053E+00
  16.713427    -1.3777E+00
  16.765531    -1.3508E+00
  16.817635    -1.3244E+00
  16.869739    -1.2987E+00
  16.921844    -1.2736E+00
  16.973948    -1.2490E+00
  17.026052    -1.2250E+00
  17.078156    -1.2015E+00
  17.130261    -1.1786E+00
  17.182365    -1.1562E+00
  17.234469    -1.1343E+00
  17.286573    -1.1128E+00
  17.338677    -1.0919E+00
  17.390782    -1.0714E+00
  17.442886    -1.0514E+00
  17.494990    -1.0318E+00
  17.547094    -1.0126E+00
  17.599198    -9.9391E-01
  17.651303    -9.7559E-01
  17.703407    -9.5766E-01
  17.755511    -9.4012E-01
  17.807615    -9.2297E-01
  17.859719    -9.0618E-01
  17.911824    -8.8975E-01
  17.963928    -8.7367E-01
  18.016032    -8.5794E-01
  18.068136    -8.4254E-01
  18.120240    -8.2747E-01
  18.172345    -8.1271E-01
  18.224449    -7.9827E-01
  18.276553    -7.8413E-01
  18.328657    -7.7028E-01
  18.380762    -7.5673E-01
  18.432866    -7.4345E-01
  18.484970    -7.3045E-01
  18.537074    -7.1772E-01
  18.589178    -7.0525E-01
  18.641283    -6.9303E-01
  18.693387    -6.8107E-01
  18.745491    -6.6934E-01
  18.797595    -6.5786E-01
  18.849699    -6.4661E-01
  18.901804    -6.3558E-01
  18.953908    -6.2478E-01
  19.006012    -6.1419E-01
  19.058116    -6.0382E-01
  19.110220    -5.9365E-01
  19.162325    -5.8368E-01
  19.214429    -5.7391E-01
  19.266533    -5.6433E-01
  19.318637    -5.5494E-01
  19.370741    -5.4573E-01
  19.422846    -5.3671E-01
  19.474950    -5.2786E-01
  19.527054    -5.1918E-01
  19.579158    -5.1067E-01
  19.631263    -5.0232E-01
  19.683367    -4.9413E-01
  19.735471    -4.8610E-01
  19.787575    -4.7823E-01
  19.839679    -4.7050E-01
  19.891784    -4.6292E-01
  19.943888    -4.5549E-01
  19.995992    -4.4819E-01
  20.048096    -4.4103E-01
  20.100200    -4.3401E-01
  20.152305    -4.2711E-01
  20.204409    -4.2035E-01
  20.256513    -4.1371E-01
  20.308617    -4.0719E-01
  20.360721    -4.0080E-01
  20.412826    -3.9452E-01
  20.464930    -3.8836E-01
  20.517034    -3.8231E-01
  20.569138    -3.7637E-01
  20.621242    -3.7054E-01
  20.673347    -3.6482E-01
  20.725451    -3.5919E-01
  20.777555    -3.5367E-01
  20.829659    -3.4825E-01
  20.881764    -3.4293E-01
  20.933868    -3.3770E-01
  20.985972    -3.3257E-01
  21.038076    -3.2753E-01
  21.090180    -3.2257E-01
  21.142285    -3.1771E-01
  21.194389    -3.1293E-01
  21.246493    -3.0823E-01
  21.298597    -3.0362E-01
  21.350701    -2.9908E-01
  21.402806    -2.9463E-01
  21.454910    -2.9026E-01
  21.507014    -2.8596E-01
  21.559118    -2.8173E-01
  21.611222    -2.7758E-01
  21.663327    -2.7350E-01
  21.715431    -2.6948E-01
  21.767535    -2.6554E-01
  21.819639    -2.6167E-01
  21.871743    -2.5786E-01
  21.923848    -2.5411E-01
  21.975952    -2.5043E-01
  22.028056    -2.4682E-01
  22.080160    -2.4326E-01
  22.132265    -2.3976E-01
  22.184369    -2.3632E-01
  22.236473    -2.3294E-01
  22.288577    -2.2962E-01
  22.340681    -2.2635E-01
  22.392786    -2.2313E-01
  22.444890    -2.1997E-01
  22.496994    -2.1686E-01
  22.549098    -2.1380E-01
  22.601202    -2.1079E-01
  22.653307    -2.0783E-01
  22.705411    -2.0492E-01
  22.757515    -2.0206E-01
  22.809619    -1.9924E-01
  22.861723    -1.9647E-01
  22.913828    -1.9375E-01
  22.965932    -1.9107E-01
  23.018036    -1.8843E-01
  23.070140    -1.8583E-01
  23.122244    -1.8328E-01
  23.174349    -1.8076E-01
  23.226453    -1.7829E-01
  23.278557    -1.7586E-01
  23.330661    -1.7346E-01
  23.382766    -1.7110E-01
  23.434870    -1.6878E-01
  23.486974    -1.6650E-01
  23.539078    -1.6425E-01
  23.591182    -1.6204E-01
  23.643287    -1.5986E-01
  23.695391    -1.5772E-01
  23.747495    -1.5561E-01
  23.799599    -1.5353E-01
  23.851703    -1.5149E-01
  23.903808    -1.4947E-01
  23.955912    -1.4749E-01
  24.008016    -1.4554E-01
  24.060120    -1.4362E-01
  24.112224    -1.4173E-01
  24.164329    -1.3986E-01
  24.216433    -1.3803E-01
  24.268537    -1.3622E-01
  24.320641    -1.3444E-01
  24.372745    -1.3269E-01
  24.424850    -1.3097E-01
  24.476954    -1.2927E-01
  24.529058    -1.2759E-01
  24.581162    -1.2595E-01
  24.633267    -1.2432E-01
  24.685371    -1.2272E-01
  24.737475    -1.2115E-01
  24.789579    -1.1959E-01
  24.841683    -1.1807E-01
  24.893788    -1.1656E-01
  24.945892    -1.1508E-01
  24.997996    -1.1361E-01
  25.050100    -1.1217E-01
  25.102204    -1.1075E-01
  25.154309    -1.0936E-01
  25.206413    -1.0798E-01
  25.258517    -1.0662E-01
  25.310621    -1.0528E-01
  25.362725    -1.0396E-01
  25.414830    -1.0267E-01
  25.466934    -1.0139E-01
  25.519038    -1.0012E-01
  25.571142    -9.8881E-02
  25.623246    -9.7655E-02
  25.675351    -9.6447E-02
  25.727455    -9.5257E-02
  25.779559    -9.4083E-02
  25.831663    -9.2927E-02
  25.883768    -9.1787E-02
  25.935872    -9.0663E-02
  25.987976    -8.9555E-02
  26.040080    -8.8463E-02
  26.092184    -8.7386E-02
  26.144289    -8.6325E-02
  26.196393    -8.5278E-02
  26.248497    -8.4246E-02
  26.300601    -8.3229E-02
  26.352705    -8.2226E-02
  26.404810    -8.1237E-02
  26.456914    -8.0262E-02
  26.509018    -7.9301E-02
  26.561122    -7.8352E-02
  26.613226    -7.7417E-02
  26.665331    -7.6495E-02
  26.717435    -7.5586E-02
  26.769539    -7.4689E-02
  26.821643    -7.3805E-02
  26.873747    -7.2933E-02
  26.925852    -7.2073E-02
  26.977956    -7.1224E-02
  27.030060    -7.0387E-02
  27.082164    -6.9562E-02
  27.134269    -6.8748E-02
  27.186373    -6.7945E-02
  27.238477    -6.7152E-02
  27.290581    -6.6371E-02
  27.342685    -6.5600E-02
  27.394790    -6.4839E-02
  27.446894    -6.4089E-02
  27.498998    -6.3349E-02
  27.551102    -6.2618E-02
  27.603206    -6.1898E-02
  27.655311    -6.1187E-02
  27.707415    -6.0486E-02
  27.759519    -5.9794E-02
  27.811623    -5.9111E-02
  27.863727    -5.8437E-02
  27.915832    -5.7772E-02
  27.967936    -5.7116E-02
  28.020040    -5.6468E-02
  28.072144    -5.5829E-02
  28.124248    -5.5199E-02
  28.176353    -5.4577E-02
  28.228457    -5.3962E-02
  28.280561    -5.3356E-02
  28.332665    -5.2758E-02
  28.384770    -5.2168E-02
  28.436874    -5.1585E-02
  28.488978    -5.1010E-02
  28.541082    -5.0442E-02
  28.593186    -4.9882E-02
  28.645291    -4.9328E-02
  28.697395    -4.8782E-02
  28.749499    -4.8243E-02
  28.801603    -4.7711E-02
  28.853707    -4.7186E-02
  28.905812    -4.6667E-02
  28.957916    -4.6155E-02
  29.010020    -4.5650E-02
  29.062124    -4.5151E-02
  29.114228    -4.4658E-02
  29.166333    -4.4172E-02
  29.218437    -4.3692E-02
  29.270541    -4.3217E-02
  29.322645    -4.2749E-02
  29.374749    -4.2287E-02
  29.426854    -4.1830E-02
  29.478958    -4.1379E-02
  29.531062    -4.0934E-02
  29.583166    -4.0495E-02
  29.635271    -4.0061E-02
  29.687375    -3.9632E-02
  29.739479    -3.9208E-02
  29.791583    -3.8790E-02
  29.843687    -3.8377E-02
  29.895792    -3.7969E-02
  29.947896    -3.7567E-02
  30.000000    -3.7169E-02
  50.14028056
   4.000000     3.4028E+04
   4.052104     3.1883E+04
   4.104208     2.9827E+04
   4.156313     2.7864E+04
   4.208417     2.5993E+04
   4.260521     2.4216E+04
   4.312625     2.2531E+04
   4.364729     2.0938E+04
   4.416834     1.9434E+04
   4.468938     1.8017E+04
   4.521042     1.6685E+04
   4.573146     1.5434E+04
   4.625251     1.4262E+04
   4.677355     1.3165E+04
   4.729459     1.2139E+04
   4.781563     1.1182E+04
   4.833667     1.0290E+04
   4.885772     9.4593E+03
   4.937876     8.6868E+03
   4.989980     7.9691E+03
   5.042084     7.3032E+03
   5.094188     6.6858E+03
   5.146293     6.1142E+03
   5.198397     5.5853E+03
   5.250501     5.0965E+03
   5.302605     4.6452E+03
   5.354709     4.2288E+03
   5.406814     3.8450E+03
   5.458918     3.4916E+03
   5.511022     3.1664E+03
   5.563126     2.8675E+03
   5.615230     2.5930E+03
   5.667335     2.3411E+03
   5.719439     2.1101E+03
   5.771543     1.8985E+03
   5.823647     1.7049E+03
   5.875752     1.5279E+03
   5.927856     1.3662E+03
   5.979960     1.2186E+03
   6.032064     1.0841E+03
   6.084168     9.6150E+02
   6.136273     8.4999E+02
   6.188377     7.4864E+02
   6.240481     6.5662E+02
   6.292585     5.7318E+02
   6.344689     4.9761E+02
   6.396794     4.2924E+02
   6.448898     3.6749E+02
   6.501002     3.1179E+02
   6.553106     2.6162E+02
   6.605210     2.1651E+02
   6.657315     1.7602E+02
   6.709419     1.3974E+02
   6.761523     1.0731E+02
   6.813627     7.8375E+01
   6.865731     5.2627E+01
   6.917836     2.9775E+01
   6.969940     9.5540E+00
   7.022044    -8.2797E+00
   7.074148    -2.3949E+01
   7.126253    -3.7660E+01
   7.178357    -4.9598E+01
   7.230461    -5.9935E+01
   7.282565    -6.8828E+01
   7.334669    -7.6419E+01
   7.386774    -8.2841E+01
   7.438878    -8.8211E+01
   7.490982    -9.2638E+01
   7.543086    -9.6221E+01
   7.595190    -9.9051E+01
   7.647295    -1.0121E+02
   7.699399    -1.0277E+02
   7.751503    -1.0380E+02
   7.803607    -1.0436E+02
   7.855711    -1.0451E+02
   7.907816    -1.0429E+02
   7.959920    -1.0376E+02
   8.012024    -1.0295E+02
   8.064128    -1.0190E+02
   8.116232    -1.0064E+02
   8.168337    -9.9206E+01
   8.220441    -9.7623E+01
   8.272545    -9.5914E+01
   8.324649    -9.4100E+01
   8.376754    -9.2202E+01
   8.428858    -9.0236E+01
   8.480962    -8.8218E+01
   8.533066    -8.6162E+01
   8.585170    -8.4079E+01
   8.637275    -8.1980E+01
   8.689379    -7.9875E+01
   8.741483    -7.7771E+01
   8.793587    -7.5676E+01
   8.845691    -7.3597E+01
   8.897796    -7.1538E+01
   8.949900    -6.9504E+01
   9.002004    -6.7500E+01
   9.054108    -6.5528E+01
   9.106212    -6.3592E+01
   9.158317    -6.1693E+01
   9.210421    -5.9834E+01
   9.262525    -5.8016E+01
   9.314629    -5.6241E+01
   9.366733    -5.4509E+01
   9.418838    -5.2821E+01
   9.470942    -5.1177E+01
   9.523046    -4.9577E+01
   9.575150    -4.8021E+01
   9.627255    -4.6510E+01
   9.679359    -4.5042E+01
   9.731463    -4.3618E+01
   9.783567    -4.2236E+01
   9.835671    -4.0896E+01
   9.887776    -3.9598E+01
   9.939880    -3.8340E+01
   9.991984    -3.7122E+01
  10.044088    -3.5943E+01
  10.096192    -3.4802E+01
  10.148297    -3.3697E+01
  10.200401    -3.2629E+01
  10.252505    -3.1596E+01
  10.304609    -3.0598E+01
  10.356713    -2.9632E+01
  10.408818    -2.8699E+01
  10.460922    -2.7796E+01
  10.513026    -2.6925E+01
  10.565130    -2.6082E+01
  10.617234    -2.5268E+01
  10.669339    -2.4482E+01
  10.721443    -2.3722E+01
  10.773547    -2.2988E+01
  10.825651    -2.2279E+01
  10.877756    -2.1594E+01
  10.929860    -2.0933E+01
  10.981964    -2.0294E+01
  11.034068    -1.9676E+01
  11.086172    -1.9080E+01
  11.138277    -1.8503E+01
  11.190381    -1.7946E+01
  11.242485    -1.7409E+01
  11.294589    -1.6889E+01
  11.346693    -1.6386E+01
  11.398798    -1.5901E+01
  11.450902    -1.5432E+01
  11.503006    -1.4979E+01
  11.555110    -1.4541E+01
  11.607214    -1.4117E+01
  11.659319    -1.3708E+01
  11.711423    -1.3312E+01
  11.763527    -1.2929E+01
  11.815631    -1.2559E+01
  11.867735    -1.2201E+01
  11.919840    -1.1854E+01
  11.971944    -1.1519E+01
  12.024048    -1.1195E+01
  12.076152    -1.0882E+01
  12.128257    -1.0579E+01
  12.180361    -1.0285E+01
  12.232465    -1.0001E+01
  12.284569    -9.7256E+00
  12.336673    -9.4593E+00
  12.388778    -9.2014E+00
  12.440882    -8.9517E+00
  12.492986    -8.7099E+00
  12.545090    -8.4756E+00
  12.597194    -8.2487E+00
  12.649299    -8.0288E+00
  12.701403    -7.8158E+00
  12.753507    -7.6093E+00
  12.805611    -7.4092E+00
  12.857715    -7.2153E+00
  12.909820    -7.0272E+00
  12.961924    -6.8449E+00
  13.014028    -6.6681E+00
  13.066132    -6.4966E+00
  13.118236    -6.3303E+00
  13.170341    -6.1689E+00
  13.222445    -6.0123E+00
  13.274549    -5.8604E+00
  13.326653    -5.7130E+00
  13.378758    -5.5699E+00
  13.430862    -5.4310E+00
  13.482966    -5.2962E+00
  13.535070    -5.1652E+00
  13.587174    -5.0381E+00
  13.639279    -4.9146E+00
  13.691383    -4.7947E+00
  13.743487    -4.6782E+00
  13.795591    -4.5650E+00
  13.847695    -4.4550E+00
  13.899800    -4.3481E+00
  13.951904    -4.2442E+00
  14.004008    -4.1432E+00
  14.056112    -4.0450E+00
  14.108216    -3.9496E+00
  14.160321    -3.8568E+00
  14.212425    -3.7665E+00
  14.264529    -3.6788E+00
  14.316633    -3.5934E+00
  14.368737    -3.5103E+00
  14.420842    -3.4295E+00
  14.472946    -3.3509E+00
  14.525050    -3.2744E+00
  14.577154    -3.1999E+00
  14.629259    -3.1274E+00
  14.681363    -3.0568E+00
  14.733467    -2.9881E+00
  14.785571    -2.9212E+00
  14.837675    -2.8561E+00
  14.889780    -2.7927E+00
  14.941884    -2.7309E+00
  14.993988    -2.6707E+00
  15.046092    -2.6121E+00
  15.098196    -2.5549E+00
  15.150301    -2.4993E+00
  15.202405    -2.4450E+00
  15.254509    -2.3922E+00
  15.306613    -2.3407E+00
  15.358717    -2.2905E+00
  15.410822    -2.2415E+00
  15.462926    -2.1938E+00
  15.515030    -2.1472E+00
  15.567134    -2.1018E+00
  15.619238    -2.0576E+00
  15.671343    -2.0144E+00
  15.723447    -1.9723E+00
  15.775551    -1.9312E+00
  15.827655    -1.8912E+00
  15.879760    -1.8521E+00
  15.931864    -1.8139E+00
  15.983968    -1.7767E+00
  16.036072    -1.7403E+00
  16.088176    -1.7049E+00
  16.140281    -1.6702E+00
  16.192385    -1.6365E+00
  16.244489    -1.6035E+00
  16.296593    -1.5712E+00
  16.348697    -1.5398E+00
  16.400802    -1.5091E+00
  16.452906    -1.4791E+00
  16.505010    -1.4498E+00
  16.557114    -1.4211E+00
  16.609218    -1.3932E+00
  16.661323    -1.3659E+00
  16.713427    -1.3392E+00
  16.765531    -1.3131E+00
  16.817635    -1.2876E+00
  16.869739    -1.2627E+00
  16.921844    -1.2384E+00
  16.973948    -1.2146E+00
  17.026052    -1.1913E+00
  17.078156    -1.1686E+00
  17.130261    -1.1464E+00
  17.182365    -1.1246E+00
  17.234469    -1.1034E+00
  17.286573    -1.0826E+00
  17.338677    -1.0623E+00
  17.390782    -1.0424E+00
  17.442886    -1.0230E+00
  17.494990    -1.0040E+00
  17.547094    -9.8537E-01
  17.599198    -9.6718E-01
  17.651303    -9.4938E-01
  17.703407    -9.3196E-01
  17.755511    -9.1492E-01
  17.807615    -8.9824E-01
  17.859719    -8.8192E-01
  17.911824    -8.6594E-01
  17.963928    -8.5031E-01
  18.016032    -8.3500E-01
  18.068136    -8.2002E-01
  18.120240    -8.0535E-01
  18.172345    -7.9099E-01
  18.224449    -7.7693E-01
  18.276553    -7.6317E-01
  18.328657    -7.4969E-01
  18.380762    -7.3648E-01
  18.432866    -7.2355E-01
  18.484970    -7.1089E-01
  18.537074    -6.9849E-01
  18.589178    -6.8633E-01
  18.641283    -6.7443E-01
  18.693387    -6.6277E-01
  18.745491    -6.5135E-01
  18.797595    -6.4015E-01
  18.849699    -6.2918E-01
  18.901804    -6.1843E-01
  18.953908    -6.0790E-01
  19.006012    -5.9758E-01
  19.058116    -5.8746E-01
  19.110220    -5.7754E-01
  19.162325    -5.6782E-01
  19.214429    -5.5829E-01
  19.266533    -5.4895E-01
  19.318637    -5.3979E-01
  19.370741    -5.3081E-01
  19.422846    -5.2200E-01
  19.474950    -5.1337E-01
  19.527054    -5.0490E-01
  19.579158    -4.9660E-01
  19.631263    -4.8846E-01
  19.683367    -4.8047E-01
  19.735471    -4.7264E-01
  19.787575    -4.6496E-01
  19.839679    -4.5742E-01
  19.891784    -4.5002E-01
  19.943888    -4.4277E-01
  19.995992    -4.3565E-01
  20.048096    -4.2867E-01
  20.100200    -4.2182E-01
  20.152305    -4.1509E-01
  20.204409    -4.0850E-01
  20.256513    -4.0202E-01
  20.308617    -3.9567E-01
  20.360721    -3.8943E-01
  20.412826    -3.8331E-01
  20.464930    -3.7730E-01
  20.517034    -3.7140E-01
  20.569138    -3.6561E-01
  20.621242    -3.5992E-01
  20.673347    -3.5434E-01
  20.725451    -3.4886E-01
  20.777555    -3.4348E-01
  20.829659    -3.3820E-01
  20.881764    -3.3301E-01
  20.933868    -3.2791E-01
  20.985972    -3.2291E-01
  21.038076    -3.1800E-01
  21.090180    -3.1317E-01
  21.142285    -3.0843E-01
  21.194389    -3.0377E-01
  21.246493    -2.9920E-01
  21.298597    -2.9470E-01
  21.350701    -2.9029E-01
  21.402806    -2.8595E-01
  21.454910    -2.8169E-01
  21.507014    -2.7751E-01
  21.559118    -2.7339E-01
  21.611222    -2.6935E-01
  21.663327    -2.6538E-01
  21.715431    -2.6147E-01
  21.767535    -2.5764E-01
  21.819639    -2.5387E-01
  21.871743    -2.5016E-01
  21.923848    -2.4652E-01
  21.975952    -2.4294E-01
  22.028056    -2.3942E-01
  22.080160    -2.3596E-01
  22.132265    -2.3256E-01
  22.184369    -2.2922E-01
  22.236473    -2.2593E-01
  22.288577    -2.2270E-01
  22.340681    -2.1952E-01
  22.392786    -2.1639E-01
  22.444890    -2.1332E-01
  22.496994    -2.1030E-01
  22.549098    -2.0733E-01
  22.601202    -2.0441E-01
  22.653307    -2.0153E-01
  22.705411    -1.9871E-01
  22.757515    -1.9593E-01
  22.809619    -1.9319E-01
  22.861723    -1.9050E-01
  22.913828    -1.8786E-01
  22.965932    -1.8525E-01
  23.018036    -1.8269E-01
  23.070140    -1.8017E-01
  23.122244    -1.7770E-01
  23.174349    -1.7526E-01
  23.226453    -1.7286E-01
  23.278557    -1.7050E-01
  23.330661    -1.6817E-01
  23.382766    -1.6589E-01
  23.434870    -1.6364E-01
  23.486974    -1.6142E-01
  23.539078    -1.5925E-01
  23.591182    -1.5710E-01
  23.643287    -1.5499E-01
  23.695391    -1.5291E-01
  23.747495    -1.5087E-01
  23.799599    -1.4886E-01
  23.851703    -1.4688E-01
  23.903808    -1.4493E-01
  23.955912    -1.4301E-01
  24.008016    -1.4112E-01
  24.060120    -1.3926E-01
  24.112224    -1.3742E-01
  24.164329    -1.3562E-01
  24.216433    -1.3384E-01
  24.268537    -1.3209E-01
  24.320641    -1.3037E-01
  24.372745    -1.2868E-01
  24.424850    -1.2701E-01
  24.476954    -1.2536E-01
  24.529058    -1.2374E-01
  24.581162    -1.2215E-01
  24.633267    -1.2058E-01
  24.685371    -1.1903E-01
  24.737475    -1.1751E-01
  24.789579    -1.1600E-01
  24.841683    -1.1453E-01
  24.893788    -1.1307E-01
  24.945892    -1.1163E-01
  24.997996    -1.1022E-01
  25.050100    -1.0883E-01
  25.102204    -1.0746E-01
  25.154309    -1.0610E-01
  25.206413    -1.0477E-01
  25.258517    -1.0346E-01
  25.310621    -1.0217E-01
  25.362725    -1.0089E-01
  25.414830    -9.9637E-02
  25.466934    -9.8400E-02
  25.519038    -9.7181E-02
  25.571142    -9.5979E-02
  25.623246    -9.4795E-02
  25.675351    -9.3628E-02
  25.727455    -9.2478E-02
  25.779559    -9.1344E-02
  25.831663    -9.0227E-02
  25.883768    -8.9126E-02
  25.935872    -8.8040E-02
  25.987976    -8.6970E-02
  26.040080    -8.5915E-02
  26.092184    -8.4875E-02
  26.144289    -8.3850E-02
  26.196393    -8.2840E-02
  26.248497    -8.1843E-02
  26.300601    -8.0861E-02
  26.352705    -7.9892E-02
  26.404810    -7.8937E-02
  26.456914    -7.7996E-02
  26.509018    -7.7067E-02
  26.561122    -7.6152E-02
  26.613226    -7.5249E-02
  26.665331    -7.4359E-02
  26.717435    -7.3481E-02
  26.769539    -7.2615E-02
  26.821643    -7.1762E-02
  26.873747    -7.0920E-02
  26.925852    -7.0089E-02
  26.977956    -6.9270E-02
  27.030060    -6.8462E-02
  27.082164    -6.7665E-02
  27.134269    -6.6879E-02
  27.186373    -6.6104E-02
  27.238477    -6.5339E-02
  27.290581    -6.4585E-02
  27.342685    -6.3841E-02
  27.394790    -6.3107E-02
  27.446894    -6.2382E-02
  27.498998    -6.1668E-02
  27.551102    -6.0963E-02
  27.603206    -6.0267E-02
  27.655311    -5.9581E-02
  27.707415    -5.8904E-02
  27.759519    -5.8236E-02
  27.811623    -5.7577E-02
  27.863727    -5.6926E-02
  27.915832    -5.6284E-02
  27.967936    -5.5651E-02
  28.020040    -5.5026E-02
  28.072144    -5.4409E-02
  28.124248    -5.3800E-02
  28.176353    -5.3200E-02
  28.228457    -5.2607E-02
  28.280561    -5.2021E-02
  28.332665    -5.1444E-02
  28.384770    -5.0874E-02
  28.436874    -5.0311E-02
  28.488978    -4.9756E-02
  28.541082    -4.9208E-02
  28.593186    -4.8667E-02
  28.645291    -4.8132E-02
  28.697395    -4.7605E-02
  28.749499    -4.7085E-02
  28.801603    -4.6571E-02
  28.853707    -4.6063E-02
  28.905812    -4.5563E-02
  28.957916    -4.5068E-02
  29.010020    -4.4580E-02
  29.062124    -4.4098E-02
  29.114228    -4.3622E-02
  29.166333    -4.3152E-02
  29.218437    -4.2688E-02
  29.270541    -4.2230E-02
  29.322645    -4.1778E-02
  29.374749    -4.1331E-02
  29.426854    -4.0890E-02
  29.478958    -4.0454E-02
  29.531062    -4.0024E-02
  29.583166    -3.9600E-02
  29.635271    -3.9180E-02
  29.687375    -3.8766E-02
  29.739479    -3.8357E-02
  29.791583    -3.7952E-02
  29.843687    -3.7553E-02
  29.895792    -3.7159E-02
  29.947896    -3.6770E-02
  30.000000    -3.6385E-02
  53.74749499
   4.000000     3.0559E+04
   4.052104     2.8550E+04
   4.104208     2.6642E+04
   4.156313     2.4831E+04
   4.208417     2.3116E+04
   4.260521     2.1494E+04
   4.312625     1.9964E+04
   4.364729     1.8521E+04
   4.416834     1.7164E+04
   4.468938     1.5888E+04
   4.521042     1.4692E+04
   4.573146     1.3570E+04
   4.625251     1.2521E+04
   4.677355     1.1541E+04
   4.729459     1.0626E+04
   4.781563     9.7737E+03
   4.833667     8.9799E+03
   4.885772     8.2419E+03
   4.937876     7.5563E+03
   4.989980     6.9203E+03
   5.042084     6.3307E+03
   5.094188     5.7849E+03
   5.146293     5.2801E+03
   5.198397     4.8136E+03
   5.250501     4.3831E+03
   5.302605     3.9860E+03
   5.354709     3.6201E+03
   5.406814     3.2834E+03
   5.458918     2.9737E+03
   5.511022     2.6893E+03
   5.563126     2.4281E+03
   5.615230     2.1887E+03
   5.667335     1.9693E+03
   5.719439     1.7685E+03
   5.771543     1.5849E+03
   5.823647     1.4172E+03
   5.875752     1.2641E+03
   5.927856     1.1246E+03
   5.979960     9.9749E+02
   6.032064     8.8186E+02
   6.084168     7.7678E+02
   6.136273     6.8139E+02
   6.188377     5.9490E+02
   6.240481     5.1659E+02
   6.292585     4.4577E+02
   6.344689     3.8180E+02
   6.396794     3.2412E+02
   6.448898     2.7218E+02
   6.501002     2.2549E+02
   6.553106     1.8359E+02
   6.605210     1.4606E+02
   6.657315     1.1252E+02
   6.709419     8.2601E+01
   6.761523     5.5985E+01
   6.813627     3.2369E+01
   6.865731     1.1476E+01
   6.917836    -6.9462E+00
   6.969940    -2.3130E+01
   7.022044    -3.7288E+01
   7.074148    -4.9615E+01
   7.126253    -6.0288E+01
   7.178357    -6.9470E+01
   7.230461    -7.7309E+01
   7.282565    -8.3941E+01
   7.334669    -8.9489E+01
   7.386774    -9.4065E+01
   7.438878    -9.7773E+01
   7.490982    -1.0070E+02
   7.543086    -1.0294E+02
   7.595190    -1.0457E+02
   7.647295    -1.0565E+02
   7.699399    -1.0625E+02
   7.751503    -1.0642E+02
   7.803607    -1.0622E+02
   7.855711    -1.0569E+02
   7.907816    -1.0488E+02
   7.959920    -1.0382E+02
   8.012024    -1.0255E+02
   8.064128    -1.0110E+02
   8.116232    -9.9498E+01
   8.168337    -9.7764E+01
   8.220441    -9.5924E+01
   8.272545    -9.3996E+01
   8.324649    -9.1999E+01
   8.376754    -8.9948E+01
   8.428858    -8.7858E+01
   8.480962    -8.5739E+01
   8.533066    -8.3604E+01
   8.585170    -8.1462E+01
   8.637275    -7.9322E+01
   8.689379    -7.7190E+01
   8.741483    -7.5073E+01
   8.793587    -7.2977E+01
   8.845691    -7.0907E+01
   8.897796    -6.8865E+01
   8.949900    -6.6857E+01
   9.002004    -6.4885E+01
   9.054108    -6.2950E+01
   9.106212    -6.1056E+01
   9.158317    -5.9204E+01
   9.210421    -5.7394E+01
   9.262525    -5.5628E+01
   9.314629    -5.3907E+01
   9.366733    -5.2230E+01
   9.418838    -5.0598E+01
   9.470942    -4.9011E+01
   9.523046    -4.7469E+01
   9.575150    -4.5971E+01
   9.627255    -4.4517E+01
   9.679359    -4.3106E+01
   9.731463    -4.1738E+01
   9.783567    -4.0412E+01
   9.835671    -3.9128E+01
   9.887776    -3.7883E+01
   9.939880    -3.6679E+01
   9.991984    -3.5512E+01
  10.044088    -3.4384E+01
  10.096192    -3.3292E+01
  10.148297    -3.2236E+01
  10.200401    -3.1215E+01
  10.252505    -3.0228E+01
  10.304609    -2.9273E+01
  10.356713    -2.8350E+01
  10.408818    -2.7458E+01
  10.460922    -2.6597E+01
  10.513026    -2.5764E+01
  10.565130    -2.4959E+01
  10.617234    -2.4182E+01
  10.669339    -2.3431E+01
  10.721443    -2.2705E+01
  10.773547    -2.2004E+01
  10.825651    -2.1327E+01
  10.877756    -2.0673E+01
  10.929860    -2.0041E+01
  10.981964    -1.9431E+01
  11.034068    -1.8841E+01
  11.086172    -1.8271E+01
  11.138277    -1.7721E+01
  11.190381    -1.7189E+01
  11.242485    -1.6675E+01
  11.294589    -1.6178E+01
  11.346693    -1.5698E+01
  11.398798    -1.5235E+01
  11.450902    -1.4786E+01
  11.503006    -1.4353E+01
  11.555110    -1.3935E+01
  11.607214    -1.3530E+01
  11.659319    -1.3138E+01
  11.711423    -1.2760E+01
  11.763527    -1.2394E+01
  11.815631    -1.2040E+01
  11.867735    -1.1698E+01
  11.919840    -1.1367E+01
  11.971944    -1.1047E+01
  12.024048    -1.0737E+01
  12.076152    -1.0438E+01
  12.128257    -1.0147E+01
  12.180361    -9.8668E+00
  12.232465    -9.5951E+00
  12.284569    -9.3321E+00
  12.336673    -9.0774E+00
  12.388778    -8.8309E+00
  12.440882    -8.5921E+00
  12.492986    -8.3609E+00
  12.545090    -8.1369E+00
  12.597194    -7.9199E+00
  12.649299    -7.7097E+00
  12.701403    -7.5060E+00
  12.753507    -7.3086E+00
  12.805611    -7.1172E+00
  12.857715    -6.9317E+00
  12.909820    -6.7519E+00
  12.961924    -6.5776E+00
  13.014028    -6.4085E+00
  13.066132    -6.2445E+00
  13.118236    -6.0854E+00
  13.170341    -5.9311E+00
  13.222445    -5.7814E+00
  13.274549    -5.6361E+00
  13.326653    -5.4951E+00
  13.378758    -5.3582E+00
  13.430862    -5.2254E+00
  13.482966    -5.0964E+00
  13.535070    -4.9711E+00
  13.587174    -4.8495E+00
  13.639279    -4.7313E+00
  13.691383    -4.6166E+00
  13.743487    -4.5051E+00
  13.795591    -4.3968E+00
  13.847695    -4.2915E+00
  13.899800    -4.1892E+00
  13.951904    -4.0898E+00
  14.004008    -3.9931E+00
  14.056112    -3.8991E+00
  14.108216    -3.8078E+00
  14.160321    -3.7189E+00
  14.212425    -3.6325E+00
  14.264529    -3.5484E+00
  14.316633    -3.4666E+00
  14.368737    -3.3871E+00
  14.420842    -3.3096E+00
  14.472946    -3.2343E+00
  14.525050    -3.1610E+00
  14.577154    -3.0896E+00
  14.629259    -3.0201E+00
  14.681363    -2.9524E+00
  14.733467    -2.8865E+00
  14.785571    -2.8224E+00
  14.837675    -2.7599E+00
  14.889780    -2.6991E+00
  14.941884    -2.6398E+00
  14.993988    -2.5820E+00
  15.046092    -2.5257E+00
  15.098196    -2.4709E+00
  15.150301    -2.4174E+00
  15.202405    -2.3653E+00
  15.254509    -2.3146E+00
  15.306613    -2.2651E+00
  15.358717    -2.2168E+00
  15.410822    -2.1697E+00
  15.462926    -2.1239E+00
  15.515030    -2.0791E+00
  15.567134    -2.0354E+00
  15.619238    -1.9929E+00
  15.671343    -1.9513E+00
  15.723447    -1.9108E+00
  15.775551    -1.8713E+00
  15.827655    -1.8327E+00
  15.879760    -1.7950E+00
  15.931864    -1.7583E+00
  15.983968    -1.7224E+00
  16.036072    -1.6874E+00
  16.088176    -1.6532E+00
  16.140281    -1.6198E+00
  16.192385    -1.5872E+00
  16.244489    -1.5554E+00
  16.296593    -1.5243E+00
  16.348697    -1.4939E+00
  16.400802    -1.4643E+00
  16.452906    -1.4353E+00
  16.505010    -1.4070E+00
  16.557114    -1.3794E+00
  16.609218    -1.3524E+00
  16.661323    -1.3260E+00
  16.713427    -1.3002E+00
  16.765531    -1.2750E+00
  16.817635    -1.2503E+00
  16.869739    -1.2263E+00
  16.921844    -1.2027E+00
  16.973948    -1.1797E+00
  17.026052    -1.1572E+00
  17.078156    -1.1352E+00
  17.130261    -1.1137E+00
  17.182365    -1.0926E+00
  17.234469    -1.0720E+00
  17.286573    -1.0519E+00
  17.338677    -1.0322E+00
  17.390782    -1.0130E+00
  17.442886    -9.9414E-01
  17.494990    -9.7571E-01
  17.547094    -9.5768E-01
  17.599198    -9.4004E-01
  17.651303    -9.2278E-01
  17.703407    -9.0588E-01
  17.755511    -8.8935E-01
  17.807615    -8.7317E-01
  17.859719    -8.5733E-01
  17.911824    -8.4182E-01
  17.963928    -8.2664E-01
  18.016032    -8.1178E-01
  18.068136    -7.9724E-01
  18.120240    -7.8299E-01
  18.172345    -7.6905E-01
  18.224449    -7.5539E-01
  18.276553    -7.4201E-01
  18.328657    -7.2892E-01
  18.380762    -7.1609E-01
  18.432866    -7.0352E-01
  18.484970    -6.9121E-01
  18.537074    -6.7916E-01
  18.589178    -6.6734E-01
  18.641283    -6.5577E-01
  18.693387    -6.4443E-01
  18.745491    -6.3332E-01
  18.797595    -6.2244E-01
  18.849699    -6.1177E-01
  18.901804    -6.0132E-01
  18.953908    -5.9107E-01
  19.006012    -5.8103E-01
  19.058116    -5.7118E-01
  19.110220    -5.6154E-01
  19.162325    -5.5208E-01
  19.214429    -5.4281E-01
  19.266533    -5.3372E-01
  19.318637    -5.2480E-01
  19.370741    -5.1606E-01
  19.422846    -5.0750E-01
  19.474950    -4.9909E-01
  19.527054    -4.9085E-01
  19.579158    -4.8277E-01
  19.631263    -4.7485E-01
  19.683367    -4.6707E-01
  19.735471    -4.5945E-01
  19.787575    -4.5197E-01
  19.839679    -4.4463E-01
  19.891784    -4.3744E-01
  19.943888    -4.3037E-01
  19.995992    -4.2345E-01
  20.048096    -4.1665E-01
  20.100200    -4.0998E-01
  20.152305    -4.0343E-01
  20.204409    -3.9701E-01
  20.256513    -3.9071E-01
  20.308617    -3.8452E-01
  20.360721    -3.7845E-01
  20.412826    -3.7249E-01
  20.464930    -3.6664E-01
  20.517034    -3.6090E-01
  20.569138    -3.5527E-01
  20.621242    -3.4973E-01
  20.673347    -3.4430E-01
  20.725451    -3.3897E-01
  20.777555    -3.3373E-01
  20.829659    -3.2859E-01
  20.881764    -3.2354E-01
  20.933868    -3.1858E-01
  20.985972    -3.1371E-01
  21.038076    -3.0893E-01
  21.090180    -3.0423E-01
  21.142285    -2.9962E-01
  21.194389    -2.9509E-01
  21.246493    -2.9064E-01
  21.298597    -2.8627E-01
  21.350701    -2.8197E-01
  21.402806    -2.7775E-01
  21.454910    -2.7361E-01
  21.507014    -2.6954E-01
  21.559118    -2.6553E-01
  21.611222    -2.6160E-01
  21.663327    -2.5774E-01
  21.715431    -2.5394E-01
  21.767535    -2.5021E-01
  21.819639    -2.4655E-01
  21.871743    -2.4294E-01
  21.923848    -2.3940E-01
  21.975952    -2.3592E-01
  22.028056    -2.3250E-01
  22.080160    -2.2914E-01
  22.132265    -2.2583E-01
  22.184369    -2.2258E-01
  22.236473    -2.1938E-01
  22.288577    -2.1624E-01
  22.340681    -2.1316E-01
  22.392786    -2.1012E-01
  22.444890    -2.0713E-01
  22.496994    -2.0420E-01
  22.549098    -2.0131E-01
  22.601202    -1.9847E-01
  22.653307    -1.9568E-01
  22.705411    -1.9293E-01
  22.757515    -1.9023E-01
  22.809619    -1.8758E-01
  22.861723    -1.8496E-01
  22.913828    -1.8239E-01
  22.965932    -1.7987E-01
  23.018036    -1.7738E-01
  23.070140    -1.7493E-01
  23.122244    -1.7253E-01
  23.174349    -1.7016E-01
  23.226453    -1.6783E-01
  23.278557    -1.6554E-01
  23.330661    -1.6328E-01
  23.382766    -1.6106E-01
  23.434870    -1.5888E-01
  23.486974    -1.5673E-01
  23.539078    -1.5462E-01
  23.591182    -1.5253E-01
  23.643287    -1.5049E-01
  23.695391    -1.4847E-01
  23.747495    -1.4649E-01
  23.799599    -1.4453E-01
  23.851703    -1.4261E-01
  23.903808    -1.4072E-01
  23.955912    -1.3886E-01
  24.008016    -1.3702E-01
  24.060120    -1.3522E-01
  24.112224    -1.3344E-01
  24.164329    -1.3169E-01
  24.216433    -1.2997E-01
  24.268537    -1.2827E-01
  24.320641    -1.2660E-01
  24.372745    -1.2496E-01
  24.424850    -1.2334E-01
  24.476954    -1.2174E-01
  24.529058    -1.2017E-01
  24.581162    -1.1863E-01
  24.633267    -1.1710E-01
  24.685371    -1.1560E-01
  24.737475    -1.1413E-01
  24.789579    -1.1267E-01
  24.841683    -1.1124E-01
  24.893788    -1.0982E-01
  24.945892    -1.0843E-01
  24.997996    -1.0706E-01
  25.050100    -1.0571E-01
  25.102204    -1.0438E-01
  25.154309    -1.0307E-01
  25.206413    -1.0178E-01
  25.258517    -1.0051E-01
  25.310621    -9.9258E-02
  25.362725    -9.8023E-02
  25.414830    -9.6806E-02
  25.466934    -9.5608E-02
  25.519038    -9.4426E-02
  25.571142    -9.3262E-02
  25.623246    -9.2115E-02
  25.675351    -9.0984E-02
  25.727455    -8.9870E-02
  25.779559    -8.8771E-02
  25.831663    -8.7689E-02
  25.883768    -8.6622E-02
  25.935872    -8.5570E-02
  25.987976    -8.4533E-02
  26.040080    -8.3511E-02
  26.092184    -8.2504E-02
  26.144289    -8.1511E-02
  26.196393    -8.0532E-02
  26.248497    -7.9567E-02
  26.300601    -7.8615E-02
  26.352705    -7.7677E-02
  26.404810    -7.6752E-02
  26.456914    -7.5840E-02
  26.509018    -7.4941E-02
  26.561122    -7.4054E-02
  26.613226    -7.3180E-02
  26.665331    -7.2317E-02
  26.717435    -7.1467E-02
  26.769539    -7.0629E-02
  26.821643    -6.9802E-02
  26.873747    -6.8986E-02
  26.925852    -6.8182E-02
  26.977956    -6.7388E-02
  27.030060    -6.6606E-02
  27.082164    -6.5834E-02
  27.134269    -6.5073E-02
  27.186373    -6.4322E-02
  27.238477    -6.3581E-02
  27.290581    -6.2851E-02
  27.342685    -6.2130E-02
  27.394790    -6.1419E-02
  27.446894    -6.0718E-02
  27.498998    -6.0025E-02
  27.551102    -5.9343E-02
  27.603206    -5.8669E-02
  27.655311    -5.8004E-02
  27.707415    -5.7349E-02
  27.759519    -5.6702E-02
  27.811623    -5.6063E-02
  27.863727    -5.5433E-02
  27.915832    -5.4811E-02
  27.967936    -5.4198E-02
  28.020040    -5.3592E-02
  28.072144    -5.2995E-02
  28.124248    -5.2405E-02
  28.176353    -5.1823E-02
  28.228457    -5.1249E-02
  28.280561    -5.0682E-02
  28.332665    -5.0123E-02
  28.384770    -4.9571E-02
  28.436874    -4.9026E-02
  28.488978    -4.8488E-02
  28.541082    -4.7957E-02
  28.593186    -4.7432E-02
  28.645291    -4.6915E-02
  28.697395    -4.6404E-02
  28.749499    -4.5900E-02
  28.801603    -4.5402E-02
  28.853707    -4.4910E-02
  28.905812    -4.4425E-02
  28.957916    -4.3946E-02
  29.010020    -4.3473E-02
  29.062124    -4.3006E-02
  29.114228    -4.2545E-02
  29.166333    -4.2090E-02
  29.218437    -4.1640E-02
  29.270541    -4.1196E-02
  29.322645    -4.0758E-02
  29.374749    -4.0325E-02
  29.426854    -3.9898E-02
  29.478958    -3.9475E-02
  29.531062    -3.9059E-02
  29.583166    -3.8647E-02
  29.635271    -3.8240E-02
  29.687375    -3.7839E-02
  29.739479    -3.7442E-02
  29.791583    -3.7050E-02
  29.843687    -3.6663E-02
  29.895792    -3.6281E-02
  29.947896    -3.5904E-02
  30.000000    -3.5531E-02
  57.35470942
   4.000000     2.7933E+04
   4.052104     2.6010E+04
   4.104208     2.4193E+04
   4.156313     2.2478E+04
   4.208417     2.0862E+04
   4.260521     1.9341E+04
   4.312625     1.7913E+04
   4.364729     1.6572E+04
   4.416834     1.5316E+04
   4.468938     1.4140E+04
   4.521042     1.3041E+04
   4.573146     1.2016E+04
   4.625251     1.1059E+04
   4.677355     1.0168E+04
   4.729459     9.3398E+03
   4.781563     8.5698E+03
   4.833667     7.8551E+03
   4.885772     7.1923E+03
   4.937876     6.5783E+03
   4.989980     6.0101E+03
   5.042084     5.4848E+03
   5.094188     4.9997E+03
   5.146293     4.5520E+03
   5.198397     4.1393E+03
   5.250501     3.7592E+03
   5.302605     3.4094E+03
   5.354709     3.0878E+03
   5.406814     2.7924E+03
   5.458918     2.5214E+03
   5.511022     2.2729E+03
   5.563126     2.0452E+03
   5.615230     1.8369E+03
   5.667335     1.6465E+03
   5.719439     1.4725E+03
   5.771543     1.3137E+03
   5.823647     1.1690E+03
   5.875752     1.0372E+03
   5.927856     9.1727E+02
   5.979960     8.0830E+02
   6.032064     7.0939E+02
   6.084168     6.1970E+02
   6.136273     5.3849E+02
   6.188377     4.6504E+02
   6.240481     3.9870E+02
   6.292585     3.3888E+02
   6.344689     2.8500E+02
   6.396794     2.3657E+02
   6.448898     1.9310E+02
   6.501002     1.5416E+02
   6.553106     1.1935E+02
   6.605210     8.8293E+01
   6.657315     6.0661E+01
   6.709419     3.6136E+01
   6.761523     1.4434E+01
   6.813627    -4.7087E+00
   6.865731    -2.1531E+01
   6.917836    -3.6255E+01
   6.969940    -4.9080E+01
   7.022044    -6.0191E+01
   7.074148    -6.9756E+01
   7.126253    -7.7930E+01
   7.178357    -8.4851E+01
   7.230461    -9.0649E+01
   7.282565    -9.5439E+01
   7.334669    -9.9328E+01
   7.386774    -1.0241E+02
   7.438878    -1.0478E+02
   7.490982    -1.0651E+02
   7.543086    -1.0767E+02
   7.595190    -1.0833E+02
   7.647295    -1.0855E+02
   7.699399    -1.0838E+02
   7.751503    -1.0788E+02
   7.803607    -1.0708E+02
   7.855711    -1.0602E+02
   7.907816    -1.0474E+02
   7.959920    -1.0327E+02
   8.012024    -1.0165E+02
   8.064128    -9.9886E+01
   8.116232    -9.8012E+01
   8.168337    -9.6048E+01
   8.220441    -9.4011E+01
   8.272545    -9.1918E+01
   8.324649    -8.9782E+01
   8.376754    -8.7617E+01
   8.428858    -8.5434E+01
   8.480962    -8.3244E+01
   8.533066    -8.1054E+01
   8.585170    -7.8872E+01
   8.637275    -7.6706E+01
   8.689379    -7.4560E+01
   8.741483    -7.2440E+01
   8.793587    -7.0350E+01
   8.845691    -6.8294E+01
   8.897796    -6.6274E+01
   8.949900    -6.4293E+01
   9.002004    -6.2354E+01
   9.054108    -6.0457E+01
   9.106212    -5.8603E+01
   9.158317    -5.6795E+01
   9.210421    -5.5032E+01
   9.262525    -5.3315E+01
   9.314629    -5.1645E+01
   9.366733    -5.0020E+01
   9.418838    -4.8441E+01
   9.470942    -4.6908E+01
   9.523046    -4.5419E+01
   9.575150    -4.3976E+01
   9.627255    -4.2576E+01
   9.679359    -4.1219E+01
   9.731463    -3.9905E+01
   9.783567    -3.8632E+01
   9.835671    -3.7399E+01
   9.887776    -3.6206E+01
   9.939880    -3.5052E+01
   9.991984    -3.3936E+01
  10.044088    -3.2856E+01
  10.096192    -3.1812E+01
  10.148297    -3.0802E+01
  10.200401    -2.9826E+01
  10.252505    -2.8883E+01
  10.304609    -2.7972E+01
  10.356713    -2.7092E+01
  10.408818    -2.6241E+01
  10.460922    -2.5419E+01
  10.513026    -2.4625E+01
  10.565130    -2.3858E+01
  10.617234    -2.3117E+01
  10.669339    -2.2401E+01
  10.721443    -2.1709E+01
  10.773547    -2.1042E+01
  10.825651    -2.0397E+01
  10.877756    -1.9773E+01
  10.929860    -1.9172E+01
  10.981964    -1.8590E+01
  11.034068    -1.8028E+01
  11.086172    -1.7486E+01
  11.138277    -1.6962E+01
  11.190381    -1.6455E+01
  11.242485    -1.5966E+01
  11.294589    -1.5493E+01
  11.346693    -1.5036E+01
  11.398798    -1.4594E+01
  11.450902    -1.4167E+01
  11.503006    -1.3754E+01
  11.555110    -1.3355E+01
  11.607214    -1.2969E+01
  11.659319    -1.2597E+01
  11.711423    -1.2236E+01
  11.763527    -1.1887E+01
  11.815631    -1.1550E+01
  11.867735    -1.1224E+01
  11.919840    -1.0908E+01
  11.971944    -1.0602E+01
  12.024048    -1.0307E+01
  12.076152    -1.0021E+01
  12.128257    -9.7442E+00
  12.180361    -9.4763E+00
  12.232465    -9.2169E+00
  12.284569    -8.9658E+00
  12.336673    -8.7226E+00
  12.388778    -8.4872E+00
  12.440882    -8.2591E+00
  12.492986    -8.0381E+00
  12.545090    -7.8241E+00
  12.597194    -7.6167E+00
  12.649299    -7.4157E+00
  12.701403    -7.2209E+00
  12.753507    -7.0320E+00
  12.805611    -6.8490E+00
  12.857715    -6.6715E+00
  12.909820    -6.4994E+00
  12.961924    -6.3325E+00
  13.014028    -6.1706E+00
  13.066132    -6.0136E+00
  13.118236    -5.8612E+00
  13.170341    -5.7134E+00
  13.222445    -5.5699E+00
  13.274549    -5.4307E+00
  13.326653    -5.2955E+00
  13.378758    -5.1643E+00
  13.430862    -5.0369E+00
  13.482966    -4.9132E+00
  13.535070    -4.7931E+00
  13.587174    -4.6763E+00
  13.639279    -4.5630E+00
  13.691383    -4.4528E+00
  13.743487    -4.3458E+00
  13.795591    -4.2418E+00
  13.847695    -4.1407E+00
  13.899800    -4.0424E+00
  13.951904    -3.9469E+00
  14.004008    -3.8540E+00
  14.056112    -3.7637E+00
  14.108216    -3.6759E+00
  14.160321    -3.5905E+00
  14.212425    -3.5074E+00
  14.264529    -3.4265E+00
  14.316633    -3.3479E+00
  14.368737    -3.2714E+00
  14.420842    -3.1969E+00
  14.472946    -3.1244E+00
  14.525050    -3.0538E+00
  14.577154    -2.9851E+00
  14.629259    -2.9182E+00
  14.681363    -2.8531E+00
  14.733467    -2.7897E+00
  14.785571    -2.7279E+00
  14.837675    -2.6677E+00
  14.889780    -2.6091E+00
  14.941884    -2.5520E+00
  14.993988    -2.4963E+00
  15.046092    -2.4421E+00
  15.098196    -2.3893E+00
  15.150301    -2.3378E+00
  15.202405    -2.2876E+00
  15.254509    -2.2386E+00
  15.306613    -2.1909E+00
  15.358717    -2.1444E+00
  15.410822    -2.0990E+00
  15.462926    -2.0547E+00
  15.515030    -2.0116E+00
  15.567134    -1.9695E+00
  15.619238    -1.9284E+00
  15.671343    -1.8883E+00
  15.723447    -1.8493E+00
  15.775551    -1.8111E+00
  15.827655    -1.7739E+00
  15.879760    -1.7375E+00
  15.931864    -1.7021E+00
  15.983968    -1.6675E+00
  16.036072    -1.6337E+00
  16.088176    -1.6007E+00
  16.140281    -1.5684E+00
  16.192385    -1.5370E+00
  16.244489    -1.5063E+00
  16.296593    -1.4762E+00
  16.348697    -1.4469E+00
  16.400802    -1.4183E+00
  16.452906    -1.3903E+00
  16.505010    -1.3630E+00
  16.557114    -1.3363E+00
  16.609218    -1.3102E+00
  16.661323    -1.2847E+00
  16.713427    -1.2598E+00
  16.765531    -1.2355E+00
  16.817635    -1.2117E+00
  16.869739    -1.1884E+00
  16.921844    -1.1656E+00
  16.973948    -1.1434E+00
  17.026052    -1.1217E+00
  17.078156    -1.1004E+00
  17.130261    -1.0796E+00
  17.182365    -1.0593E+00
  17.234469    -1.0394E+00
  17.286573    -1.0199E+00
  17.338677    -1.0009E+00
  17.390782    -9.8229E-01
  17.442886    -9.6408E-01
  17.494990    -9.4626E-01
  17.547094    -9.2883E-01
  17.599198    -9.1177E-01
  17.651303    -8.9508E-01
  17.703407    -8.7874E-01
  17.755511    -8.6276E-01
  17.807615    -8.4711E-01
  17.859719    -8.3179E-01
  17.911824    -8.1679E-01
  17.963928    -8.0211E-01
  18.016032    -7.8774E-01
  18.068136    -7.7367E-01
  18.120240    -7.5989E-01
  18.172345    -7.4640E-01
  18.224449    -7.3319E-01
  18.276553    -7.2025E-01
  18.328657    -7.0757E-01
  18.380762    -6.9516E-01
  18.432866    -6.8300E-01
  18.484970    -6.7109E-01
  18.537074    -6.5942E-01
  18.589178    -6.4799E-01
  18.641283    -6.3679E-01
  18.693387    -6.2581E-01
  18.745491    -6.1506E-01
  18.797595    -6.0452E-01
  18.849699    -5.9419E-01
  18.901804    -5.8407E-01
  18.953908    -5.7415E-01
  19.006012    -5.6443E-01
  19.058116    -5.5490E-01
  19.110220    -5.4555E-01
  19.162325    -5.3639E-01
  19.214429    -5.2741E-01
  19.266533    -5.1861E-01
  19.318637    -5.0998E-01
  19.370741    -5.0151E-01
  19.422846    -4.9321E-01
  19.474950    -4.8507E-01
  19.527054    -4.7709E-01
  19.579158    -4.6926E-01
  19.631263    -4.6158E-01
  19.683367    -4.5405E-01
  19.735471    -4.4666E-01
  19.787575    -4.3941E-01
  19.839679    -4.3230E-01
  19.891784    -4.2532E-01
  19.943888    -4.1848E-01
  19.995992    -4.1176E-01
  20.048096    -4.0517E-01
  20.100200    -3.9870E-01
  20.152305    -3.9236E-01
  20.204409    -3.8613E-01
  20.256513    -3.8002E-01
  20.308617    -3.7402E-01
  20.360721    -3.6813E-01
  20.412826    -3.6235E-01
  20.464930    -3.5668E-01
  20.517034    -3.5111E-01
  20.569138    -3.4564E-01
  20.621242    -3.4027E-01
  20.673347    -3.3500E-01
  20.725451    -3.2982E-01
  20.777555    -3.2474E-01
  20.829659    -3.1975E-01
  20.881764    -3.1485E-01
  20.933868    -3.1004E-01
  20.985972    -3.0531E-01
  21.038076    -3.0067E-01
  21.090180    -2.9611E-01
  21.142285    -2.9164E-01
  21.194389    -2.8724E-01
  21.246493    -2.8292E-01
  21.298597    -2.7867E-01
  21.350701    -2.7450E-01
  21.402806    -2.7040E-01
  21.454910    -2.6638E-01
  21.507014    -2.6242E-01
  21.559118    -2.5854E-01
  21.611222    -2.5472E-01
  21.663327    -2.5096E-01
  21.715431    -2.4728E-01
  21.767535    -2.4365E-01
  21.819639    -2.4009E-01
  21.871743    -2.3659E-01
  21.923848    -2.3315E-01
  21.975952    -2.2976E-01
  22.028056    -2.2644E-01
  22.080160    -2.2317E-01
  22.132265    -2.1996E-01
  22.184369    -2.1680E-01
  22.236473    -2.1369E-01
  22.288577    -2.1064E-01
  22.340681    -2.0763E-01
  22.392786    -2.0468E-01
  22.444890    -2.0178E-01
  22.496994    -1.9892E-01
  22.549098    -1.9612E-01
  22.601202    -1.9335E-01
  22.653307    -1.9064E-01
  22.705411    -1.8797E-01
  22.757515    -1.8534E-01
  22.809619    -1.8276E-01
  22.861723    -1.8022E-01
  22.913828    -1.7772E-01
  22.965932    -1.7526E-01
  23.018036    -1.7284E-01
  23.070140    -1.7046E-01
  23.122244    -1.6812E-01
  23.174349    -1.6581E-01
  23.226453    -1.6354E-01
  23.278557    -1.6131E-01
  23.330661    -1.5912E-01
  23.382766    -1.5696E-01
  23.434870    -1.5483E-01
  23.486974    -1.5274E-01
  23.539078    -1.5068E-01
  23.591182    -1.4866E-01
  23.643287    -1.4666E-01
  23.695391    -1.4470E-01
  23.747495    -1.4277E-01
  23.799599    -1.4087E-01
  23.851703    -1.3900E-01
  23.903808    -1.3715E-01
  23.955912    -1.3534E-01
  24.008016    -1.3355E-01
  24.060120    -1.3180E-01
  24.112224    -1.3007E-01
  24.164329    -1.2836E-01
  24.216433    -1.2668E-01
  24.268537    -1.2503E-01
  24.320641    -1.2340E-01
  24.372745    -1.2180E-01
  24.424850    -1.2022E-01
  24.476954    -1.1867E-01
  24.529058    -1.1714E-01
  24.581162    -1.1563E-01
  24.633267    -1.1415E-01
  24.685371    -1.1269E-01
  24.737475    -1.1125E-01
  24.789579    -1.0983E-01
  24.841683    -1.0843E-01
  24.893788    -1.0706E-01
  24.945892    -1.0570E-01
  24.997996    -1.0437E-01
  25.050100    -1.0305E-01
  25.102204    -1.0175E-01
  25.154309    -1.0048E-01
  25.206413    -9.9218E-02
  25.258517    -9.7978E-02
  25.310621    -9.6757E-02
  25.362725    -9.5553E-02
  25.414830    -9.4367E-02
  25.466934    -9.3198E-02
  25.519038    -9.2046E-02
  25.571142    -9.0911E-02
  25.623246    -8.9793E-02
  25.675351    -8.8690E-02
  25.727455    -8.7604E-02
  25.779559    -8.6533E-02
  25.831663    -8.5477E-02
  25.883768    -8.4437E-02
  25.935872    -8.3411E-02
  25.987976    -8.2400E-02
  26.040080    -8.1403E-02
  26.092184    -8.0421E-02
  26.144289    -7.9452E-02
  26.196393    -7.8498E-02
  26.248497    -7.7556E-02
  26.300601    -7.6628E-02
  26.352705    -7.5713E-02
  26.404810    -7.4811E-02
  26.456914    -7.3921E-02
  26.509018    -7.3044E-02
  26.561122    -7.2179E-02
  26.613226    -7.1326E-02
  26.665331    -7.0485E-02
  26.717435    -6.9656E-02
  26.769539    -6.8838E-02
  26.821643    -6.8031E-02
  26.873747    -6.7235E-02
  26.925852    -6.6450E-02
  26.977956    -6.5676E-02
  27.030060    -6.4913E-02
  27.082164    -6.4160E-02
  27.134269    -6.3417E-02
  27.186373    -6.2685E-02
  27.238477    -6.1962E-02
  27.290581    -6.1249E-02
  27.342685    -6.0546E-02
  27.394790    -5.9852E-02
  27.446894    -5.9168E-02
  27.498998    -5.8493E-02
  27.551102    -5.7826E-02
  27.603206    -5.7169E-02
  27.655311    -5.6520E-02
  27.707415    -5.5881E-02
  27.759519    -5.5249E-02
  27.811623    -5.4626E-02
  27.863727    -5.4011E-02
  27.915832    -5.3405E-02
  27.967936    -5.2806E-02
  28.020040    -5.2215E-02
  28.072144    -5.1632E-02
  28.124248    -5.1057E-02
  28.176353    -5.0489E-02
  28.228457    -4.9928E-02
  28.280561    -4.9375E-02
  28.332665    -4.8829E-02
  28.384770    -4.8290E-02
  28.436874    -4.7759E-02
  28.488978    -4.7234E-02
  28.541082    -4.6715E-02
  28.593186    -4.6204E-02
  28.645291    -4.5699E-02
  28.697395    -4.5200E-02
  28.749499    -4.4708E-02
  28.801603    -4.4222E-02
  28.853707    -4.3743E-02
  28.905812    -4.3269E-02
  28.957916    -4.2801E-02
  29.010020    -4.2340E-02
  29.062124    -4.1884E-02
  29.114228    -4.1434E-02
  29.166333    -4.0990E-02
  29.218437    -4.0551E-02
  29.270541    -4.0118E-02
  29.322645    -3.9690E-02
  29.374749    -3.9268E-02
  29.426854    -3.8850E-02
  29.478958    -3.8438E-02
  29.531062    -3.8031E-02
  29.583166    -3.7630E-02
  29.635271    -3.7233E-02
  29.687375    -3.6841E-02
  29.739479    -3.6454E-02
  29.791583    -3.6072E-02
  29.843687    -3.5694E-02
  29.895792    -3.5321E-02
  29.947896    -3.4953E-02
  30.000000    -3.4589E-02
  60.96192385
   4.000000     2.5921E+04
   4.052104     2.4050E+04
   4.104208     2.2289E+04
   4.156313     2.0633E+04
   4.208417     1.9080E+04
   4.260521     1.7625E+04
   4.312625     1.6264E+04
   4.364729     1.4994E+04
   4.416834     1.3809E+04
   4.468938     1.2705E+04
   4.521042     1.1679E+04
   4.573146     1.0725E+04
   4.625251     9.8390E+03
   4.677355     9.0178E+03
   4.729459     8.2571E+03
   4.781563     7.5531E+03
   4.833667     6.9022E+03
   4.885772     6.3009E+03
   4.937876     5.7460E+03
   4.989980     5.2343E+03
   5.042084     4.7628E+03
   5.094188     4.3288E+03
   5.146293     3.9295E+03
   5.198397     3.5626E+03
   5.250501     3.2256E+03
   5.302605     2.9164E+03
   5.354709     2.6329E+03
   5.406814     2.3732E+03
   5.458918     2.1355E+03
   5.511022     1.9181E+03
   5.563126     1.7195E+03
   5.615230     1.5381E+03
   5.667335     1.3727E+03
   5.719439     1.2219E+03
   5.771543     1.0847E+03
   5.823647     9.5985E+02
   5.875752     8.4642E+02
   5.927856     7.4345E+02
   5.979960     6.5010E+02
   6.032064     5.6556E+02
   6.084168     4.8910E+02
   6.136273     4.2002E+02
   6.188377     3.5771E+02
   6.240481     3.0159E+02
   6.292585     2.5111E+02
   6.344689     2.0579E+02
   6.396794     1.6518E+02
   6.448898     1.2885E+02
   6.501002     9.6424E+01
   6.553106     6.7552E+01
   6.605210     4.1910E+01
   6.657315     1.9201E+01
   6.709419    -8.4629E-01
   6.761523    -1.8482E+01
   6.813627    -3.3933E+01
   6.865731    -4.7408E+01
   6.917836    -5.9099E+01
   6.969940    -6.9180E+01
   7.022044    -7.7809E+01
   7.074148    -8.5133E+01
   7.126253    -9.1284E+01
   7.178357    -9.6382E+01
   7.230461    -1.0054E+02
   7.282565    -1.0385E+02
   7.334669    -1.0642E+02
   7.386774    -1.0831E+02
   7.438878    -1.0961E+02
   7.490982    -1.1039E+02
   7.543086    -1.1070E+02
   7.595190    -1.1061E+02
   7.647295    -1.1016E+02
   7.699399    -1.0939E+02
   7.751503    -1.0836E+02
   7.803607    -1.0709E+02
   7.855711    -1.0562E+02
   7.907816    -1.0399E+02
   7.959920    -1.0221E+02
   8.012024    -1.0031E+02
   8.064128    -9.8313E+01
   8.116232    -9.6238E+01
   8.168337    -9.4103E+01
   8.220441    -9.1921E+01
   8.272545    -8.9707E+01
   8.324649    -8.7473E+01
   8.376754    -8.5229E+01
   8.428858    -8.2984E+01
   8.480962    -8.0746E+01
   8.533066    -7.8522E+01
   8.585170    -7.6320E+01
   8.637275    -7.4143E+01
   8.689379    -7.1996E+01
   8.741483    -6.9883E+01
   8.793587    -6.7807E+01
   8.845691    -6.5772E+01
   8.897796    -6.3778E+01
   8.949900    -6.1828E+01
   9.002004    -5.9924E+01
   9.054108    -5.8065E+01
   9.106212    -5.6254E+01
   9.158317    -5.4489E+01
   9.210421    -5.2773E+01
   9.262525    -5.1104E+01
   9.314629    -4.9482E+01
   9.366733    -4.7907E+01
   9.418838    -4.6379E+01
   9.470942    -4.4897E+01
   9.523046    -4.3461E+01
   9.575150    -4.2069E+01
   9.627255    -4.0720E+01
   9.679359    -3.9415E+01
   9.731463    -3.8151E+01
   9.783567    -3.6928E+01
   9.835671    -3.5746E+01
   9.887776    -3.4602E+01
   9.939880    -3.3496E+01
   9.991984    -3.2427E+01
  10.044088    -3.1394E+01
  10.096192    -3.0395E+01
  10.148297    -2.9431E+01
  10.200401    -2.8499E+01
  10.252505    -2.7598E+01
  10.304609    -2.6728E+01
  10.356713    -2.5888E+01
  10.408818    -2.5077E+01
  10.460922    -2.4294E+01
  10.513026    -2.3537E+01
  10.565130    -2.2806E+01
  10.617234    -2.2101E+01
  10.669339    -2.1419E+01
  10.721443    -2.0761E+01
  10.773547    -2.0125E+01
  10.825651    -1.9511E+01
  10.877756    -1.8918E+01
  10.929860    -1.8346E+01
  10.981964    -1.7793E+01
  11.034068    -1.7258E+01
  11.086172    -1.6742E+01
  11.138277    -1.6243E+01
  11.190381    -1.5761E+01
  11.242485    -1.5296E+01
  11.294589    -1.4846E+01
  11.346693    -1.4411E+01
  11.398798    -1.3991E+01
  11.450902    -1.3584E+01
  11.503006    -1.3192E+01
  11.555110    -1.2812E+01
  11.607214    -1.2445E+01
  11.659319    -1.2090E+01
  11.711423    -1.1746E+01
  11.763527    -1.1414E+01
  11.815631    -1.1093E+01
  11.867735    -1.0782E+01
  11.919840    -1.0481E+01
  11.971944    -1.0190E+01
  12.024048    -9.9078E+00
  12.076152    -9.6350E+00
  12.128257    -9.3709E+00
  12.180361    -9.1152E+00
  12.232465    -8.8676E+00
  12.284569    -8.6278E+00
  12.336673    -8.3955E+00
  12.388778    -8.1705E+00
  12.440882    -7.9525E+00
  12.492986    -7.7413E+00
  12.545090    -7.5365E+00
  12.597194    -7.3381E+00
  12.649299    -7.1458E+00
  12.701403    -6.9593E+00
  12.753507    -6.7785E+00
  12.805611    -6.6031E+00
  12.857715    -6.4331E+00
  12.909820    -6.2681E+00
  12.961924    -6.1081E+00
  13.014028    -5.9528E+00
  13.066132    -5.8021E+00
  13.118236    -5.6559E+00
  13.170341    -5.5140E+00
  13.222445    -5.3762E+00
  13.274549    -5.2425E+00
  13.326653    -5.1126E+00
  13.378758    -4.9865E+00
  13.430862    -4.8640E+00
  13.482966    -4.7451E+00
  13.535070    -4.6295E+00
  13.587174    -4.5172E+00
  13.639279    -4.4081E+00
  13.691383    -4.3021E+00
  13.743487    -4.1990E+00
  13.795591    -4.0989E+00
  13.847695    -4.0015E+00
  13.899800    -3.9068E+00
  13.951904    -3.8147E+00
  14.004008    -3.7252E+00
  14.056112    -3.6382E+00
  14.108216    -3.5535E+00
  14.160321    -3.4711E+00
  14.212425    -3.3909E+00
  14.264529    -3.3129E+00
  14.316633    -3.2370E+00
  14.368737    -3.1632E+00
  14.420842    -3.0913E+00
  14.472946    -3.0213E+00
  14.525050    -2.9532E+00
  14.577154    -2.8868E+00
  14.629259    -2.8222E+00
  14.681363    -2.7593E+00
  14.733467    -2.6981E+00
  14.785571    -2.6384E+00
  14.837675    -2.5803E+00
  14.889780    -2.5237E+00
  14.941884    -2.4685E+00
  14.993988    -2.4147E+00
  15.046092    -2.3623E+00
  15.098196    -2.3112E+00
  15.150301    -2.2615E+00
  15.202405    -2.2129E+00
  15.254509    -2.1656E+00
  15.306613    -2.1195E+00
  15.358717    -2.0746E+00
  15.410822    -2.0307E+00
  15.462926    -1.9879E+00
  15.515030    -1.9462E+00
  15.567134    -1.9055E+00
  15.619238    -1.8658E+00
  15.671343    -1.8271E+00
  15.723447    -1.7893E+00
  15.775551    -1.7524E+00
  15.827655    -1.7165E+00
  15.879760    -1.6813E+00
  15.931864    -1.6471E+00
  15.983968    -1.6136E+00
  16.036072    -1.5809E+00
  16.088176    -1.5491E+00
  16.140281    -1.5179E+00
  16.192385    -1.4875E+00
  16.244489    -1.4578E+00
  16.296593    -1.4288E+00
  16.348697    -1.4005E+00
  16.400802    -1.3728E+00
  16.452906    -1.3458E+00
  16.505010    -1.3194E+00
  16.557114    -1.2936E+00
  16.609218    -1.2684E+00
  16.661323    -1.2438E+00
  16.713427    -1.2197E+00
  16.765531    -1.1962E+00
  16.817635    -1.1732E+00
  16.869739    -1.1507E+00
  16.921844    -1.1288E+00
  16.973948    -1.1073E+00
  17.026052    -1.0863E+00
  17.078156    -1.0657E+00
  17.130261    -1.0457E+00
  17.182365    -1.0260E+00
  17.234469    -1.0068E+00
  17.286573    -9.8804E-01
  17.338677    -9.6966E-01
  17.390782    -9.5169E-01
  17.442886    -9.3411E-01
  17.494990    -9.1690E-01
  17.547094    -9.0007E-01
  17.599198    -8.8360E-01
  17.651303    -8.6749E-01
  17.703407    -8.5172E-01
  17.755511    -8.3628E-01
  17.807615    -8.2117E-01
  17.859719    -8.0638E-01
  17.911824    -7.9190E-01
  17.963928    -7.7773E-01
  18.016032    -7.6386E-01
  18.068136    -7.5027E-01
  18.120240    -7.3697E-01
  18.172345    -7.2394E-01
  18.224449    -7.1118E-01
  18.276553    -6.9869E-01
  18.328657    -6.8645E-01
  18.380762    -6.7447E-01
  18.432866    -6.6273E-01
  18.484970    -6.5123E-01
  18.537074    -6.3996E-01
  18.589178    -6.2892E-01
  18.641283    -6.1810E-01
  18.693387    -6.0751E-01
  18.745491    -5.9712E-01
  18.797595    -5.8694E-01
  18.849699    -5.7697E-01
  18.901804    -5.6719E-01
  18.953908    -5.5761E-01
  19.006012    -5.4822E-01
  19.058116    -5.3901E-01
  19.110220    -5.2998E-01
  19.162325    -5.2113E-01
  19.214429    -5.1246E-01
  19.266533    -5.0395E-01
  19.318637    -4.9561E-01
  19.370741    -4.8742E-01
  19.422846    -4.7940E-01
  19.474950    -4.7153E-01
  19.527054    -4.6382E-01
  19.579158    -4.5625E-01
  19.631263    -4.4882E-01
  19.683367    -4.4154E-01
  19.735471    -4.3440E-01
  19.787575    -4.2739E-01
  19.839679    -4.2051E-01
  19.891784    -4.1376E-01
  19.943888    -4.0714E-01
  19.995992    -4.0064E-01
  20.048096    -3.9427E-01
  20.100200    -3.8801E-01
  20.152305    -3.8187E-01
  20.204409    -3.7584E-01
  20.256513    -3.6993E-01
  20.308617    -3.6412E-01
  20.360721    -3.5842E-01
  20.412826    -3.5282E-01
  20.464930    -3.4733E-01
  20.517034    -3.4193E-01
  20.569138    -3.3664E-01
  20.621242    -3.3144E-01
  20.673347    -3.2633E-01
  20.725451    -3.2132E-01
  20.777555    -3.1640E-01
  20.829659    -3.1156E-01
  20.881764    -3.0681E-01
  20.933868    -3.0215E-01
  20.985972    -2.9756E-01
  21.038076    -2.9306E-01
  21.090180    -2.8864E-01
  21.142285    -2.8430E-01
  21.194389    -2.8003E-01
  21.246493    -2.7584E-01
  21.298597    -2.7172E-01
  21.350701    -2.6768E-01
  21.402806    -2.6370E-01
  21.454910    -2.5979E-01
  21.507014    -2.5595E-01
  21.559118    -2.5218E-01
  21.611222    -2.4847E-01
  21.663327    -2.4483E-01
  21.715431    -2.4125E-01
  21.767535    -2.3773E-01
  21.819639    -2.3427E-01
  21.871743    -2.3087E-01
  21.923848    -2.2752E-01
  21.975952    -2.2423E-01
  22.028056    -2.2100E-01
  22.080160    -2.1782E-01
  22.132265    -2.1470E-01
  22.184369    -2.1163E-01
  22.236473    -2.0861E-01
  22.288577    -2.0564E-01
  22.340681    -2.0272E-01
  22.392786    -1.9985E-01
  22.444890    -1.9702E-01
  22.496994    -1.9424E-01
  22.549098    -1.9151E-01
  22.601202    -1.8882E-01
  22.653307    -1.8618E-01
  22.705411    -1.8358E-01
  22.757515    -1.8102E-01
  22.809619    -1.7851E-01
  22.861723    -1.7603E-01
  22.913828    -1.7360E-01
  22.965932    -1.7120E-01
  23.018036    -1.6885E-01
  23.070140    -1.6653E-01
  23.122244    -1.6424E-01
  23.174349    -1.6200E-01
  23.226453    -1.5979E-01
  23.278557    -1.5762E-01
  23.330661    -1.5548E-01
  23.382766    -1.5337E-01
  23.434870    -1.5130E-01
  23.486974    -1.4926E-01
  23.539078    -1.4725E-01
  23.591182    -1.4527E-01
  23.643287    -1.4333E-01
  23.695391    -1.4141E-01
  23.747495    -1.3953E-01
  23.799599    -1.3767E-01
  23.851703    -1.3585E-01
  23.903808    -1.3405E-01
  23.955912    -1.3228E-01
  24.008016    -1.3053E-01
  24.060120    -1.2882E-01
  24.112224    -1.2713E-01
  24.164329    -1.2546E-01
  24.216433    -1.2382E-01
  24.268537    -1.2221E-01
  24.320641    -1.2062E-01
  24.372745    -1.1906E-01
  24.424850    -1.1751E-01
  24.476954    -1.1600E-01
  24.529058    -1.1450E-01
  24.581162    -1.1303E-01
  24.633267    -1.1158E-01
  24.685371    -1.1015E-01
  24.737475    -1.0874E-01
  24.789579    -1.0735E-01
  24.841683    -1.0599E-01
  24.893788    -1.0464E-01
  24.945892    -1.0332E-01
  24.997996    -1.0201E-01
  25.050100    -1.0072E-01
  25.102204    -9.9457E-02
  25.154309    -9.8208E-02
  25.206413    -9.6977E-02
  25.258517    -9.5764E-02
  25.310621    -9.4569E-02
  25.362725    -9.3391E-02
  25.414830    -9.2231E-02
  25.466934    -9.1087E-02
  25.519038    -8.9960E-02
  25.571142    -8.8849E-02
  25.623246    -8.7754E-02
  25.675351    -8.6675E-02
  25.727455    -8.5611E-02
  25.779559    -8.4562E-02
  25.831663    -8.3529E-02
  25.883768    -8.2510E-02
  25.935872    -8.1506E-02
  25.987976    -8.0516E-02
  26.040080    -7.9540E-02
  26.092184    -7.8578E-02
  26.144289    -7.7630E-02
  26.196393    -7.6694E-02
  26.248497    -7.5772E-02
  26.300601    -7.4863E-02
  26.352705    -7.3967E-02
  26.404810    -7.3083E-02
  26.456914    -7.2212E-02
  26.509018    -7.1352E-02
  26.561122    -7.0505E-02
  26.613226    -6.9669E-02
  26.665331    -6.8845E-02
  26.717435    -6.8033E-02
  26.769539    -6.7231E-02
  26.821643    -6.6440E-02
  26.873747    -6.5661E-02
  26.925852    -6.4892E-02
  26.977956    -6.4133E-02
  27.030060    -6.3385E-02
  27.082164    -6.2647E-02
  27.134269    -6.1919E-02
  27.186373    -6.1201E-02
  27.238477    -6.0493E-02
  27.290581    -5.9794E-02
  27.342685    -5.9105E-02
  27.394790    -5.8425E-02
  27.446894    -5.7754E-02
  27.498998    -5.7092E-02
  27.551102    -5.6439E-02
  27.603206    -5.5795E-02
  27.655311    -5.5159E-02
  27.707415    -5.4531E-02
  27.759519    -5.3912E-02
  27.811623    -5.3302E-02
  27.863727    -5.2699E-02
  27.915832    -5.2104E-02
  27.967936    -5.1517E-02
  28.020040    -5.0938E-02
  28.072144    -5.0366E-02
  28.124248    -4.9802E-02
  28.176353    -4.9246E-02
  28.228457    -4.8696E-02
  28.280561    -4.8154E-02
  28.332665    -4.7618E-02
  28.384770    -4.7090E-02
  28.436874    -4.6569E-02
  28.488978    -4.6054E-02
  28.541082    -4.5546E-02
  28.593186    -4.5044E-02
  28.645291    -4.4549E-02
  28.697395    -4.4060E-02
  28.749499    -4.3578E-02
  28.801603    -4.3101E-02
  28.853707    -4.2631E-02
  28.905812    -4.2167E-02
  28.957916    -4.1708E-02
  29.010020    -4.1256E-02
  29.062124    -4.0809E-02
  29.114228    -4.0368E-02
  29.166333    -3.9932E-02
  29.218437    -3.9502E-02
  29.270541    -3.9077E-02
  29.322645    -3.8658E-02
  29.374749    -3.8244E-02
  29.426854    -3.7835E-02
  29.478958    -3.7431E-02
  29.531062    -3.7032E-02
  29.583166    -3.6638E-02
  29.635271    -3.6249E-02
  29.687375    -3.5865E-02
  29.739479    -3.5486E-02
  29.791583    -3.5111E-02
  29.843687    -3.4741E-02
  29.895792    -3.4375E-02
  29.947896    -3.4014E-02
  30.000000    -3.3657E-02
  64.56913828
   4.000000     2.4154E+04
   4.052104     2.2340E+04
   4.104208     2.0637E+04
   4.156313     1.9043E+04
   4.208417     1.7553E+04
   4.260521     1.6163E+04
   4.312625     1.4868E+04
   4.364729     1.3663E+04
   4.416834     1.2544E+04
   4.468938     1.1506E+04
   4.521042     1.0544E+04
   4.573146     9.6533E+03
   4.625251     8.8296E+03
   4.677355     8.0687E+03
   4.729459     7.3663E+03
   4.781563     6.7185E+03
   4.833667     6.1216E+03
   4.885772     5.5721E+03
   4.937876     5.0665E+03
   4.989980     4.6018E+03
   5.042084     4.1749E+03
   5.094188     3.7831E+03
   5.146293     3.4238E+03
   5.198397     3.0944E+03
   5.250501     2.7928E+03
   5.302605     2.5168E+03
   5.354709     2.2644E+03
   5.406814     2.0338E+03
   5.458918     1.8232E+03
   5.511022     1.6311E+03
   5.563126     1.4560E+03
   5.615230     1.2966E+03
   5.667335     1.1515E+03
   5.719439     1.0195E+03
   5.771543     8.9972E+02
   5.823647     7.9100E+02
   5.875752     6.9245E+02
   5.927856     6.0322E+02
   5.979960     5.2252E+02
   6.032064     4.4964E+02
   6.084168     3.8388E+02
   6.136273     3.2465E+02
   6.188377     2.7138E+02
   6.240481     2.2354E+02
   6.292585     1.8065E+02
   6.344689     1.4228E+02
   6.396794     1.0801E+02
   6.448898     7.7484E+01
   6.501002     5.0355E+01
   6.553106     2.6313E+01
   6.605210     5.0698E+00
   6.657315    -1.3635E+01
   6.709419    -3.0042E+01
   6.761523    -4.4369E+01
   6.813627    -5.6819E+01
   6.865731    -6.7572E+01
   6.917836    -7.6798E+01
   6.969940    -8.4648E+01
   7.022044    -9.1262E+01
   7.074148    -9.6766E+01
   7.126253    -1.0128E+02
   7.178357    -1.0490E+02
   7.230461    -1.0773E+02
   7.282565    -1.0985E+02
   7.334669    -1.1134E+02
   7.386774    -1.1228E+02
   7.438878    -1.1273E+02
   7.490982    -1.1274E+02
   7.543086    -1.1238E+02
   7.595190    -1.1168E+02
   7.647295    -1.1070E+02
   7.699399    -1.0946E+02
   7.751503    -1.0802E+02
   7.803607    -1.0639E+02
   7.855711    -1.0461E+02
   7.907816    -1.0270E+02
   7.959920    -1.0068E+02
   8.012024    -9.8577E+01
   8.064128    -9.6408E+01
   8.116232    -9.4188E+01
   8.168337    -9.1932E+01
   8.220441    -8.9651E+01
   8.272545    -8.7357E+01
   8.324649    -8.5061E+01
   8.376754    -8.2770E+01
   8.428858    -8.0491E+01
   8.480962    -7.8233E+01
   8.533066    -7.5999E+01
   8.585170    -7.3796E+01
   8.637275    -7.1627E+01
   8.689379    -6.9495E+01
   8.741483    -6.7403E+01
   8.793587    -6.5355E+01
   8.845691    -6.3350E+01
   8.897796    -6.1393E+01
   8.949900    -5.9482E+01
   9.002004    -5.7619E+01
   9.054108    -5.5805E+01
   9.106212    -5.4040E+01
   9.158317    -5.2324E+01
   9.210421    -5.0657E+01
   9.262525    -4.9038E+01
   9.314629    -4.7467E+01
   9.366733    -4.5943E+01
   9.418838    -4.4466E+01
   9.470942    -4.3036E+01
   9.523046    -4.1650E+01
   9.575150    -4.0309E+01
   9.627255    -3.9010E+01
   9.679359    -3.7755E+01
   9.731463    -3.6540E+01
   9.783567    -3.5365E+01
   9.835671    -3.4230E+01
   9.887776    -3.3133E+01
   9.939880    -3.2072E+01
   9.991984    -3.1048E+01
  10.044088    -3.0058E+01
  10.096192    -2.9102E+01
  10.148297    -2.8179E+01
  10.200401    -2.7288E+01
  10.252505    -2.6427E+01
  10.304609    -2.5595E+01
  10.356713    -2.4792E+01
  10.408818    -2.4017E+01
  10.460922    -2.3269E+01
  10.513026    -2.2546E+01
  10.565130    -2.1849E+01
  10.617234    -2.1175E+01
  10.669339    -2.0524E+01
  10.721443    -1.9896E+01
  10.773547    -1.9290E+01
  10.825651    -1.8704E+01
  10.877756    -1.8138E+01
  10.929860    -1.7592E+01
  10.981964    -1.7064E+01
  11.034068    -1.6554E+01
  11.086172    -1.6062E+01
  11.138277    -1.5586E+01
  11.190381    -1.5126E+01
  11.242485    -1.4682E+01
  11.294589    -1.4253E+01
  11.346693    -1.3838E+01
  11.398798    -1.3437E+01
  11.450902    -1.3049E+01
  11.503006    -1.2674E+01
  11.555110    -1.2311E+01
  11.607214    -1.1961E+01
  11.659319    -1.1622E+01
  11.711423    -1.1294E+01
  11.763527    -1.0976E+01
  11.815631    -1.0669E+01
  11.867735    -1.0372E+01
  11.919840    -1.0084E+01
  11.971944    -9.8061E+00
  12.024048    -9.5366E+00
  12.076152    -9.2757E+00
  12.128257    -9.0231E+00
  12.180361    -8.7784E+00
  12.232465    -8.5415E+00
  12.284569    -8.3119E+00
  12.336673    -8.0895E+00
  12.388778    -7.8740E+00
  12.440882    -7.6651E+00
  12.492986    -7.4627E+00
  12.545090    -7.2665E+00
  12.597194    -7.0763E+00
  12.649299    -6.8919E+00
  12.701403    -6.7130E+00
  12.753507    -6.5395E+00
  12.805611    -6.3713E+00
  12.857715    -6.2081E+00
  12.909820    -6.0497E+00
  12.961924    -5.8960E+00
  13.014028    -5.7469E+00
  13.066132    -5.6022E+00
  13.118236    -5.4617E+00
  13.170341    -5.3253E+00
  13.222445    -5.1928E+00
  13.274549    -5.0642E+00
  13.326653    -4.9393E+00
  13.378758    -4.8180E+00
  13.430862    -4.7001E+00
  13.482966    -4.5856E+00
  13.535070    -4.4744E+00
  13.587174    -4.3663E+00
  13.639279    -4.2612E+00
  13.691383    -4.1591E+00
  13.743487    -4.0598E+00
  13.795591    -3.9633E+00
  13.847695    -3.8695E+00
  13.899800    -3.7782E+00
  13.951904    -3.6895E+00
  14.004008    -3.6031E+00
  14.056112    -3.5192E+00
  14.108216    -3.4375E+00
  14.160321    -3.3580E+00
  14.212425    -3.2807E+00
  14.264529    -3.2055E+00
  14.316633    -3.1322E+00
  14.368737    -3.0609E+00
  14.420842    -2.9915E+00
  14.472946    -2.9240E+00
  14.525050    -2.8582E+00
  14.577154    -2.7942E+00
  14.629259    -2.7318E+00
  14.681363    -2.6710E+00
  14.733467    -2.6119E+00
  14.785571    -2.5542E+00
  14.837675    -2.4981E+00
  14.889780    -2.4434E+00
  14.941884    -2.3900E+00
  14.993988    -2.3381E+00
  15.046092    -2.2875E+00
  15.098196    -2.2381E+00
  15.150301    -2.1900E+00
  15.202405    -2.1431E+00
  15.254509    -2.0974E+00
  15.306613    -2.0528E+00
  15.358717    -2.0093E+00
  15.410822    -1.9669E+00
  15.462926    -1.9256E+00
  15.515030    -1.8853E+00
  15.567134    -1.8459E+00
  15.619238    -1.8076E+00
  15.671343    -1.7701E+00
  15.723447    -1.7336E+00
  15.775551    -1.6979E+00
  15.827655    -1.6631E+00
  15.879760    -1.6292E+00
  15.931864    -1.5960E+00
  15.983968    -1.5637E+00
  16.036072    -1.5321E+00
  16.088176    -1.5012E+00
  16.140281    -1.4711E+00
  16.192385    -1.4417E+00
  16.244489    -1.4130E+00
  16.296593    -1.3850E+00
  16.348697    -1.3576E+00
  16.400802    -1.3308E+00
  16.452906    -1.3047E+00
  16.505010    -1.2792E+00
  16.557114    -1.2542E+00
  16.609218    -1.2298E+00
  16.661323    -1.2060E+00
  16.713427    -1.1827E+00
  16.765531    -1.1600E+00
  16.817635    -1.1378E+00
  16.869739    -1.1160E+00
  16.921844    -1.0948E+00
  16.973948    -1.0740E+00
  17.026052    -1.0537E+00
  17.078156    -1.0338E+00
  17.130261    -1.0144E+00
  17.182365    -9.9541E-01
  17.234469    -9.7684E-01
  17.286573    -9.5867E-01
  17.338677    -9.4090E-01
  17.390782    -9.2351E-01
  17.442886    -9.0650E-01
  17.494990    -8.8987E-01
  17.547094    -8.7358E-01
  17.599198    -8.5765E-01
  17.651303    -8.4206E-01
  17.703407    -8.2681E-01
  17.755511    -8.1187E-01
  17.807615    -7.9726E-01
  17.859719    -7.8295E-01
  17.911824    -7.6894E-01
  17.963928    -7.5523E-01
  18.016032    -7.4181E-01
  18.068136    -7.2866E-01
  18.120240    -7.1579E-01
  18.172345    -7.0319E-01
  18.224449    -6.9085E-01
  18.276553    -6.7876E-01
  18.328657    -6.6692E-01
  18.380762    -6.5532E-01
  18.432866    -6.4396E-01
  18.484970    -6.3283E-01
  18.537074    -6.2192E-01
  18.589178    -6.1124E-01
  18.641283    -6.0077E-01
  18.693387    -5.9051E-01
  18.745491    -5.8045E-01
  18.797595    -5.7060E-01
  18.849699    -5.6095E-01
  18.901804    -5.5148E-01
  18.953908    -5.4220E-01
  19.006012    -5.3311E-01
  19.058116    -5.2419E-01
  19.110220    -5.1545E-01
  19.162325    -5.0688E-01
  19.214429    -4.9848E-01
  19.266533    -4.9024E-01
  19.318637    -4.8216E-01
  19.370741    -4.7424E-01
  19.422846    -4.6646E-01
  19.474950    -4.5884E-01
  19.527054    -4.5137E-01
  19.579158    -4.4403E-01
  19.631263    -4.3684E-01
  19.683367    -4.2978E-01
  19.735471    -4.2286E-01
  19.787575    -4.1606E-01
  19.839679    -4.0940E-01
  19.891784    -4.0286E-01
  19.943888    -3.9644E-01
  19.995992    -3.9014E-01
  20.048096    -3.8396E-01
  20.100200    -3.7789E-01
  20.152305    -3.7194E-01
  20.204409    -3.6609E-01
  20.256513    -3.6035E-01
  20.308617    -3.5472E-01
  20.360721    -3.4919E-01
  20.412826    -3.4376E-01
  20.464930    -3.3843E-01
  20.517034    -3.3320E-01
  20.569138    -3.2806E-01
  20.621242    -3.2302E-01
  20.673347    -3.1806E-01
  20.725451    -3.1319E-01
  20.777555    -3.0842E-01
  20.829659    -3.0372E-01
  20.881764    -2.9911E-01
  20.933868    -2.9458E-01
  20.985972    -2.9013E-01
  21.038076    -2.8576E-01
  21.090180    -2.8147E-01
  21.142285    -2.7725E-01
  21.194389    -2.7311E-01
  21.246493    -2.6904E-01
  21.298597    -2.6503E-01
  21.350701    -2.6110E-01
  21.402806    -2.5724E-01
  21.454910    -2.5344E-01
  21.507014    -2.4971E-01
  21.559118    -2.4604E-01
  21.611222    -2.4244E-01
  21.663327    -2.3890E-01
  21.715431    -2.3542E-01
  21.767535    -2.3199E-01
  21.819639    -2.2863E-01
  21.871743    -2.2532E-01
  21.923848    -2.2207E-01
  21.975952    -2.1887E-01
  22.028056    -2.1573E-01
  22.080160    -2.1263E-01
  22.132265    -2.0960E-01
  22.184369    -2.0661E-01
  22.236473    -2.0367E-01
  22.288577    -2.0078E-01
  22.340681    -1.9793E-01
  22.392786    -1.9514E-01
  22.444890    -1.9239E-01
  22.496994    -1.8969E-01
  22.549098    -1.8703E-01
  22.601202    -1.8441E-01
  22.653307    -1.8183E-01
  22.705411    -1.7930E-01
  22.757515    -1.7681E-01
  22.809619    -1.7436E-01
  22.861723    -1.7195E-01
  22.913828    -1.6958E-01
  22.965932    -1.6724E-01
  23.018036    -1.6495E-01
  23.070140    -1.6269E-01
  23.122244    -1.6046E-01
  23.174349    -1.5828E-01
  23.226453    -1.5612E-01
  23.278557    -1.5400E-01
  23.330661    -1.5192E-01
  23.382766    -1.4986E-01
  23.434870    -1.4784E-01
  23.486974    -1.4585E-01
  23.539078    -1.4390E-01
  23.591182    -1.4197E-01
  23.643287    -1.4007E-01
  23.695391    -1.3820E-01
  23.747495    -1.3637E-01
  23.799599    -1.3455E-01
  23.851703    -1.3277E-01
  23.903808    -1.3102E-01
  23.955912    -1.2929E-01
  24.008016    -1.2759E-01
  24.060120    -1.2591E-01
  24.112224    -1.2426E-01
  24.164329    -1.2264E-01
  24.216433    -1.2104E-01
  24.268537    -1.1947E-01
  24.320641    -1.1791E-01
  24.372745    -1.1639E-01
  24.424850    -1.1488E-01
  24.476954    -1.1340E-01
  24.529058    -1.1194E-01
  24.581162    -1.1050E-01
  24.633267    -1.0908E-01
  24.685371    -1.0769E-01
  24.737475    -1.0631E-01
  24.789579    -1.0496E-01
  24.841683    -1.0362E-01
  24.893788    -1.0231E-01
  24.945892    -1.0102E-01
  24.997996    -9.9739E-02
  25.050100    -9.8482E-02
  25.102204    -9.7243E-02
  25.154309    -9.6022E-02
  25.206413    -9.4820E-02
  25.258517    -9.3634E-02
  25.310621    -9.2466E-02
  25.362725    -9.1315E-02
  25.414830    -9.0181E-02
  25.466934    -8.9063E-02
  25.519038    -8.7961E-02
  25.571142    -8.6875E-02
  25.623246    -8.5804E-02
  25.675351    -8.4749E-02
  25.727455    -8.3709E-02
  25.779559    -8.2684E-02
  25.831663    -8.1673E-02
  25.883768    -8.0677E-02
  25.935872    -7.9695E-02
  25.987976    -7.8727E-02
  26.040080    -7.7773E-02
  26.092184    -7.6832E-02
  26.144289    -7.5904E-02
  26.196393    -7.4989E-02
  26.248497    -7.4087E-02
  26.300601    -7.3198E-02
  26.352705    -7.2321E-02
  26.404810    -7.1457E-02
  26.456914    -7.0604E-02
  26.509018    -6.9763E-02
  26.561122    -6.8934E-02
  26.613226    -6.8117E-02
  26.665331    -6.7310E-02
  26.717435    -6.6515E-02
  26.769539    -6.5731E-02
  26.821643    -6.4957E-02
  26.873747    -6.4194E-02
  26.925852    -6.3442E-02
  26.977956    -6.2699E-02
  27.030060    -6.1967E-02
  27.082164    -6.1245E-02
  27.134269    -6.0532E-02
  27.186373    -5.9830E-02
  27.238477    -5.9136E-02
  27.290581    -5.8452E-02
  27.342685    -5.7778E-02
  27.394790    -5.7112E-02
  27.446894    -5.6455E-02
  27.498998    -5.5807E-02
  27.551102    -5.5168E-02
  27.603206    -5.4537E-02
  27.655311    -5.3915E-02
  27.707415    -5.3301E-02
  27.759519    -5.2695E-02
  27.811623    -5.2097E-02
  27.863727    -5.1506E-02
  27.915832    -5.0924E-02
  27.967936    -5.0349E-02
  28.020040    -4.9782E-02
  28.072144    -4.9223E-02
  28.124248    -4.8670E-02
  28.176353    -4.8125E-02
  28.228457    -4.7587E-02
  28.280561    -4.7056E-02
  28.332665    -4.6532E-02
  28.384770    -4.6015E-02
  28.436874    -4.5504E-02
  28.488978    -4.5000E-02
  28.541082    -4.4502E-02
  28.593186    -4.4011E-02
  28.645291    -4.3526E-02
  28.697395    -4.3047E-02
  28.749499    -4.2575E-02
  28.801603    -4.2108E-02
  28.853707    -4.1648E-02
  28.905812    -4.1193E-02
  28.957916    -4.0744E-02
  29.010020    -4.0301E-02
  29.062124    -3.9863E-02
  29.114228    -3.9431E-02
  29.166333    -3.9005E-02
  29.218437    -3.8583E-02
  29.270541    -3.8167E-02
  29.322645    -3.7757E-02
  29.374749    -3.7351E-02
  29.426854    -3.6951E-02
  29.478958    -3.6555E-02
  29.531062    -3.6164E-02
  29.583166    -3.5779E-02
  29.635271    -3.5398E-02
  29.687375    -3.5021E-02
  29.739479    -3.4650E-02
  29.791583    -3.4283E-02
  29.843687    -3.3920E-02
  29.895792    -3.3562E-02
  29.947896    -3.3209E-02
  30.000000    -3.2859E-02
  68.17635271
   4.000000     2.2518E+04
   4.052104     2.0768E+04
   4.104208     1.9135E+04
   4.156313     1.7613E+04
   4.208417     1.6196E+04
   4.260521     1.4879E+04
   4.312625     1.3657E+04
   4.364729     1.2523E+04
   4.416834     1.1473E+04
   4.468938     1.0501E+04
   4.521042     9.6030E+03
   4.573146     8.7735E+03
   4.625251     8.0081E+03
   4.677355     7.3025E+03
   4.729459     6.6525E+03
   4.781563     6.0543E+03
   4.833667     5.5042E+03
   4.885772     4.9987E+03
   4.937876     4.5345E+03
   4.989980     4.1086E+03
   5.042084     3.7181E+03
   5.094188     3.3604E+03
   5.146293     3.0328E+03
   5.198397     2.7332E+03
   5.250501     2.4594E+03
   5.302605     2.2092E+03
   5.354709     1.9809E+03
   5.406814     1.7727E+03
   5.458918     1.5830E+03
   5.511022     1.4103E+03
   5.563126     1.2532E+03
   5.615230     1.1104E+03
   5.667335     9.8079E+02
   5.719439     8.6320E+02
   5.771543     7.5665E+02
   5.823647     6.6020E+02
   5.875752     5.7300E+02
   5.927856     4.9425E+02
   5.979960     4.2323E+02
   6.032064     3.5927E+02
   6.084168     3.0175E+02
   6.136273     2.5010E+02
   6.188377     2.0380E+02
   6.240481     1.6237E+02
   6.292585     1.2537E+02
   6.344689     9.2410E+01
   6.396794     6.3109E+01
   6.448898     3.7132E+01
   6.501002     1.4170E+01
   6.553106    -6.0616E+00
   6.605210    -2.3821E+01
   6.657315    -3.9345E+01
   6.709419    -5.2851E+01
   6.761523    -6.4535E+01
   6.813627    -7.4579E+01
   6.865731    -8.3146E+01
   6.917836    -9.0386E+01
   6.969940    -9.6436E+01
   7.022044    -1.0142E+02
   7.074148    -1.0545E+02
   7.126253    -1.0863E+02
   7.178357    -1.1106E+02
   7.230461    -1.1281E+02
   7.282565    -1.1396E+02
   7.334669    -1.1459E+02
   7.386774    -1.1475E+02
   7.438878    -1.1451E+02
   7.490982    -1.1391E+02
   7.543086    -1.1300E+02
   7.595190    -1.1182E+02
   7.647295    -1.1042E+02
   7.699399    -1.0881E+02
   7.751503    -1.0704E+02
   7.803607    -1.0513E+02
   7.855711    -1.0311E+02
   7.907816    -1.0099E+02
   7.959920    -9.8796E+01
   8.012024    -9.6547E+01
   8.064128    -9.4256E+01
   8.116232    -9.1936E+01
   8.168337    -8.9601E+01
   8.220441    -8.7259E+01
   8.272545    -8.4920E+01
   8.324649    -8.2593E+01
   8.376754    -8.0284E+01
   8.428858    -7.7999E+01
   8.480962    -7.5744E+01
   8.533066    -7.3522E+01
   8.585170    -7.1337E+01
   8.637275    -6.9193E+01
   8.689379    -6.7092E+01
   8.741483    -6.5036E+01
   8.793587    -6.3027E+01
   8.845691    -6.1066E+01
   8.897796    -5.9154E+01
   8.949900    -5.7291E+01
   9.002004    -5.5478E+01
   9.054108    -5.3714E+01
   9.106212    -5.2001E+01
   9.158317    -5.0337E+01
   9.210421    -4.8722E+01
   9.262525    -4.7156E+01
   9.314629    -4.5638E+01
   9.366733    -4.4166E+01
   9.418838    -4.2741E+01
   9.470942    -4.1362E+01
   9.523046    -4.0027E+01
   9.575150    -3.8735E+01
   9.627255    -3.7485E+01
   9.679359    -3.6277E+01
   9.731463    -3.5109E+01
   9.783567    -3.3980E+01
   9.835671    -3.2889E+01
   9.887776    -3.1835E+01
   9.939880    -3.0816E+01
   9.991984    -2.9833E+01
  10.044088    -2.8883E+01
  10.096192    -2.7965E+01
  10.148297    -2.7079E+01
  10.200401    -2.6224E+01
  10.252505    -2.5398E+01
  10.304609    -2.4600E+01
  10.356713    -2.3830E+01
  10.408818    -2.3087E+01
  10.460922    -2.2369E+01
  10.513026    -2.1676E+01
  10.565130    -2.1007E+01
  10.617234    -2.0361E+01
  10.669339    -1.9737E+01
  10.721443    -1.9134E+01
  10.773547    -1.8553E+01
  10.825651    -1.7991E+01
  10.877756    -1.7448E+01
  10.929860    -1.6924E+01
  10.981964    -1.6418E+01
  11.034068    -1.5929E+01
  11.086172    -1.5456E+01
  11.138277    -1.5000E+01
  11.190381    -1.4559E+01
  11.242485    -1.4132E+01
  11.294589    -1.3720E+01
  11.346693    -1.3322E+01
  11.398798    -1.2937E+01
  11.450902    -1.2565E+01
  11.503006    -1.2205E+01
  11.555110    -1.1857E+01
  11.607214    -1.1520E+01
  11.659319    -1.1195E+01
  11.711423    -1.0880E+01
  11.763527    -1.0575E+01
  11.815631    -1.0280E+01
  11.867735    -9.9949E+00
  11.919840    -9.7187E+00
  11.971944    -9.4513E+00
  12.024048    -9.1924E+00
  12.076152    -8.9418E+00
  12.128257    -8.6991E+00
  12.180361    -8.4640E+00
  12.232465    -8.2363E+00
  12.284569    -8.0157E+00
  12.336673    -7.8020E+00
  12.388778    -7.5949E+00
  12.440882    -7.3942E+00
  12.492986    -7.1996E+00
  12.545090    -7.0110E+00
  12.597194    -6.8282E+00
  12.649299    -6.6509E+00
  12.701403    -6.4789E+00
  12.753507    -6.3121E+00
  12.805611    -6.1504E+00
  12.857715    -5.9934E+00
  12.909820    -5.8411E+00
  12.961924    -5.6934E+00
  13.014028    -5.5499E+00
  13.066132    -5.4107E+00
  13.118236    -5.2756E+00
  13.170341    -5.1444E+00
  13.222445    -5.0170E+00
  13.274549    -4.8932E+00
  13.326653    -4.7731E+00
  13.378758    -4.6563E+00
  13.430862    -4.5429E+00
  13.482966    -4.4327E+00
  13.535070    -4.3257E+00
  13.587174    -4.2216E+00
  13.639279    -4.1205E+00
  13.691383    -4.0222E+00
  13.743487    -3.9266E+00
  13.795591    -3.8337E+00
  13.847695    -3.7434E+00
  13.899800    -3.6555E+00
  13.951904    -3.5700E+00
  14.004008    -3.4869E+00
  14.056112    -3.4060E+00
  14.108216    -3.3274E+00
  14.160321    -3.2508E+00
  14.212425    -3.1763E+00
  14.264529    -3.1038E+00
  14.316633    -3.0332E+00
  14.368737    -2.9645E+00
  14.420842    -2.8976E+00
  14.472946    -2.8325E+00
  14.525050    -2.7691E+00
  14.577154    -2.7074E+00
  14.629259    -2.6472E+00
  14.681363    -2.5886E+00
  14.733467    -2.5316E+00
  14.785571    -2.4760E+00
  14.837675    -2.4218E+00
  14.889780    -2.3690E+00
  14.941884    -2.3176E+00
  14.993988    -2.2674E+00
  15.046092    -2.2186E+00
  15.098196    -2.1710E+00
  15.150301    -2.1245E+00
  15.202405    -2.0792E+00
  15.254509    -2.0351E+00
  15.306613    -1.9920E+00
  15.358717    -1.9501E+00
  15.410822    -1.9091E+00
  15.462926    -1.8692E+00
  15.515030    -1.8302E+00
  15.567134    -1.7922E+00
  15.619238    -1.7551E+00
  15.671343    -1.7189E+00
  15.723447    -1.6836E+00
  15.775551    -1.6491E+00
  15.827655    -1.6155E+00
  15.879760    -1.5826E+00
  15.931864    -1.5506E+00
  15.983968    -1.5193E+00
  16.036072    -1.4887E+00
  16.088176    -1.4589E+00
  16.140281    -1.4297E+00
  16.192385    -1.4013E+00
  16.244489    -1.3735E+00
  16.296593    -1.3463E+00
  16.348697    -1.3198E+00
  16.400802    -1.2939E+00
  16.452906    -1.2686E+00
  16.505010    -1.2439E+00
  16.557114    -1.2197E+00
  16.609218    -1.1961E+00
  16.661323    -1.1730E+00
  16.713427    -1.1504E+00
  16.765531    -1.1284E+00
  16.817635    -1.1068E+00
  16.869739    -1.0858E+00
  16.921844    -1.0652E+00
  16.973948    -1.0450E+00
  17.026052    -1.0253E+00
  17.078156    -1.0060E+00
  17.130261    -9.8721E-01
  17.182365    -9.6878E-01
  17.234469    -9.5076E-01
  17.286573    -9.3313E-01
  17.338677    -9.1588E-01
  17.390782    -8.9901E-01
  17.442886    -8.8250E-01
  17.494990    -8.6635E-01
  17.547094    -8.5054E-01
  17.599198    -8.3507E-01
  17.651303    -8.1993E-01
  17.703407    -8.0511E-01
  17.755511    -7.9061E-01
  17.807615    -7.7641E-01
  17.859719    -7.6251E-01
  17.911824    -7.4890E-01
  17.963928    -7.3558E-01
  18.016032    -7.2253E-01
  18.068136    -7.0976E-01
  18.120240    -6.9725E-01
  18.172345    -6.8500E-01
  18.224449    -6.7300E-01
  18.276553    -6.6125E-01
  18.328657    -6.4973E-01
  18.380762    -6.3846E-01
  18.432866    -6.2741E-01
  18.484970    -6.1658E-01
  18.537074    -6.0598E-01
  18.589178    -5.9559E-01
  18.641283    -5.8540E-01
  18.693387    -5.7542E-01
  18.745491    -5.6564E-01
  18.797595    -5.5606E-01
  18.849699    -5.4666E-01
  18.901804    -5.3745E-01
  18.953908    -5.2842E-01
  19.006012    -5.1957E-01
  19.058116    -5.1090E-01
  19.110220    -5.0239E-01
  19.162325    -4.9405E-01
  19.214429    -4.8587E-01
  19.266533    -4.7785E-01
  19.318637    -4.6998E-01
  19.370741    -4.6227E-01
  19.422846    -4.5471E-01
  19.474950    -4.4728E-01
  19.527054    -4.4001E-01
  19.579158    -4.3286E-01
  19.631263    -4.2586E-01
  19.683367    -4.1899E-01
  19.735471    -4.1225E-01
  19.787575    -4.0563E-01
  19.839679    -3.9914E-01
  19.891784    -3.9277E-01
  19.943888    -3.8652E-01
  19.995992    -3.8038E-01
  20.048096    -3.7436E-01
  20.100200    -3.6845E-01
  20.152305    -3.6265E-01
  20.204409    -3.5696E-01
  20.256513    -3.5137E-01
  20.308617    -3.4588E-01
  20.360721    -3.4050E-01
  20.412826    -3.3521E-01
  20.464930    -3.3002E-01
  20.517034    -3.2492E-01
  20.569138    -3.1991E-01
  20.621242    -3.1500E-01
  20.673347    -3.1017E-01
  20.725451    -3.0543E-01
  20.777555    -3.0077E-01
  20.829659    -2.9620E-01
  20.881764    -2.9171E-01
  20.933868    -2.8730E-01
  20.985972    -2.8296E-01
  21.038076    -2.7870E-01
  21.090180    -2.7452E-01
  21.142285    -2.7041E-01
  21.194389    -2.6637E-01
  21.246493    -2.6240E-01
  21.298597    -2.5851E-01
  21.350701    -2.5467E-01
  21.402806    -2.5091E-01
  21.454910    -2.4721E-01
  21.507014    -2.4357E-01
  21.559118    -2.4000E-01
  21.611222    -2.3649E-01
  21.663327    -2.3304E-01
  21.715431    -2.2964E-01
  21.767535    -2.2631E-01
  21.819639    -2.2303E-01
  21.871743    -2.1981E-01
  21.923848    -2.1664E-01
  21.975952    -2.1352E-01
  22.028056    -2.1046E-01
  22.080160    -2.0745E-01
  22.132265    -2.0448E-01
  22.184369    -2.0157E-01
  22.236473    -1.9871E-01
  22.288577    -1.9589E-01
  22.340681    -1.9312E-01
  22.392786    -1.9040E-01
  22.444890    -1.8772E-01
  22.496994    -1.8508E-01
  22.549098    -1.8249E-01
  22.601202    -1.7994E-01
  22.653307    -1.7743E-01
  22.705411    -1.7497E-01
  22.757515    -1.7254E-01
  22.809619    -1.7015E-01
  22.861723    -1.6780E-01
  22.913828    -1.6549E-01
  22.965932    -1.6322E-01
  23.018036    -1.6098E-01
  23.070140    -1.5878E-01
  23.122244    -1.5661E-01
  23.174349    -1.5448E-01
  23.226453    -1.5238E-01
  23.278557    -1.5031E-01
  23.330661    -1.4828E-01
  23.382766    -1.4628E-01
  23.434870    -1.4431E-01
  23.486974    -1.4237E-01
  23.539078    -1.4046E-01
  23.591182    -1.3859E-01
  23.643287    -1.3674E-01
  23.695391    -1.3492E-01
  23.747495    -1.3313E-01
  23.799599    -1.3136E-01
  23.851703    -1.2962E-01
  23.903808    -1.2791E-01
  23.955912    -1.2623E-01
  24.008016    -1.2457E-01
  24.060120    -1.2294E-01
  24.112224    -1.2133E-01
  24.164329    -1.1975E-01
  24.216433    -1.1819E-01
  24.268537    -1.1666E-01
  24.320641    -1.1515E-01
  24.372745    -1.1366E-01
  24.424850    -1.1219E-01
  24.476954    -1.1075E-01
  24.529058    -1.0932E-01
  24.581162    -1.0792E-01
  24.633267    -1.0654E-01
  24.685371    -1.0518E-01
  24.737475    -1.0384E-01
  24.789579    -1.0252E-01
  24.841683    -1.0122E-01
  24.893788    -9.9940E-02
  24.945892    -9.8678E-02
  24.997996    -9.7434E-02
  25.050100    -9.6209E-02
  25.102204    -9.5002E-02
  25.154309    -9.3812E-02
  25.206413    -9.2640E-02
  25.258517    -9.1484E-02
  25.310621    -9.0346E-02
  25.362725    -8.9224E-02
  25.414830    -8.8119E-02
  25.466934    -8.7029E-02
  25.519038    -8.5955E-02
  25.571142    -8.4897E-02
  25.623246    -8.3853E-02
  25.675351    -8.2825E-02
  25.727455    -8.1811E-02
  25.779559    -8.0812E-02
  25.831663    -7.9827E-02
  25.883768    -7.8856E-02
  25.935872    -7.7899E-02
  25.987976    -7.6956E-02
  26.040080    -7.6025E-02
  26.092184    -7.5108E-02
  26.144289    -7.4204E-02
  26.196393    -7.3312E-02
  26.248497    -7.2433E-02
  26.300601    -7.1566E-02
  26.352705    -7.0712E-02
  26.404810    -6.9869E-02
  26.456914    -6.9038E-02
  26.509018    -6.8218E-02
  26.561122    -6.7410E-02
  26.613226    -6.6613E-02
  26.665331    -6.5827E-02
  26.717435    -6.5051E-02
  26.769539    -6.4287E-02
  26.821643    -6.3533E-02
  26.873747    -6.2789E-02
  26.925852    -6.2055E-02
  26.977956    -6.1331E-02
  27.030060    -6.0618E-02
  27.082164    -5.9913E-02
  27.134269    -5.9219E-02
  27.186373    -5.8534E-02
  27.238477    -5.7858E-02
  27.290581    -5.7191E-02
  27.342685    -5.6533E-02
  27.394790    -5.5884E-02
  27.446894    -5.5243E-02
  27.498998    -5.4611E-02
  27.551102    -5.3988E-02
  27.603206    -5.3373E-02
  27.655311    -5.2766E-02
  27.707415    -5.2167E-02
  27.759519    -5.1576E-02
  27.811623    -5.0993E-02
  27.863727    -5.0417E-02
  27.915832    -4.9849E-02
  27.967936    -4.9289E-02
  28.020040    -4.8736E-02
  28.072144    -4.8190E-02
  28.124248    -4.7651E-02
  28.176353    -4.7119E-02
  28.228457    -4.6594E-02
  28.280561    -4.6076E-02
  28.332665    -4.5565E-02
  28.384770    -4.5060E-02
  28.436874    -4.4562E-02
  28.488978    -4.4070E-02
  28.541082    -4.3585E-02
  28.593186    -4.3106E-02
  28.645291    -4.2633E-02
  28.697395    -4.2166E-02
  28.749499    -4.1705E-02
  28.801603    -4.1250E-02
  28.853707    -4.0800E-02
  28.905812    -4.0356E-02
  28.957916    -3.9918E-02
  29.010020    -3.9486E-02
  29.062124    -3.9059E-02
  29.114228    -3.8637E-02
  29.166333    -3.8221E-02
  29.218437    -3.7810E-02
  29.270541    -3.7404E-02
  29.322645    -3.7003E-02
  29.374749    -3.6607E-02
  29.426854    -3.6216E-02
  29.478958    -3.5830E-02
  29.531062    -3.5449E-02
  29.583166    -3.5072E-02
  29.635271    -3.4700E-02
  29.687375    -3.4333E-02
  29.739479    -3.3970E-02
  29.791583    -3.3612E-02
  29.843687    -3.3258E-02
  29.895792    -3.2909E-02
  29.947896    -3.2563E-02
  30.000000    -3.2222E-02
  71.78356713
   4.000000     2.1170E+04
   4.052104     1.9468E+04
   4.104208     1.7890E+04
   4.156313     1.6429E+04
   4.208417     1.5075E+04
   4.260521     1.3822E+04
   4.312625     1.2664E+04
   4.364729     1.1593E+04
   4.416834     1.0603E+04
   4.468938     9.6901E+03
   4.521042     8.8476E+03
   4.573146     8.0710E+03
   4.625251     7.3556E+03
   4.677355     6.6970E+03
   4.729459     6.0912E+03
   4.781563     5.5343E+03
   4.833667     5.0228E+03
   4.885772     4.5532E+03
   4.937876     4.1226E+03
   4.989980     3.7279E+03
   5.042084     3.3664E+03
   5.094188     3.0356E+03
   5.146293     2.7332E+03
   5.198397     2.4568E+03
   5.250501     2.2045E+03
   5.302605     1.9744E+03
   5.354709     1.7646E+03
   5.406814     1.5736E+03
   5.458918     1.3999E+03
   5.511022     1.2419E+03
   5.563126     1.0985E+03
   5.615230     9.6843E+02
   5.667335     8.5053E+02
   5.719439     7.4382E+02
   5.771543     6.4733E+02
   5.823647     5.6020E+02
   5.875752     4.8162E+02
   5.927856     4.1084E+02
   5.979960     3.4718E+02
   6.032064     2.9001E+02
   6.084168     2.3877E+02
   6.136273     1.9291E+02
   6.188377     1.5195E+02
   6.240481     1.1544E+02
   6.292585     8.2974E+01
   6.344689     5.4179E+01
   6.396794     2.8709E+01
   6.448898     6.2520E+00
   6.501002    -1.3481E+01
   6.553106    -3.0752E+01
   6.605210    -4.5800E+01
   6.657315    -5.8844E+01
   6.709419    -7.0083E+01
   6.761523    -7.9699E+01
   6.813627    -8.7858E+01
   6.865731    -9.4710E+01
   6.917836    -1.0039E+02
   6.969940    -1.0503E+02
   7.022044    -1.0873E+02
   7.074148    -1.1160E+02
   7.126253    -1.1374E+02
   7.178357    -1.1522E+02
   7.230461    -1.1612E+02
   7.282565    -1.1652E+02
   7.334669    -1.1647E+02
   7.386774    -1.1602E+02
   7.438878    -1.1524E+02
   7.490982    -1.1417E+02
   7.543086    -1.1284E+02
   7.595190    -1.1129E+02
   7.647295    -1.0956E+02
   7.699399    -1.0768E+02
   7.751503    -1.0566E+02
   7.803607    -1.0355E+02
   7.855711    -1.0134E+02
   7.907816    -9.9076E+01
   7.959920    -9.6760E+01
   8.012024    -9.4410E+01
   8.064128    -9.2039E+01
   8.116232    -8.9657E+01
   8.168337    -8.7275E+01
   8.220441    -8.4902E+01
   8.272545    -8.2545E+01
   8.324649    -8.0210E+01
   8.376754    -7.7903E+01
   8.428858    -7.5629E+01
   8.480962    -7.3392E+01
   8.533066    -7.1194E+01
   8.585170    -6.9040E+01
   8.637275    -6.6931E+01
   8.689379    -6.4869E+01
   8.741483    -6.2855E+01
   8.793587    -6.0891E+01
   8.845691    -5.8977E+01
   8.897796    -5.7113E+01
   8.949900    -5.5301E+01
   9.002004    -5.3538E+01
   9.054108    -5.1827E+01
   9.106212    -5.0165E+01
   9.158317    -4.8553E+01
   9.210421    -4.6989E+01
   9.262525    -4.5474E+01
   9.314629    -4.4006E+01
   9.366733    -4.2585E+01
   9.418838    -4.1209E+01
   9.470942    -3.9877E+01
   9.523046    -3.8589E+01
   9.575150    -3.7343E+01
   9.627255    -3.6139E+01
   9.679359    -3.4974E+01
   9.731463    -3.3849E+01
   9.783567    -3.2761E+01
   9.835671    -3.1710E+01
   9.887776    -3.0695E+01
   9.939880    -2.9714E+01
   9.991984    -2.8767E+01
  10.044088    -2.7852E+01
  10.096192    -2.6969E+01
  10.148297    -2.6116E+01
  10.200401    -2.5292E+01
  10.252505    -2.4497E+01
  10.304609    -2.3729E+01
  10.356713    -2.2987E+01
  10.408818    -2.2271E+01
  10.460922    -2.1580E+01
  10.513026    -2.0913E+01
  10.565130    -2.0268E+01
  10.617234    -1.9646E+01
  10.669339    -1.9045E+01
  10.721443    -1.8465E+01
  10.773547    -1.7904E+01
  10.825651    -1.7363E+01
  10.877756    -1.6840E+01
  10.929860    -1.6335E+01
  10.981964    -1.5847E+01
  11.034068    -1.5376E+01
  11.086172    -1.4920E+01
  11.138277    -1.4480E+01
  11.190381    -1.4055E+01
  11.242485    -1.3644E+01
  11.294589    -1.3247E+01
  11.346693    -1.2863E+01
  11.398798    -1.2492E+01
  11.450902    -1.2133E+01
  11.503006    -1.1786E+01
  11.555110    -1.1450E+01
  11.607214    -1.1126E+01
  11.659319    -1.0812E+01
  11.711423    -1.0508E+01
  11.763527    -1.0214E+01
  11.815631    -9.9296E+00
  11.867735    -9.6544E+00
  11.919840    -9.3880E+00
  11.971944    -9.1302E+00
  12.024048    -8.8805E+00
  12.076152    -8.6388E+00
  12.128257    -8.4048E+00
  12.180361    -8.1781E+00
  12.232465    -7.9585E+00
  12.284569    -7.7458E+00
  12.336673    -7.5397E+00
  12.388778    -7.3400E+00
  12.440882    -7.1465E+00
  12.492986    -6.9589E+00
  12.545090    -6.7771E+00
  12.597194    -6.6008E+00
  12.649299    -6.4299E+00
  12.701403    -6.2641E+00
  12.753507    -6.1033E+00
  12.805611    -5.9474E+00
  12.857715    -5.7961E+00
  12.909820    -5.6493E+00
  12.961924    -5.5069E+00
  13.014028    -5.3686E+00
  13.066132    -5.2344E+00
  13.118236    -5.1042E+00
  13.170341    -4.9777E+00
  13.222445    -4.8549E+00
  13.274549    -4.7357E+00
  13.326653    -4.6199E+00
  13.378758    -4.5074E+00
  13.430862    -4.3981E+00
  13.482966    -4.2919E+00
  13.535070    -4.1887E+00
  13.587174    -4.0884E+00
  13.639279    -3.9910E+00
  13.691383    -3.8962E+00
  13.743487    -3.8041E+00
  13.795591    -3.7146E+00
  13.847695    -3.6275E+00
  13.899800    -3.5428E+00
  13.951904    -3.4604E+00
  14.004008    -3.3803E+00
  14.056112    -3.3023E+00
  14.108216    -3.2264E+00
  14.160321    -3.1526E+00
  14.212425    -3.0808E+00
  14.264529    -3.0109E+00
  14.316633    -2.9428E+00
  14.368737    -2.8765E+00
  14.420842    -2.8120E+00
  14.472946    -2.7492E+00
  14.525050    -2.6880E+00
  14.577154    -2.6285E+00
  14.629259    -2.5704E+00
  14.681363    -2.5139E+00
  14.733467    -2.4588E+00
  14.785571    -2.4051E+00
  14.837675    -2.3528E+00
  14.889780    -2.3019E+00
  14.941884    -2.2522E+00
  14.993988    -2.2038E+00
  15.046092    -2.1566E+00
  15.098196    -2.1105E+00
  15.150301    -2.0657E+00
  15.202405    -2.0219E+00
  15.254509    -1.9792E+00
  15.306613    -1.9376E+00
  15.358717    -1.8970E+00
  15.410822    -1.8574E+00
  15.462926    -1.8188E+00
  15.515030    -1.7811E+00
  15.567134    -1.7443E+00
  15.619238    -1.7084E+00
  15.671343    -1.6734E+00
  15.723447    -1.6392E+00
  15.775551    -1.6058E+00
  15.827655    -1.5732E+00
  15.879760    -1.5414E+00
  15.931864    -1.5104E+00
  15.983968    -1.4801E+00
  16.036072    -1.4504E+00
  16.088176    -1.4215E+00
  16.140281    -1.3933E+00
  16.192385    -1.3657E+00
  16.244489    -1.3387E+00
  16.296593    -1.3124E+00
  16.348697    -1.2866E+00
  16.400802    -1.2615E+00
  16.452906    -1.2369E+00
  16.505010    -1.2129E+00
  16.557114    -1.1895E+00
  16.609218    -1.1665E+00
  16.661323    -1.1441E+00
  16.713427    -1.1222E+00
  16.765531    -1.1008E+00
  16.817635    -1.0798E+00
  16.869739    -1.0593E+00
  16.921844    -1.0393E+00
  16.973948    -1.0197E+00
  17.026052    -1.0006E+00
  17.078156    -9.8182E-01
  17.130261    -9.6350E-01
  17.182365    -9.4557E-01
  17.234469    -9.2803E-01
  17.286573    -9.1087E-01
  17.338677    -8.9408E-01
  17.390782    -8.7765E-01
  17.442886    -8.6158E-01
  17.494990    -8.4584E-01
  17.547094    -8.3045E-01
  17.599198    -8.1538E-01
  17.651303    -8.0063E-01
  17.703407    -7.8619E-01
  17.755511    -7.7205E-01
  17.807615    -7.5821E-01
  17.859719    -7.4466E-01
  17.911824    -7.3139E-01
  17.963928    -7.1840E-01
  18.016032    -7.0568E-01
  18.068136    -6.9322E-01
  18.120240    -6.8102E-01
  18.172345    -6.6907E-01
  18.224449    -6.5736E-01
  18.276553    -6.4589E-01
  18.328657    -6.3466E-01
  18.380762    -6.2365E-01
  18.432866    -6.1287E-01
  18.484970    -6.0230E-01
  18.537074    -5.9195E-01
  18.589178    -5.8181E-01
  18.641283    -5.7186E-01
  18.693387    -5.6212E-01
  18.745491    -5.5257E-01
  18.797595    -5.4321E-01
  18.849699    -5.3403E-01
  18.901804    -5.2504E-01
  18.953908    -5.1622E-01
  19.006012    -5.0757E-01
  19.058116    -4.9910E-01
  19.110220    -4.9079E-01
  19.162325    -4.8264E-01
  19.214429    -4.7465E-01
  19.266533    -4.6681E-01
  19.318637    -4.5912E-01
  19.370741    -4.5159E-01
  19.422846    -4.4419E-01
  19.474950    -4.3694E-01
  19.527054    -4.2983E-01
  19.579158    -4.2285E-01
  19.631263    -4.1600E-01
  19.683367    -4.0929E-01
  19.735471    -4.0270E-01
  19.787575    -3.9623E-01
  19.839679    -3.8989E-01
  19.891784    -3.8366E-01
  19.943888    -3.7755E-01
  19.995992    -3.7155E-01
  20.048096    -3.6567E-01
  20.100200    -3.5989E-01
  20.152305    -3.5422E-01
  20.204409    -3.4866E-01
  20.256513    -3.4320E-01
  20.308617    -3.3783E-01
  20.360721    -3.3257E-01
  20.412826    -3.2740E-01
  20.464930    -3.2233E-01
  20.517034    -3.1734E-01
  20.569138    -3.1245E-01
  20.621242    -3.0764E-01
  20.673347    -3.0293E-01
  20.725451    -2.9829E-01
  20.777555    -2.9374E-01
  20.829659    -2.8927E-01
  20.881764    -2.8488E-01
  20.933868    -2.8057E-01
  20.985972    -2.7633E-01
  21.038076    -2.7217E-01
  21.090180    -2.6808E-01
  21.142285    -2.6407E-01
  21.194389    -2.6012E-01
  21.246493    -2.5625E-01
  21.298597    -2.5244E-01
  21.350701    -2.4869E-01
  21.402806    -2.4502E-01
  21.454910    -2.4140E-01
  21.507014    -2.3785E-01
  21.559118    -2.3436E-01
  21.611222    -2.3093E-01
  21.663327    -2.2755E-01
  21.715431    -2.2424E-01
  21.767535    -2.2098E-01
  21.819639    -2.1778E-01
  21.871743    -2.1463E-01
  21.923848    -2.1154E-01
  21.975952    -2.0849E-01
  22.028056    -2.0550E-01
  22.080160    -2.0256E-01
  22.132265    -1.9967E-01
  22.184369    -1.9682E-01
  22.236473    -1.9403E-01
  22.288577    -1.9128E-01
  22.340681    -1.8857E-01
  22.392786    -1.8591E-01
  22.444890    -1.8330E-01
  22.496994    -1.8072E-01
  22.549098    -1.7819E-01
  22.601202    -1.7570E-01
  22.653307    -1.7326E-01
  22.705411    -1.7085E-01
  22.757515    -1.6848E-01
  22.809619    -1.6615E-01
  22.861723    -1.6385E-01
  22.913828    -1.6160E-01
  22.965932    -1.5938E-01
  23.018036    -1.5719E-01
  23.070140    -1.5505E-01
  23.122244    -1.5293E-01
  23.174349    -1.5085E-01
  23.226453    -1.4880E-01
  23.278557    -1.4679E-01
  23.330661    -1.4480E-01
  23.382766    -1.4285E-01
  23.434870    -1.4093E-01
  23.486974    -1.3904E-01
  23.539078    -1.3718E-01
  23.591182    -1.3535E-01
  23.643287    -1.3354E-01
  23.695391    -1.3177E-01
  23.747495    -1.3002E-01
  23.799599    -1.2830E-01
  23.851703    -1.2661E-01
  23.903808    -1.2494E-01
  23.955912    -1.2330E-01
  24.008016    -1.2168E-01
  24.060120    -1.2009E-01
  24.112224    -1.1852E-01
  24.164329    -1.1698E-01
  24.216433    -1.1546E-01
  24.268537    -1.1396E-01
  24.320641    -1.1249E-01
  24.372745    -1.1104E-01
  24.424850    -1.0961E-01
  24.476954    -1.0820E-01
  24.529058    -1.0681E-01
  24.581162    -1.0544E-01
  24.633267    -1.0410E-01
  24.685371    -1.0277E-01
  24.737475    -1.0147E-01
  24.789579    -1.0018E-01
  24.841683    -9.8913E-02
  24.893788    -9.7664E-02
  24.945892    -9.6434E-02
  24.997996    -9.5222E-02
  25.050100    -9.4028E-02
  25.102204    -9.2851E-02
  25.154309    -9.1692E-02
  25.206413    -9.0549E-02
  25.258517    -8.9423E-02
  25.310621    -8.8314E-02
  25.362725    -8.7221E-02
  25.414830    -8.6143E-02
  25.466934    -8.5081E-02
  25.519038    -8.4035E-02
  25.571142    -8.3003E-02
  25.623246    -8.1986E-02
  25.675351    -8.0984E-02
  25.727455    -7.9997E-02
  25.779559    -7.9023E-02
  25.831663    -7.8063E-02
  25.883768    -7.7117E-02
  25.935872    -7.6184E-02
  25.987976    -7.5265E-02
  26.040080    -7.4358E-02
  26.092184    -7.3464E-02
  26.144289    -7.2583E-02
  26.196393    -7.1715E-02
  26.248497    -7.0858E-02
  26.300601    -7.0013E-02
  26.352705    -6.9180E-02
  26.404810    -6.8359E-02
  26.456914    -6.7549E-02
  26.509018    -6.6751E-02
  26.561122    -6.5963E-02
  26.613226    -6.5187E-02
  26.665331    -6.4421E-02
  26.717435    -6.3665E-02
  26.769539    -6.2920E-02
  26.821643    -6.2185E-02
  26.873747    -6.1460E-02
  26.925852    -6.0745E-02
  26.977956    -6.0040E-02
  27.030060    -5.9345E-02
  27.082164    -5.8658E-02
  27.134269    -5.7982E-02
  27.186373    -5.7314E-02
  27.238477    -5.6655E-02
  27.290581    -5.6005E-02
  27.342685    -5.5364E-02
  27.394790    -5.4731E-02
  27.446894    -5.4107E-02
  27.498998    -5.3492E-02
  27.551102    -5.2884E-02
  27.603206    -5.2285E-02
  27.655311    -5.1693E-02
  27.707415    -5.1109E-02
  27.759519    -5.0533E-02
  27.811623    -4.9965E-02
  27.863727    -4.9404E-02
  27.915832    -4.8850E-02
  27.967936    -4.8304E-02
  28.020040    -4.7765E-02
  28.072144    -4.7233E-02
  28.124248    -4.6708E-02
  28.176353    -4.6189E-02
  28.228457    -4.5678E-02
  28.280561    -4.5173E-02
  28.332665    -4.4674E-02
  28.384770    -4.4182E-02
  28.436874    -4.3697E-02
  28.488978    -4.3217E-02
  28.541082    -4.2744E-02
  28.593186    -4.2277E-02
  28.645291    -4.1816E-02
  28.697395    -4.1360E-02
  28.749499    -4.0911E-02
  28.801603    -4.0467E-02
  28.853707    -4.0029E-02
  28.905812    -3.9596E-02
  28.957916    -3.9169E-02
  29.010020    -3.8747E-02
  29.062124    -3.8331E-02
  29.114228    -3.7920E-02
  29.166333    -3.7514E-02
  29.218437    -3.7113E-02
  29.270541    -3.6717E-02
  29.322645    -3.6326E-02
  29.374749    -3.5940E-02
  29.426854    -3.5558E-02
  29.478958    -3.5182E-02
  29.531062    -3.4810E-02
  29.583166    -3.4443E-02
  29.635271    -3.4080E-02
  29.687375    -3.3722E-02
  29.739479    -3.3368E-02
  29.791583    -3.3018E-02
  29.843687    -3.2673E-02
  29.895792    -3.2332E-02
  29.947896    -3.1995E-02
  30.000000    -3.1662E-02
  75.39078156
   4.000000     2.0235E+04
   4.052104     1.8557E+04
   4.104208     1.7010E+04
   4.156313     1.5583E+04
   4.208417     1.4267E+04
   4.260521     1.3053E+04
   4.312625     1.1934E+04
   4.364729     1.0903E+04
   4.416834     9.9535E+03
   4.468938     9.0791E+03
   4.521042     8.2744E+03
   4.573146     7.5343E+03
   4.625251     6.8539E+03
   4.677355     6.2288E+03
   4.729459     5.6549E+03
   4.781563     5.1282E+03
   4.833667     4.6453E+03
   4.885772     4.2028E+03
   4.937876     3.7975E+03
   4.989980     3.4267E+03
   5.042084     3.0877E+03
   5.094188     2.7779E+03
   5.146293     2.4950E+03
   5.198397     2.2370E+03
   5.250501     2.0018E+03
   5.302605     1.7877E+03
   5.354709     1.5928E+03
   5.406814     1.4156E+03
   5.458918     1.2547E+03
   5.511022     1.1087E+03
   5.563126     9.7634E+02
   5.615230     8.5651E+02
   5.667335     7.4812E+02
   5.719439     6.5022E+02
   5.771543     5.6187E+02
   5.823647     4.8227E+02
   5.875752     4.1064E+02
   5.927856     3.4628E+02
   5.979960     2.8854E+02
   6.032064     2.3683E+02
   6.084168     1.9060E+02
   6.136273     1.4936E+02
   6.188377     1.1265E+02
   6.240481     8.0038E+01
   6.292585     5.1152E+01
   6.344689     2.5638E+01
   6.396794     3.1734E+00
   6.448898    -1.6535E+01
   6.501002    -3.3755E+01
   6.553106    -4.8731E+01
   6.605210    -6.1687E+01
   6.657315    -7.2825E+01
   6.709419    -8.2330E+01
   6.761523    -9.0370E+01
   6.813627    -9.7098E+01
   6.865731    -1.0265E+02
   6.917836    -1.0716E+02
   6.969940    -1.1074E+02
   7.022044    -1.1349E+02
   7.074148    -1.1550E+02
   7.126253    -1.1686E+02
   7.178357    -1.1765E+02
   7.230461    -1.1794E+02
   7.282565    -1.1778E+02
   7.334669    -1.1724E+02
   7.386774    -1.1636E+02
   7.438878    -1.1519E+02
   7.490982    -1.1378E+02
   7.543086    -1.1215E+02
   7.595190    -1.1035E+02
   7.647295    -1.0839E+02
   7.699399    -1.0631E+02
   7.751503    -1.0414E+02
   7.803607    -1.0188E+02
   7.855711    -9.9559E+01
   7.907816    -9.7195E+01
   7.959920    -9.4801E+01
   8.012024    -9.2389E+01
   8.064128    -8.9970E+01
   8.116232    -8.7554E+01
   8.168337    -8.5149E+01
   8.220441    -8.2764E+01
   8.272545    -8.0403E+01
   8.324649    -7.8072E+01
   8.376754    -7.5777E+01
   8.428858    -7.3520E+01
   8.480962    -7.1305E+01
   8.533066    -6.9135E+01
   8.585170    -6.7012E+01
   8.637275    -6.4937E+01
   8.689379    -6.2912E+01
   8.741483    -6.0937E+01
   8.793587    -5.9014E+01
   8.845691    -5.7142E+01
   8.897796    -5.5321E+01
   8.949900    -5.3552E+01
   9.002004    -5.1835E+01
   9.054108    -5.0168E+01
   9.106212    -4.8551E+01
   9.158317    -4.6983E+01
   9.210421    -4.5464E+01
   9.262525    -4.3993E+01
   9.314629    -4.2569E+01
   9.366733    -4.1190E+01
   9.418838    -3.9856E+01
   9.470942    -3.8566E+01
   9.523046    -3.7318E+01
   9.575150    -3.6112E+01
   9.627255    -3.4946E+01
   9.679359    -3.3819E+01
   9.731463    -3.2730E+01
   9.783567    -3.1678E+01
   9.835671    -3.0662E+01
   9.887776    -2.9681E+01
   9.939880    -2.8733E+01
   9.991984    -2.7818E+01
  10.044088    -2.6934E+01
  10.096192    -2.6080E+01
  10.148297    -2.5256E+01
  10.200401    -2.4461E+01
  10.252505    -2.3693E+01
  10.304609    -2.2951E+01
  10.356713    -2.2235E+01
  10.408818    -2.1543E+01
  10.460922    -2.0876E+01
  10.513026    -2.0231E+01
  10.565130    -1.9609E+01
  10.617234    -1.9008E+01
  10.669339    -1.8428E+01
  10.721443    -1.7867E+01
  10.773547    -1.7326E+01
  10.825651    -1.6803E+01
  10.877756    -1.6298E+01
  10.929860    -1.5811E+01
  10.981964    -1.5339E+01
  11.034068    -1.4884E+01
  11.086172    -1.4444E+01
  11.138277    -1.4019E+01
  11.190381    -1.3609E+01
  11.242485    -1.3212E+01
  11.294589    -1.2828E+01
  11.346693    -1.2457E+01
  11.398798    -1.2098E+01
  11.450902    -1.1752E+01
  11.503006    -1.1416E+01
  11.555110    -1.1092E+01
  11.607214    -1.0778E+01
  11.659319    -1.0475E+01
  11.711423    -1.0181E+01
  11.763527    -9.8975E+00
  11.815631    -9.6227E+00
  11.867735    -9.3567E+00
  11.919840    -9.0993E+00
  11.971944    -8.8500E+00
  12.024048    -8.6088E+00
  12.076152    -8.3751E+00
  12.128257    -8.1489E+00
  12.180361    -7.9298E+00
  12.232465    -7.7175E+00
  12.284569    -7.5119E+00
  12.336673    -7.3126E+00
  12.388778    -7.1196E+00
  12.440882    -6.9324E+00
  12.492986    -6.7511E+00
  12.545090    -6.5752E+00
  12.597194    -6.4048E+00
  12.649299    -6.2395E+00
  12.701403    -6.0792E+00
  12.753507    -5.9237E+00
  12.805611    -5.7729E+00
  12.857715    -5.6265E+00
  12.909820    -5.4846E+00
  12.961924    -5.3468E+00
  13.014028    -5.2131E+00
  13.066132    -5.0832E+00
  13.118236    -4.9572E+00
  13.170341    -4.8349E+00
  13.222445    -4.7161E+00
  13.274549    -4.6007E+00
  13.326653    -4.4886E+00
  13.378758    -4.3798E+00
  13.430862    -4.2740E+00
  13.482966    -4.1712E+00
  13.535070    -4.0713E+00
  13.587174    -3.9743E+00
  13.639279    -3.8799E+00
  13.691383    -3.7882E+00
  13.743487    -3.6990E+00
  13.795591    -3.6123E+00
  13.847695    -3.5280E+00
  13.899800    -3.4460E+00
  13.951904    -3.3662E+00
  14.004008    -3.2886E+00
  14.056112    -3.2130E+00
  14.108216    -3.1396E+00
  14.160321    -3.0680E+00
  14.212425    -2.9984E+00
  14.264529    -2.9307E+00
  14.316633    -2.8647E+00
  14.368737    -2.8005E+00
  14.420842    -2.7380E+00
  14.472946    -2.6771E+00
  14.525050    -2.6178E+00
  14.577154    -2.5600E+00
  14.629259    -2.5038E+00
  14.681363    -2.4489E+00
  14.733467    -2.3955E+00
  14.785571    -2.3434E+00
  14.837675    -2.2927E+00
  14.889780    -2.2433E+00
  14.941884    -2.1951E+00
  14.993988    -2.1481E+00
  15.046092    -2.1023E+00
  15.098196    -2.0576E+00
  15.150301    -2.0141E+00
  15.202405    -1.9716E+00
  15.254509    -1.9301E+00
  15.306613    -1.8897E+00
  15.358717    -1.8503E+00
  15.410822    -1.8118E+00
  15.462926    -1.7743E+00
  15.515030    -1.7377E+00
  15.567134    -1.7019E+00
  15.619238    -1.6671E+00
  15.671343    -1.6330E+00
  15.723447    -1.5998E+00
  15.775551    -1.5673E+00
  15.827655    -1.5357E+00
  15.879760    -1.5047E+00
  15.931864    -1.4745E+00
  15.983968    -1.4450E+00
  16.036072    -1.4162E+00
  16.088176    -1.3881E+00
  16.140281    -1.3606E+00
  16.192385    -1.3338E+00
  16.244489    -1.3075E+00
  16.296593    -1.2819E+00
  16.348697    -1.2568E+00
  16.400802    -1.2324E+00
  16.452906    -1.2085E+00
  16.505010    -1.1851E+00
  16.557114    -1.1622E+00
  16.609218    -1.1399E+00
  16.661323    -1.1180E+00
  16.713427    -1.0967E+00
  16.765531    -1.0758E+00
  16.817635    -1.0554E+00
  16.869739    -1.0354E+00
  16.921844    -1.0159E+00
  16.973948    -9.9683E-01
  17.026052    -9.7816E-01
  17.078156    -9.5989E-01
  17.130261    -9.4202E-01
  17.182365    -9.2454E-01
  17.234469    -9.0743E-01
  17.286573    -8.9070E-01
  17.338677    -8.7432E-01
  17.390782    -8.5829E-01
  17.442886    -8.4261E-01
  17.494990    -8.2726E-01
  17.547094    -8.1224E-01
  17.599198    -7.9753E-01
  17.651303    -7.8313E-01
  17.703407    -7.6904E-01
  17.755511    -7.5524E-01
  17.807615    -7.4173E-01
  17.859719    -7.2850E-01
  17.911824    -7.1555E-01
  17.963928    -7.0286E-01
  18.016032    -6.9044E-01
  18.068136    -6.7827E-01
  18.120240    -6.6635E-01
  18.172345    -6.5468E-01
  18.224449    -6.4324E-01
  18.276553    -6.3204E-01
  18.328657    -6.2106E-01
  18.380762    -6.1031E-01
  18.432866    -5.9977E-01
  18.484970    -5.8944E-01
  18.537074    -5.7933E-01
  18.589178    -5.6941E-01
  18.641283    -5.5969E-01
  18.693387    -5.5017E-01
  18.745491    -5.4083E-01
  18.797595    -5.3168E-01
  18.849699    -5.2271E-01
  18.901804    -5.1392E-01
  18.953908    -5.0530E-01
  19.006012    -4.9684E-01
  19.058116    -4.8855E-01
  19.110220    -4.8043E-01
  19.162325    -4.7246E-01
  19.214429    -4.6464E-01
  19.266533    -4.5698E-01
  19.318637    -4.4946E-01
  19.370741    -4.4209E-01
  19.422846    -4.3486E-01
  19.474950    -4.2776E-01
  19.527054    -4.2080E-01
  19.579158    -4.1398E-01
  19.631263    -4.0728E-01
  19.683367    -4.0071E-01
  19.735471    -3.9426E-01
  19.787575    -3.8794E-01
  19.839679    -3.8173E-01
  19.891784    -3.7564E-01
  19.943888    -3.6966E-01
  19.995992    -3.6379E-01
  20.048096    -3.5803E-01
  20.100200    -3.5238E-01
  20.152305    -3.4683E-01
  20.204409    -3.4139E-01
  20.256513    -3.3604E-01
  20.308617    -3.3079E-01
  20.360721    -3.2564E-01
  20.412826    -3.2058E-01
  20.464930    -3.1561E-01
  20.517034    -3.1074E-01
  20.569138    -3.0595E-01
  20.621242    -3.0125E-01
  20.673347    -2.9663E-01
  20.725451    -2.9209E-01
  20.777555    -2.8764E-01
  20.829659    -2.8326E-01
  20.881764    -2.7897E-01
  20.933868    -2.7474E-01
  20.985972    -2.7060E-01
  21.038076    -2.6653E-01
  21.090180    -2.6252E-01
  21.142285    -2.5859E-01
  21.194389    -2.5473E-01
  21.246493    -2.5093E-01
  21.298597    -2.4721E-01
  21.350701    -2.4354E-01
  21.402806    -2.3994E-01
  21.454910    -2.3640E-01
  21.507014    -2.3293E-01
  21.559118    -2.2951E-01
  21.611222    -2.2615E-01
  21.663327    -2.2285E-01
  21.715431    -2.1960E-01
  21.767535    -2.1641E-01
  21.819639    -2.1328E-01
  21.871743    -2.1020E-01
  21.923848    -2.0717E-01
  21.975952    -2.0419E-01
  22.028056    -2.0126E-01
  22.080160    -1.9838E-01
  22.132265    -1.9555E-01
  22.184369    -1.9276E-01
  22.236473    -1.9003E-01
  22.288577    -1.8733E-01
  22.340681    -1.8469E-01
  22.392786    -1.8208E-01
  22.444890    -1.7952E-01
  22.496994    -1.7700E-01
  22.549098    -1.7453E-01
  22.601202    -1.7209E-01
  22.653307    -1.6969E-01
  22.705411    -1.6733E-01
  22.757515    -1.6501E-01
  22.809619    -1.6273E-01
  22.861723    -1.6049E-01
  22.913828    -1.5828E-01
  22.965932    -1.5611E-01
  23.018036    -1.5397E-01
  23.070140    -1.5187E-01
  23.122244    -1.4980E-01
  23.174349    -1.4776E-01
  23.226453    -1.4575E-01
  23.278557    -1.4378E-01
  23.330661    -1.4184E-01
  23.382766    -1.3993E-01
  23.434870    -1.3805E-01
  23.486974    -1.3620E-01
  23.539078    -1.3438E-01
  23.591182    -1.3258E-01
  23.643287    -1.3082E-01
  23.695391    -1.2908E-01
  23.747495    -1.2737E-01
  23.799599    -1.2569E-01
  23.851703    -1.2403E-01
  23.903808    -1.2239E-01
  23.955912    -1.2079E-01
  24.008016    -1.1921E-01
  24.060120    -1.1765E-01
  24.112224    -1.1611E-01
  24.164329    -1.1460E-01
  24.216433    -1.1311E-01
  24.268537    -1.1165E-01
  24.320641    -1.1021E-01
  24.372745    -1.0878E-01
  24.424850    -1.0739E-01
  24.476954    -1.0601E-01
  24.529058    -1.0465E-01
  24.581162    -1.0331E-01
  24.633267    -1.0199E-01
  24.685371    -1.0070E-01
  24.737475    -9.9418E-02
  24.789579    -9.8159E-02
  24.841683    -9.6918E-02
  24.893788    -9.5696E-02
  24.945892    -9.4492E-02
  24.997996    -9.3305E-02
  25.050100    -9.2136E-02
  25.102204    -9.0985E-02
  25.154309    -8.9850E-02
  25.206413    -8.8731E-02
  25.258517    -8.7629E-02
  25.310621    -8.6543E-02
  25.362725    -8.5473E-02
  25.414830    -8.4419E-02
  25.466934    -8.3379E-02
  25.519038    -8.2355E-02
  25.571142    -8.1345E-02
  25.623246    -8.0350E-02
  25.675351    -7.9369E-02
  25.727455    -7.8402E-02
  25.779559    -7.7449E-02
  25.831663    -7.6510E-02
  25.883768    -7.5583E-02
  25.935872    -7.4670E-02
  25.987976    -7.3770E-02
  26.040080    -7.2883E-02
  26.092184    -7.2008E-02
  26.144289    -7.1146E-02
  26.196393    -7.0295E-02
  26.248497    -6.9457E-02
  26.300601    -6.8630E-02
  26.352705    -6.7815E-02
  26.404810    -6.7011E-02
  26.456914    -6.6218E-02
  26.509018    -6.5436E-02
  26.561122    -6.4665E-02
  26.613226    -6.3905E-02
  26.665331    -6.3155E-02
  26.717435    -6.2416E-02
  26.769539    -6.1686E-02
  26.821643    -6.0967E-02
  26.873747    -6.0257E-02
  26.925852    -5.9558E-02
  26.977956    -5.8867E-02
  27.030060    -5.8186E-02
  27.082164    -5.7515E-02
  27.134269    -5.6852E-02
  27.186373    -5.6198E-02
  27.238477    -5.5553E-02
  27.290581    -5.4917E-02
  27.342685    -5.4289E-02
  27.394790    -5.3670E-02
  27.446894    -5.3059E-02
  27.498998    -5.2456E-02
  27.551102    -5.1862E-02
  27.603206    -5.1275E-02
  27.655311    -5.0696E-02
  27.707415    -5.0124E-02
  27.759519    -4.9560E-02
  27.811623    -4.9004E-02
  27.863727    -4.8455E-02
  27.915832    -4.7913E-02
  27.967936    -4.7378E-02
  28.020040    -4.6850E-02
  28.072144    -4.6329E-02
  28.124248    -4.5815E-02
  28.176353    -4.5307E-02
  28.228457    -4.4806E-02
  28.280561    -4.4312E-02
  28.332665    -4.3824E-02
  28.384770    -4.3342E-02
  28.436874    -4.2867E-02
  28.488978    -4.2397E-02
  28.541082    -4.1934E-02
  28.593186    -4.1476E-02
  28.645291    -4.1025E-02
  28.697395    -4.0579E-02
  28.749499    -4.0139E-02
  28.801603    -3.9704E-02
  28.853707    -3.9275E-02
  28.905812    -3.8852E-02
  28.957916    -3.8433E-02
  29.010020    -3.8020E-02
  29.062124    -3.7612E-02
  29.114228    -3.7210E-02
  29.166333    -3.6812E-02
  29.218437    -3.6419E-02
  29.270541    -3.6032E-02
  29.322645    -3.5649E-02
  29.374749    -3.5271E-02
  29.426854    -3.4897E-02
  29.478958    -3.4528E-02
  29.531062    -3.4164E-02
  29.583166    -3.3804E-02
  29.635271    -3.3449E-02
  29.687375    -3.3098E-02
  29.739479    -3.2752E-02
  29.791583    -3.2409E-02
  29.843687    -3.2071E-02
  29.895792    -3.1737E-02
  29.947896    -3.1407E-02
  30.000000    -3.1081E-02
  78.99799599
   4.000000     1.9632E+04
   4.052104     1.7977E+04
   4.104208     1.6450E+04
   4.156313     1.5042E+04
   4.208417     1.3744E+04
   4.260521     1.2548E+04
   4.312625     1.1448E+04
   4.364729     1.0436E+04
   4.416834     9.5052E+03
   4.468938     8.6502E+03
   4.521042     7.8652E+03
   4.573146     7.1449E+03
   4.625251     6.4843E+03
   4.677355     5.8790E+03
   4.729459     5.3246E+03
   4.781563     4.8172E+03
   4.833667     4.3531E+03
   4.885772     3.9290E+03
   4.937876     3.5415E+03
   4.989980     3.1879E+03
   5.042084     2.8653E+03
   5.094188     2.5712E+03
   5.146293     2.3034E+03
   5.198397     2.0597E+03
   5.250501     1.8380E+03
   5.302605     1.6366E+03
   5.354709     1.4537E+03
   5.406814     1.2878E+03
   5.458918     1.1375E+03
   5.511022     1.0014E+03
   5.563126     8.7822E+02
   5.615230     7.6696E+02
   5.667335     6.6653E+02
   5.719439     5.7598E+02
   5.771543     4.9445E+02
   5.823647     4.2114E+02
   5.875752     3.5531E+02
   5.927856     2.9628E+02
   5.979960     2.4344E+02
   6.032064     1.9623E+02
   6.084168     1.5413E+02
   6.136273     1.1665E+02
   6.188377     8.3380E+01
   6.240481     5.3912E+01
   6.292585     2.7887E+01
   6.344689     4.9743E+00
   6.396794    -1.5126E+01
   6.448898    -3.2689E+01
   6.501002    -4.7965E+01
   6.553106    -6.1182E+01
   6.605210    -7.2547E+01
   6.657315    -8.2249E+01
   6.709419    -9.0460E+01
   6.761523    -9.7335E+01
   6.813627    -1.0302E+02
   6.865731    -1.0763E+02
   6.917836    -1.1130E+02
   6.969940    -1.1412E+02
   7.022044    -1.1620E+02
   7.074148    -1.1761E+02
   7.126253    -1.1844E+02
   7.178357    -1.1875E+02
   7.230461    -1.1862E+02
   7.282565    -1.1809E+02
   7.334669    -1.1722E+02
   7.386774    -1.1606E+02
   7.438878    -1.1464E+02
   7.490982    -1.1301E+02
   7.543086    -1.1119E+02
   7.595190    -1.0922E+02
   7.647295    -1.0713E+02
   7.699399    -1.0493E+02
   7.751503    -1.0265E+02
   7.803607    -1.0031E+02
   7.855711    -9.7923E+01
   7.907816    -9.5504E+01
   7.959920    -9.3066E+01
   8.012024    -9.0621E+01
   8.064128    -8.8178E+01
   8.116232    -8.5747E+01
   8.168337    -8.3335E+01
   8.220441    -8.0947E+01
   8.272545    -7.8590E+01
   8.324649    -7.6269E+01
   8.376754    -7.3987E+01
   8.428858    -7.1747E+01
   8.480962    -6.9553E+01
   8.533066    -6.7406E+01
   8.585170    -6.5308E+01
   8.637275    -6.3261E+01
   8.689379    -6.1265E+01
   8.741483    -5.9322E+01
   8.793587    -5.7430E+01
   8.845691    -5.5591E+01
   8.897796    -5.3804E+01
   8.949900    -5.2069E+01
   9.002004    -5.0386E+01
   9.054108    -4.8754E+01
   9.106212    -4.7172E+01
   9.158317    -4.5639E+01
   9.210421    -4.4155E+01
   9.262525    -4.2719E+01
   9.314629    -4.1329E+01
   9.366733    -3.9984E+01
   9.418838    -3.8684E+01
   9.470942    -3.7427E+01
   9.523046    -3.6212E+01
   9.575150    -3.5037E+01
   9.627255    -3.3903E+01
   9.679359    -3.2807E+01
   9.731463    -3.1749E+01
   9.783567    -3.0727E+01
   9.835671    -2.9740E+01
   9.887776    -2.8787E+01
   9.939880    -2.7867E+01
   9.991984    -2.6978E+01
  10.044088    -2.6121E+01
  10.096192    -2.5293E+01
  10.148297    -2.4494E+01
  10.200401    -2.3723E+01
  10.252505    -2.2979E+01
  10.304609    -2.2260E+01
  10.356713    -2.1567E+01
  10.408818    -2.0897E+01
  10.460922    -2.0251E+01
  10.513026    -1.9627E+01
  10.565130    -1.9024E+01
  10.617234    -1.8443E+01
  10.669339    -1.7881E+01
  10.721443    -1.7339E+01
  10.773547    -1.6815E+01
  10.825651    -1.6309E+01
  10.877756    -1.5821E+01
  10.929860    -1.5349E+01
  10.981964    -1.4893E+01
  11.034068    -1.4453E+01
  11.086172    -1.4028E+01
  11.138277    -1.3617E+01
  11.190381    -1.3219E+01
  11.242485    -1.2835E+01
  11.294589    -1.2464E+01
  11.346693    -1.2105E+01
  11.398798    -1.1758E+01
  11.450902    -1.1423E+01
  11.503006    -1.1099E+01
  11.555110    -1.0785E+01
  11.607214    -1.0481E+01
  11.659319    -1.0188E+01
  11.711423    -9.9038E+00
  11.763527    -9.6289E+00
  11.815631    -9.3629E+00
  11.867735    -9.1054E+00
  11.919840    -8.8561E+00
  11.971944    -8.6148E+00
  12.024048    -8.3811E+00
  12.076152    -8.1548E+00
  12.128257    -7.9356E+00
  12.180361    -7.7233E+00
  12.232465    -7.5176E+00
  12.284569    -7.3182E+00
  12.336673    -7.1251E+00
  12.388778    -6.9379E+00
  12.440882    -6.7564E+00
  12.492986    -6.5805E+00
  12.545090    -6.4099E+00
  12.597194    -6.2445E+00
  12.649299    -6.0841E+00
  12.701403    -5.9285E+00
  12.753507    -5.7775E+00
  12.805611    -5.6310E+00
  12.857715    -5.4889E+00
  12.909820    -5.3510E+00
  12.961924    -5.2171E+00
  13.014028    -5.0872E+00
  13.066132    -4.9610E+00
  13.118236    -4.8385E+00
  13.170341    -4.7195E+00
  13.222445    -4.6040E+00
  13.274549    -4.4918E+00
  13.326653    -4.3827E+00
  13.378758    -4.2768E+00
  13.430862    -4.1739E+00
  13.482966    -4.0739E+00
  13.535070    -3.9766E+00
  13.587174    -3.8821E+00
  13.639279    -3.7902E+00
  13.691383    -3.7009E+00
  13.743487    -3.6140E+00
  13.795591    -3.5295E+00
  13.847695    -3.4474E+00
  13.899800    -3.3674E+00
  13.951904    -3.2897E+00
  14.004008    -3.2140E+00
  14.056112    -3.1404E+00
  14.108216    -3.0687E+00
  14.160321    -2.9990E+00
  14.212425    -2.9311E+00
  14.264529    -2.8650E+00
  14.316633    -2.8007E+00
  14.368737    -2.7380E+00
  14.420842    -2.6770E+00
  14.472946    -2.6176E+00
  14.525050    -2.5597E+00
  14.577154    -2.5033E+00
  14.629259    -2.4484E+00
  14.681363    -2.3949E+00
  14.733467    -2.3427E+00
  14.785571    -2.2919E+00
  14.837675    -2.2424E+00
  14.889780    -2.1941E+00
  14.941884    -2.1470E+00
  14.993988    -2.1011E+00
  15.046092    -2.0564E+00
  15.098196    -2.0127E+00
  15.150301    -1.9702E+00
  15.202405    -1.9287E+00
  15.254509    -1.8882E+00
  15.306613    -1.8488E+00
  15.358717    -1.8102E+00
  15.410822    -1.7727E+00
  15.462926    -1.7360E+00
  15.515030    -1.7002E+00
  15.567134    -1.6653E+00
  15.619238    -1.6312E+00
  15.671343    -1.5979E+00
  15.723447    -1.5655E+00
  15.775551    -1.5338E+00
  15.827655    -1.5028E+00
  15.879760    -1.4726E+00
  15.931864    -1.4431E+00
  15.983968    -1.4142E+00
  16.036072    -1.3861E+00
  16.088176    -1.3586E+00
  16.140281    -1.3317E+00
  16.192385    -1.3055E+00
  16.244489    -1.2798E+00
  16.296593    -1.2548E+00
  16.348697    -1.2303E+00
  16.400802    -1.2064E+00
  16.452906    -1.1830E+00
  16.505010    -1.1602E+00
  16.557114    -1.1378E+00
  16.609218    -1.1160E+00
  16.661323    -1.0946E+00
  16.713427    -1.0738E+00
  16.765531    -1.0534E+00
  16.817635    -1.0334E+00
  16.869739    -1.0139E+00
  16.921844    -9.9483E-01
  16.973948    -9.7617E-01
  17.026052    -9.5791E-01
  17.078156    -9.4006E-01
  17.130261    -9.2259E-01
  17.182365    -9.0550E-01
  17.234469    -8.8878E-01
  17.286573    -8.7243E-01
  17.338677    -8.5642E-01
  17.390782    -8.4075E-01
  17.442886    -8.2542E-01
  17.494990    -8.1042E-01
  17.547094    -7.9573E-01
  17.599198    -7.8136E-01
  17.651303    -7.6728E-01
  17.703407    -7.5351E-01
  17.755511    -7.4002E-01
  17.807615    -7.2681E-01
  17.859719    -7.1388E-01
  17.911824    -7.0121E-01
  17.963928    -6.8881E-01
  18.016032    -6.7667E-01
  18.068136    -6.6477E-01
  18.120240    -6.5312E-01
  18.172345    -6.4170E-01
  18.224449    -6.3052E-01
  18.276553    -6.1957E-01
  18.328657    -6.0884E-01
  18.380762    -5.9832E-01
  18.432866    -5.8802E-01
  18.484970    -5.7792E-01
  18.537074    -5.6803E-01
  18.589178    -5.5833E-01
  18.641283    -5.4883E-01
  18.693387    -5.3952E-01
  18.745491    -5.3039E-01
  18.797595    -5.2144E-01
  18.849699    -5.1266E-01
  18.901804    -5.0406E-01
  18.953908    -4.9563E-01
  19.006012    -4.8736E-01
  19.058116    -4.7925E-01
  19.110220    -4.7130E-01
  19.162325    -4.6351E-01
  19.214429    -4.5586E-01
  19.266533    -4.4836E-01
  19.318637    -4.4101E-01
  19.370741    -4.3379E-01
  19.422846    -4.2672E-01
  19.474950    -4.1978E-01
  19.527054    -4.1297E-01
  19.579158    -4.0629E-01
  19.631263    -3.9973E-01
  19.683367    -3.9330E-01
  19.735471    -3.8699E-01
  19.787575    -3.8080E-01
  19.839679    -3.7472E-01
  19.891784    -3.6876E-01
  19.943888    -3.6291E-01
  19.995992    -3.5716E-01
  20.048096    -3.5152E-01
  20.100200    -3.4599E-01
  20.152305    -3.4056E-01
  20.204409    -3.3522E-01
  20.256513    -3.2999E-01
  20.308617    -3.2485E-01
  20.360721    -3.1980E-01
  20.412826    -3.1485E-01
  20.464930    -3.0998E-01
  20.517034    -3.0520E-01
  20.569138    -3.0051E-01
  20.621242    -2.9590E-01
  20.673347    -2.9138E-01
  20.725451    -2.8694E-01
  20.777555    -2.8257E-01
  20.829659    -2.7828E-01
  20.881764    -2.7407E-01
  20.933868    -2.6993E-01
  20.985972    -2.6587E-01
  21.038076    -2.6188E-01
  21.090180    -2.5795E-01
  21.142285    -2.5410E-01
  21.194389    -2.5031E-01
  21.246493    -2.4659E-01
  21.298597    -2.4294E-01
  21.350701    -2.3934E-01
  21.402806    -2.3581E-01
  21.454910    -2.3234E-01
  21.507014    -2.2893E-01
  21.559118    -2.2558E-01
  21.611222    -2.2228E-01
  21.663327    -2.1905E-01
  21.715431    -2.1586E-01
  21.767535    -2.1273E-01
  21.819639    -2.0966E-01
  21.871743    -2.0663E-01
  21.923848    -2.0366E-01
  21.975952    -2.0074E-01
  22.028056    -1.9786E-01
  22.080160    -1.9503E-01
  22.132265    -1.9225E-01
  22.184369    -1.8952E-01
  22.236473    -1.8683E-01
  22.288577    -1.8419E-01
  22.340681    -1.8159E-01
  22.392786    -1.7904E-01
  22.444890    -1.7652E-01
  22.496994    -1.7405E-01
  22.549098    -1.7161E-01
  22.601202    -1.6922E-01
  22.653307    -1.6687E-01
  22.705411    -1.6455E-01
  22.757515    -1.6227E-01
  22.809619    -1.6003E-01
  22.861723    -1.5783E-01
  22.913828    -1.5566E-01
  22.965932    -1.5352E-01
  23.018036    -1.5142E-01
  23.070140    -1.4935E-01
  23.122244    -1.4732E-01
  23.174349    -1.4532E-01
  23.226453    -1.4335E-01
  23.278557    -1.4141E-01
  23.330661    -1.3950E-01
  23.382766    -1.3762E-01
  23.434870    -1.3577E-01
  23.486974    -1.3395E-01
  23.539078    -1.3216E-01
  23.591182    -1.3040E-01
  23.643287    -1.2866E-01
  23.695391    -1.2696E-01
  23.747495    -1.2527E-01
  23.799599    -1.2362E-01
  23.851703    -1.2199E-01
  23.903808    -1.2038E-01
  23.955912    -1.1880E-01
  24.008016    -1.1724E-01
  24.060120    -1.1571E-01
  24.112224    -1.1420E-01
  24.164329    -1.1272E-01
  24.216433    -1.1125E-01
  24.268537    -1.0981E-01
  24.320641    -1.0839E-01
  24.372745    -1.0699E-01
  24.424850    -1.0562E-01
  24.476954    -1.0426E-01
  24.529058    -1.0292E-01
  24.581162    -1.0161E-01
  24.633267    -1.0031E-01
  24.685371    -9.9035E-02
  24.737475    -9.7777E-02
  24.789579    -9.6538E-02
  24.841683    -9.5317E-02
  24.893788    -9.4114E-02
  24.945892    -9.2929E-02
  24.997996    -9.1761E-02
  25.050100    -9.0610E-02
  25.102204    -8.9476E-02
  25.154309    -8.8359E-02
  25.206413    -8.7258E-02
  25.258517    -8.6173E-02
  25.310621    -8.5104E-02
  25.362725    -8.4050E-02
  25.414830    -8.3012E-02
  25.466934    -8.1989E-02
  25.519038    -8.0980E-02
  25.571142    -7.9986E-02
  25.623246    -7.9006E-02
  25.675351    -7.8040E-02
  25.727455    -7.7088E-02
  25.779559    -7.6149E-02
  25.831663    -7.5224E-02
  25.883768    -7.4312E-02
  25.935872    -7.3413E-02
  25.987976    -7.2527E-02
  26.040080    -7.1653E-02
  26.092184    -7.0791E-02
  26.144289    -6.9942E-02
  26.196393    -6.9104E-02
  26.248497    -6.8278E-02
  26.300601    -6.7464E-02
  26.352705    -6.6661E-02
  26.404810    -6.5869E-02
  26.456914    -6.5088E-02
  26.509018    -6.4318E-02
  26.561122    -6.3559E-02
  26.613226    -6.2810E-02
  26.665331    -6.2071E-02
  26.717435    -6.1343E-02
  26.769539    -6.0624E-02
  26.821643    -5.9916E-02
  26.873747    -5.9217E-02
  26.925852    -5.8527E-02
  26.977956    -5.7847E-02
  27.030060    -5.7177E-02
  27.082164    -5.6515E-02
  27.134269    -5.5862E-02
  27.186373    -5.5218E-02
  27.238477    -5.4583E-02
  27.290581    -5.3956E-02
  27.342685    -5.3338E-02
  27.394790    -5.2728E-02
  27.446894    -5.2126E-02
  27.498998    -5.1532E-02
  27.551102    -5.0946E-02
  27.603206    -5.0368E-02
  27.655311    -4.9797E-02
  27.707415    -4.9234E-02
  27.759519    -4.8678E-02
  27.811623    -4.8130E-02
  27.863727    -4.7589E-02
  27.915832    -4.7055E-02
  27.967936    -4.6528E-02
  28.020040    -4.6008E-02
  28.072144    -4.5495E-02
  28.124248    -4.4989E-02
  28.176353    -4.4489E-02
  28.228457    -4.3995E-02
  28.280561    -4.3508E-02
  28.332665    -4.3027E-02
  28.384770    -4.2553E-02
  28.436874    -4.2084E-02
  28.488978    -4.1622E-02
  28.541082    -4.1165E-02
  28.593186    -4.0715E-02
  28.645291    -4.0270E-02
  28.697395    -3.9831E-02
  28.749499    -3.9397E-02
  28.801603    -3.8969E-02
  28.853707    -3.8546E-02
  28.905812    -3.8129E-02
  28.957916    -3.7717E-02
  29.010020    -3.7310E-02
  29.062124    -3.6908E-02
  29.114228    -3.6512E-02
  29.166333    -3.6120E-02
  29.218437    -3.5733E-02
  29.270541    -3.5351E-02
  29.322645    -3.4974E-02
  29.374749    -3.4602E-02
  29.426854    -3.4234E-02
  29.478958    -3.3871E-02
  29.531062    -3.3512E-02
  29.583166    -3.3157E-02
  29.635271    -3.2807E-02
  29.687375    -3.2462E-02
  29.739479    -3.2120E-02
  29.791583    -3.1783E-02
  29.843687    -3.1450E-02
  29.895792    -3.1121E-02
  29.947896    -3.0796E-02
  30.000000    -3.0475E-02
  82.60521042
   4.000000     1.9211E+04
   4.052104     1.7586E+04
   4.104208     1.6082E+04
   4.156313     1.4691E+04
   4.208417     1.3406E+04
   4.260521     1.2222E+04
   4.312625     1.1132E+04
   4.364729     1.0129E+04
   4.416834     9.2085E+03
   4.468938     8.3633E+03
   4.521042     7.5885E+03
   4.573146     6.8787E+03
   4.625251     6.2291E+03
   4.677355     5.6350E+03
   4.729459     5.0921E+03
   4.781563     4.5964E+03
   4.833667     4.1441E+03
   4.885772     3.7317E+03
   4.937876     3.3559E+03
   4.989980     3.0137E+03
   5.042084     2.7024E+03
   5.094188     2.4193E+03
   5.146293     2.1621E+03
   5.198397     1.9285E+03
   5.250501     1.7166E+03
   5.302605     1.5244E+03
   5.354709     1.3504E+03
   5.406814     1.1929E+03
   5.458918     1.0504E+03
   5.511022     9.2162E+02
   5.563126     8.0540E+02
   5.615230     7.0059E+02
   5.667335     6.0617E+02
   5.719439     5.2120E+02
   5.771543     4.4484E+02
   5.823647     3.7630E+02
   5.875752     3.1486E+02
   5.927856     2.5988E+02
   5.979960     2.1076E+02
   6.032064     1.6694E+02
   6.084168     1.2795E+02
   6.136273     9.3309E+01
   6.188377     6.2620E+01
   6.240481     3.5500E+01
   6.292585     1.1606E+01
   6.344689    -9.3744E+00
   6.396794    -2.7727E+01
   6.448898    -4.3712E+01
   6.501002    -5.7565E+01
   6.553106    -6.9500E+01
   6.605210    -7.9714E+01
   6.657315    -8.8382E+01
   6.709419    -9.5667E+01
   6.761523    -1.0171E+02
   6.813627    -1.0665E+02
   6.865731    -1.1061E+02
   6.917836    -1.1369E+02
   6.969940    -1.1599E+02
   7.022044    -1.1760E+02
   7.074148    -1.1861E+02
   7.126253    -1.1907E+02
   7.178357    -1.1907E+02
   7.230461    -1.1866E+02
   7.282565    -1.1789E+02
   7.334669    -1.1680E+02
   7.386774    -1.1545E+02
   7.438878    -1.1388E+02
   7.490982    -1.1210E+02
   7.543086    -1.1017E+02
   7.595190    -1.0810E+02
   7.647295    -1.0592E+02
   7.699399    -1.0365E+02
   7.751503    -1.0131E+02
   7.803607    -9.8921E+01
   7.855711    -9.6495E+01
   7.907816    -9.4047E+01
   7.959920    -9.1587E+01
   8.012024    -8.9127E+01
   8.064128    -8.6675E+01
   8.116232    -8.4240E+01
   8.168337    -8.1828E+01
   8.220441    -7.9446E+01
   8.272545    -7.7098E+01
   8.324649    -7.4788E+01
   8.376754    -7.2520E+01
   8.428858    -7.0297E+01
   8.480962    -6.8121E+01
   8.533066    -6.5995E+01
   8.585170    -6.3919E+01
   8.637275    -6.1895E+01
   8.689379    -5.9923E+01
   8.741483    -5.8004E+01
   8.793587    -5.6138E+01
   8.845691    -5.4326E+01
   8.897796    -5.2566E+01
   8.949900    -5.0858E+01
   9.002004    -4.9202E+01
   9.054108    -4.7597E+01
   9.106212    -4.6043E+01
   9.158317    -4.4538E+01
   9.210421    -4.3081E+01
   9.262525    -4.1672E+01
   9.314629    -4.0309E+01
   9.366733    -3.8992E+01
   9.418838    -3.7718E+01
   9.470942    -3.6487E+01
   9.523046    -3.5298E+01
   9.575150    -3.4150E+01
   9.627255    -3.3041E+01
   9.679359    -3.1970E+01
   9.731463    -3.0936E+01
   9.783567    -2.9938E+01
   9.835671    -2.8974E+01
   9.887776    -2.8044E+01
   9.939880    -2.7147E+01
   9.991984    -2.6281E+01
  10.044088    -2.5445E+01
  10.096192    -2.4639E+01
  10.148297    -2.3860E+01
  10.200401    -2.3109E+01
  10.252505    -2.2384E+01
  10.304609    -2.1685E+01
  10.356713    -2.1010E+01
  10.408818    -2.0359E+01
  10.460922    -1.9730E+01
  10.513026    -1.9123E+01
  10.565130    -1.8537E+01
  10.617234    -1.7972E+01
  10.669339    -1.7426E+01
  10.721443    -1.6899E+01
  10.773547    -1.6390E+01
  10.825651    -1.5899E+01
  10.877756    -1.5424E+01
  10.929860    -1.4966E+01
  10.981964    -1.4523E+01
  11.034068    -1.4096E+01
  11.086172    -1.3683E+01
  11.138277    -1.3283E+01
  11.190381    -1.2897E+01
  11.242485    -1.2524E+01
  11.294589    -1.2164E+01
  11.346693    -1.1815E+01
  11.398798    -1.1479E+01
  11.450902    -1.1153E+01
  11.503006    -1.0838E+01
  11.555110    -1.0533E+01
  11.607214    -1.0238E+01
  11.659319    -9.9526E+00
  11.711423    -9.6765E+00
  11.763527    -9.4094E+00
  11.815631    -9.1508E+00
  11.867735    -8.9004E+00
  11.919840    -8.6581E+00
  11.971944    -8.4234E+00
  12.024048    -8.1961E+00
  12.076152    -7.9759E+00
  12.128257    -7.7626E+00
  12.180361    -7.5560E+00
  12.232465    -7.3558E+00
  12.284569    -7.1617E+00
  12.336673    -6.9736E+00
  12.388778    -6.7913E+00
  12.440882    -6.6145E+00
  12.492986    -6.4431E+00
  12.545090    -6.2769E+00
  12.597194    -6.1157E+00
  12.649299    -5.9593E+00
  12.701403    -5.8075E+00
  12.753507    -5.6603E+00
  12.805611    -5.5174E+00
  12.857715    -5.3787E+00
  12.909820    -5.2441E+00
  12.961924    -5.1134E+00
  13.014028    -4.9866E+00
  13.066132    -4.8633E+00
  13.118236    -4.7437E+00
  13.170341    -4.6275E+00
  13.222445    -4.5145E+00
  13.274549    -4.4049E+00
  13.326653    -4.2983E+00
  13.378758    -4.1947E+00
  13.430862    -4.0940E+00
  13.482966    -3.9962E+00
  13.535070    -3.9011E+00
  13.587174    -3.8086E+00
  13.639279    -3.7187E+00
  13.691383    -3.6312E+00
  13.743487    -3.5462E+00
  13.795591    -3.4634E+00
  13.847695    -3.3830E+00
  13.899800    -3.3047E+00
  13.951904    -3.2285E+00
  14.004008    -3.1544E+00
  14.056112    -3.0822E+00
  14.108216    -3.0120E+00
  14.160321    -2.9436E+00
  14.212425    -2.8771E+00
  14.264529    -2.8123E+00
  14.316633    -2.7492E+00
  14.368737    -2.6878E+00
  14.420842    -2.6280E+00
  14.472946    -2.5697E+00
  14.525050    -2.5129E+00
  14.577154    -2.4576E+00
  14.629259    -2.4037E+00
  14.681363    -2.3512E+00
  14.733467    -2.3001E+00
  14.785571    -2.2502E+00
  14.837675    -2.2016E+00
  14.889780    -2.1542E+00
  14.941884    -2.1080E+00
  14.993988    -2.0630E+00
  15.046092    -2.0191E+00
  15.098196    -1.9763E+00
  15.150301    -1.9345E+00
  15.202405    -1.8938E+00
  15.254509    -1.8540E+00
  15.306613    -1.8153E+00
  15.358717    -1.7775E+00
  15.410822    -1.7406E+00
  15.462926    -1.7046E+00
  15.515030    -1.6695E+00
  15.567134    -1.6352E+00
  15.619238    -1.6017E+00
  15.671343    -1.5691E+00
  15.723447    -1.5372E+00
  15.775551    -1.5061E+00
  15.827655    -1.4757E+00
  15.879760    -1.4460E+00
  15.931864    -1.4171E+00
  15.983968    -1.3888E+00
  16.036072    -1.3611E+00
  16.088176    -1.3342E+00
  16.140281    -1.3078E+00
  16.192385    -1.2820E+00
  16.244489    -1.2569E+00
  16.296593    -1.2323E+00
  16.348697    -1.2083E+00
  16.400802    -1.1848E+00
  16.452906    -1.1619E+00
  16.505010    -1.1394E+00
  16.557114    -1.1175E+00
  16.609218    -1.0961E+00
  16.661323    -1.0752E+00
  16.713427    -1.0547E+00
  16.765531    -1.0347E+00
  16.817635    -1.0151E+00
  16.869739    -9.9595E-01
  16.921844    -9.7723E-01
  16.973948    -9.5892E-01
  17.026052    -9.4101E-01
  17.078156    -9.2350E-01
  17.130261    -9.0636E-01
  17.182365    -8.8960E-01
  17.234469    -8.7320E-01
  17.286573    -8.5716E-01
  17.338677    -8.4145E-01
  17.390782    -8.2609E-01
  17.442886    -8.1105E-01
  17.494990    -7.9634E-01
  17.547094    -7.8193E-01
  17.599198    -7.6783E-01
  17.651303    -7.5403E-01
  17.703407    -7.4052E-01
  17.755511    -7.2729E-01
  17.807615    -7.1434E-01
  17.859719    -7.0166E-01
  17.911824    -6.8924E-01
  17.963928    -6.7707E-01
  18.016032    -6.6516E-01
  18.068136    -6.5350E-01
  18.120240    -6.4207E-01
  18.172345    -6.3088E-01
  18.224449    -6.1991E-01
  18.276553    -6.0917E-01
  18.328657    -5.9864E-01
  18.380762    -5.8833E-01
  18.432866    -5.7823E-01
  18.484970    -5.6832E-01
  18.537074    -5.5862E-01
  18.589178    -5.4911E-01
  18.641283    -5.3979E-01
  18.693387    -5.3065E-01
  18.745491    -5.2170E-01
  18.797595    -5.1292E-01
  18.849699    -5.0431E-01
  18.901804    -4.9588E-01
  18.953908    -4.8761E-01
  19.006012    -4.7949E-01
  19.058116    -4.7154E-01
  19.110220    -4.6374E-01
  19.162325    -4.5609E-01
  19.214429    -4.4859E-01
  19.266533    -4.4124E-01
  19.318637    -4.3402E-01
  19.370741    -4.2694E-01
  19.422846    -4.2000E-01
  19.474950    -4.1319E-01
  19.527054    -4.0650E-01
  19.579158    -3.9995E-01
  19.631263    -3.9351E-01
  19.683367    -3.8720E-01
  19.735471    -3.8101E-01
  19.787575    -3.7493E-01
  19.839679    -3.6897E-01
  19.891784    -3.6311E-01
  19.943888    -3.5737E-01
  19.995992    -3.5173E-01
  20.048096    -3.4619E-01
  20.100200    -3.4076E-01
  20.152305    -3.3542E-01
  20.204409    -3.3018E-01
  20.256513    -3.2504E-01
  20.308617    -3.1999E-01
  20.360721    -3.1504E-01
  20.412826    -3.1017E-01
  20.464930    -3.0539E-01
  20.517034    -3.0070E-01
  20.569138    -2.9609E-01
  20.621242    -2.9156E-01
  20.673347    -2.8712E-01
  20.725451    -2.8275E-01
  20.777555    -2.7846E-01
  20.829659    -2.7424E-01
  20.881764    -2.7011E-01
  20.933868    -2.6604E-01
  20.985972    -2.6204E-01
  21.038076    -2.5812E-01
  21.090180    -2.5426E-01
  21.142285    -2.5047E-01
  21.194389    -2.4675E-01
  21.246493    -2.4309E-01
  21.298597    -2.3949E-01
  21.350701    -2.3596E-01
  21.402806    -2.3249E-01
  21.454910    -2.2907E-01
  21.507014    -2.2572E-01
  21.559118    -2.2242E-01
  21.611222    -2.1918E-01
  21.663327    -2.1599E-01
  21.715431    -2.1286E-01
  21.767535    -2.0978E-01
  21.819639    -2.0675E-01
  21.871743    -2.0378E-01
  21.923848    -2.0085E-01
  21.975952    -1.9797E-01
  22.028056    -1.9514E-01
  22.080160    -1.9236E-01
  22.132265    -1.8962E-01
  22.184369    -1.8693E-01
  22.236473    -1.8428E-01
  22.288577    -1.8168E-01
  22.340681    -1.7912E-01
  22.392786    -1.7660E-01
  22.444890    -1.7413E-01
  22.496994    -1.7169E-01
  22.549098    -1.6929E-01
  22.601202    -1.6694E-01
  22.653307    -1.6462E-01
  22.705411    -1.6233E-01
  22.757515    -1.6009E-01
  22.809619    -1.5788E-01
  22.861723    -1.5571E-01
  22.913828    -1.5357E-01
  22.965932    -1.5146E-01
  23.018036    -1.4939E-01
  23.070140    -1.4735E-01
  23.122244    -1.4535E-01
  23.174349    -1.4338E-01
  23.226453    -1.4143E-01
  23.278557    -1.3952E-01
  23.330661    -1.3764E-01
  23.382766    -1.3579E-01
  23.434870    -1.3396E-01
  23.486974    -1.3217E-01
  23.539078    -1.3040E-01
  23.591182    -1.2866E-01
  23.643287    -1.2695E-01
  23.695391    -1.2526E-01
  23.747495    -1.2360E-01
  23.799599    -1.2197E-01
  23.851703    -1.2036E-01
  23.903808    -1.1878E-01
  23.955912    -1.1722E-01
  24.008016    -1.1568E-01
  24.060120    -1.1417E-01
  24.112224    -1.1268E-01
  24.164329    -1.1121E-01
  24.216433    -1.0977E-01
  24.268537    -1.0834E-01
  24.320641    -1.0694E-01
  24.372745    -1.0556E-01
  24.424850    -1.0420E-01
  24.476954    -1.0286E-01
  24.529058    -1.0154E-01
  24.581162    -1.0025E-01
  24.633267    -9.8965E-02
  24.685371    -9.7704E-02
  24.737475    -9.6461E-02
  24.789579    -9.5237E-02
  24.841683    -9.4031E-02
  24.893788    -9.2843E-02
  24.945892    -9.1672E-02
  24.997996    -9.0519E-02
  25.050100    -8.9382E-02
  25.102204    -8.8262E-02
  25.154309    -8.7158E-02
  25.206413    -8.6071E-02
  25.258517    -8.4999E-02
  25.310621    -8.3943E-02
  25.362725    -8.2902E-02
  25.414830    -8.1876E-02
  25.466934    -8.0864E-02
  25.519038    -7.9868E-02
  25.571142    -7.8885E-02
  25.623246    -7.7917E-02
  25.675351    -7.6962E-02
  25.727455    -7.6021E-02
  25.779559    -7.5094E-02
  25.831663    -7.4179E-02
  25.883768    -7.3278E-02
  25.935872    -7.2389E-02
  25.987976    -7.1513E-02
  26.040080    -7.0650E-02
  26.092184    -6.9798E-02
  26.144289    -6.8958E-02
  26.196393    -6.8130E-02
  26.248497    -6.7314E-02
  26.300601    -6.6509E-02
  26.352705    -6.5715E-02
  26.404810    -6.4932E-02
  26.456914    -6.4160E-02
  26.509018    -6.3399E-02
  26.561122    -6.2648E-02
  26.613226    -6.1908E-02
  26.665331    -6.1178E-02
  26.717435    -6.0458E-02
  26.769539    -5.9747E-02
  26.821643    -5.9047E-02
  26.873747    -5.8356E-02
  26.925852    -5.7674E-02
  26.977956    -5.7002E-02
  27.030060    -5.6339E-02
  27.082164    -5.5684E-02
  27.134269    -5.5039E-02
  27.186373    -5.4402E-02
  27.238477    -5.3774E-02
  27.290581    -5.3154E-02
  27.342685    -5.2543E-02
  27.394790    -5.1940E-02
  27.446894    -5.1345E-02
  27.498998    -5.0757E-02
  27.551102    -5.0178E-02
  27.603206    -4.9606E-02
  27.655311    -4.9042E-02
  27.707415    -4.8485E-02
  27.759519    -4.7936E-02
  27.811623    -4.7394E-02
  27.863727    -4.6859E-02
  27.915832    -4.6331E-02
  27.967936    -4.5810E-02
  28.020040    -4.5296E-02
  28.072144    -4.4789E-02
  28.124248    -4.4288E-02
  28.176353    -4.3793E-02
  28.228457    -4.3306E-02
  28.280561    -4.2824E-02
  28.332665    -4.2349E-02
  28.384770    -4.1879E-02
  28.436874    -4.1416E-02
  28.488978    -4.0959E-02
  28.541082    -4.0508E-02
  28.593186    -4.0062E-02
  28.645291    -3.9622E-02
  28.697395    -3.9188E-02
  28.749499    -3.8760E-02
  28.801603    -3.8336E-02
  28.853707    -3.7919E-02
  28.905812    -3.7506E-02
  28.957916    -3.7099E-02
  29.010020    -3.6696E-02
  29.062124    -3.6299E-02
  29.114228    -3.5907E-02
  29.166333    -3.5520E-02
  29.218437    -3.5138E-02
  29.270541    -3.4760E-02
  29.322645    -3.4388E-02
  29.374749    -3.4019E-02
  29.426854    -3.3656E-02
  29.478958    -3.3297E-02
  29.531062    -3.2942E-02
  29.583166    -3.2592E-02
  29.635271    -3.2246E-02
  29.687375    -3.1905E-02
  29.739479    -3.1567E-02
  29.791583    -3.1234E-02
  29.843687    -3.0905E-02
  29.895792    -3.0580E-02
  29.947896    -3.0259E-02
  30.000000    -2.9942E-02
  86.21242485
   4.000000     1.8961E+04
   4.052104     1.7346E+04
   4.104208     1.5851E+04
   4.156313     1.4468E+04
   4.208417     1.3191E+04
   4.260521     1.2014E+04
   4.312625     1.0931E+04
   4.364729     9.9360E+03
   4.416834     9.0225E+03
   4.468938     8.1849E+03
   4.521042     7.4177E+03
   4.573146     6.7156E+03
   4.625251     6.0738E+03
   4.677355     5.4875E+03
   4.729459     4.9523E+03
   4.781563     4.4643E+03
   4.833667     4.0195E+03
   4.885772     3.6145E+03
   4.937876     3.2459E+03
   4.989980     2.9107E+03
   5.042084     2.6061E+03
   5.094188     2.3295E+03
   5.146293     2.0784E+03
   5.198397     1.8508E+03
   5.250501     1.6446E+03
   5.302605     1.4578E+03
   5.354709     1.2889E+03
   5.406814     1.1362E+03
   5.458918     9.9820E+02
   5.511022     8.7371E+02
   5.563126     7.6148E+02
   5.615230     6.6039E+02
   5.667335     5.6945E+02
   5.719439     4.8773E+02
   5.771543     4.1438E+02
   5.823647     3.4864E+02
   5.875752     2.8979E+02
   5.927856     2.3720E+02
   5.979960     1.9029E+02
   6.032064     1.4851E+02
   6.084168     1.1139E+02
   6.136273     7.8476E+01
   6.188377     4.9367E+01
   6.240481     2.3694E+01
   6.292585     1.1248E+00
   6.344689    -1.8647E+01
   6.396794    -3.5897E+01
   6.448898    -5.0878E+01
   6.501002    -6.3817E+01
   6.553106    -7.4924E+01
   6.605210    -8.4386E+01
   6.657315    -9.2374E+01
   6.709419    -9.9044E+01
   6.761523    -1.0454E+02
   6.813627    -1.0898E+02
   6.865731    -1.1249E+02
   6.917836    -1.1516E+02
   6.969940    -1.1711E+02
   7.022044    -1.1840E+02
   7.074148    -1.1911E+02
   7.126253    -1.1933E+02
   7.178357    -1.1910E+02
   7.230461    -1.1849E+02
   7.282565    -1.1754E+02
   7.334669    -1.1631E+02
   7.386774    -1.1482E+02
   7.438878    -1.1313E+02
   7.490982    -1.1126E+02
   7.543086    -1.0924E+02
   7.595190    -1.0710E+02
   7.647295    -1.0486E+02
   7.699399    -1.0254E+02
   7.751503    -1.0016E+02
   7.803607    -9.7738E+01
   7.855711    -9.5288E+01
   7.907816    -9.2822E+01
   7.959920    -9.0350E+01
   8.012024    -8.7884E+01
   8.064128    -8.5431E+01
   8.116232    -8.2998E+01
   8.168337    -8.0592E+01
   8.220441    -7.8218E+01
   8.272545    -7.5882E+01
   8.324649    -7.3586E+01
   8.376754    -7.1334E+01
   8.428858    -6.9129E+01
   8.480962    -6.6973E+01
   8.533066    -6.4867E+01
   8.585170    -6.2813E+01
   8.637275    -6.0811E+01
   8.689379    -5.8863E+01
   8.741483    -5.6967E+01
   8.793587    -5.5126E+01
   8.845691    -5.3337E+01
   8.897796    -5.1601E+01
   8.949900    -4.9918E+01
   9.002004    -4.8287E+01
   9.054108    -4.6706E+01
   9.106212    -4.5176E+01
   9.158317    -4.3695E+01
   9.210421    -4.2262E+01
   9.262525    -4.0876E+01
   9.314629    -3.9536E+01
   9.366733    -3.8240E+01
   9.418838    -3.6989E+01
   9.470942    -3.5780E+01
   9.523046    -3.4612E+01
   9.575150    -3.3484E+01
   9.627255    -3.2396E+01
   9.679359    -3.1344E+01
   9.731463    -3.0330E+01
   9.783567    -2.9351E+01
   9.835671    -2.8406E+01
   9.887776    -2.7494E+01
   9.939880    -2.6613E+01
   9.991984    -2.5764E+01
  10.044088    -2.4945E+01
  10.096192    -2.4154E+01
  10.148297    -2.3392E+01
  10.200401    -2.2656E+01
  10.252505    -2.1945E+01
  10.304609    -2.1260E+01
  10.356713    -2.0599E+01
  10.408818    -1.9961E+01
  10.460922    -1.9345E+01
  10.513026    -1.8751E+01
  10.565130    -1.8177E+01
  10.617234    -1.7623E+01
  10.669339    -1.7089E+01
  10.721443    -1.6573E+01
  10.773547    -1.6075E+01
  10.825651    -1.5593E+01
  10.877756    -1.5129E+01
  10.929860    -1.4680E+01
  10.981964    -1.4247E+01
  11.034068    -1.3828E+01
  11.086172    -1.3423E+01
  11.138277    -1.3033E+01
  11.190381    -1.2655E+01
  11.242485    -1.2290E+01
  11.294589    -1.1937E+01
  11.346693    -1.1596E+01
  11.398798    -1.1266E+01
  11.450902    -1.0947E+01
  11.503006    -1.0638E+01
  11.555110    -1.0340E+01
  11.607214    -1.0051E+01
  11.659319    -9.7715E+00
  11.711423    -9.5012E+00
  11.763527    -9.2395E+00
  11.815631    -8.9862E+00
  11.867735    -8.7411E+00
  11.919840    -8.5037E+00
  11.971944    -8.2738E+00
  12.024048    -8.0511E+00
  12.076152    -7.8354E+00
  12.128257    -7.6265E+00
  12.180361    -7.4240E+00
  12.232465    -7.2279E+00
  12.284569    -7.0377E+00
  12.336673    -6.8534E+00
  12.388778    -6.6747E+00
  12.440882    -6.5014E+00
  12.492986    -6.3334E+00
  12.545090    -6.1705E+00
  12.597194    -6.0124E+00
  12.649299    -5.8591E+00
  12.701403    -5.7103E+00
  12.753507    -5.5659E+00
  12.805611    -5.4258E+00
  12.857715    -5.2898E+00
  12.909820    -5.1578E+00
  12.961924    -5.0296E+00
  13.014028    -4.9051E+00
  13.066132    -4.7842E+00
  13.118236    -4.6668E+00
  13.170341    -4.5528E+00
  13.222445    -4.4420E+00
  13.274549    -4.3343E+00
  13.326653    -4.2297E+00
  13.378758    -4.1280E+00
  13.430862    -4.0292E+00
  13.482966    -3.9332E+00
  13.535070    -3.8398E+00
  13.587174    -3.7490E+00
  13.639279    -3.6607E+00
  13.691383    -3.5748E+00
  13.743487    -3.4913E+00
  13.795591    -3.4100E+00
  13.847695    -3.3310E+00
  13.899800    -3.2541E+00
  13.951904    -3.1792E+00
  14.004008    -3.1064E+00
  14.056112    -3.0355E+00
  14.108216    -2.9665E+00
  14.160321    -2.8993E+00
  14.212425    -2.8339E+00
  14.264529    -2.7703E+00
  14.316633    -2.7082E+00
  14.368737    -2.6479E+00
  14.420842    -2.5890E+00
  14.472946    -2.5317E+00
  14.525050    -2.4759E+00
  14.577154    -2.4215E+00
  14.629259    -2.3686E+00
  14.681363    -2.3169E+00
  14.733467    -2.2666E+00
  14.785571    -2.2176E+00
  14.837675    -2.1697E+00
  14.889780    -2.1231E+00
  14.941884    -2.0777E+00
  14.993988    -2.0334E+00
  15.046092    -1.9902E+00
  15.098196    -1.9481E+00
  15.150301    -1.9070E+00
  15.202405    -1.8669E+00
  15.254509    -1.8278E+00
  15.306613    -1.7897E+00
  15.358717    -1.7525E+00
  15.410822    -1.7162E+00
  15.462926    -1.6808E+00
  15.515030    -1.6462E+00
  15.567134    -1.6124E+00
  15.619238    -1.5795E+00
  15.671343    -1.5474E+00
  15.723447    -1.5160E+00
  15.775551    -1.4853E+00
  15.827655    -1.4554E+00
  15.879760    -1.4262E+00
  15.931864    -1.3977E+00
  15.983968    -1.3698E+00
  16.036072    -1.3426E+00
  16.088176    -1.3160E+00
  16.140281    -1.2901E+00
  16.192385    -1.2647E+00
  16.244489    -1.2399E+00
  16.296593    -1.2157E+00
  16.348697    -1.1921E+00
  16.400802    -1.1689E+00
  16.452906    -1.1463E+00
  16.505010    -1.1242E+00
  16.557114    -1.1027E+00
  16.609218    -1.0816E+00
  16.661323    -1.0609E+00
  16.713427    -1.0407E+00
  16.765531    -1.0210E+00
  16.817635    -1.0017E+00
  16.869739    -9.8287E-01
  16.921844    -9.6443E-01
  16.973948    -9.4639E-01
  17.026052    -9.2874E-01
  17.078156    -9.1148E-01
  17.130261    -8.9459E-01
  17.182365    -8.7807E-01
  17.234469    -8.6191E-01
  17.286573    -8.4610E-01
  17.338677    -8.3062E-01
  17.390782    -8.1548E-01
  17.442886    -8.0065E-01
  17.494990    -7.8615E-01
  17.547094    -7.7195E-01
  17.599198    -7.5805E-01
  17.651303    -7.4444E-01
  17.703407    -7.3112E-01
  17.755511    -7.1808E-01
  17.807615    -7.0531E-01
  17.859719    -6.9280E-01
  17.911824    -6.8056E-01
  17.963928    -6.6856E-01
  18.016032    -6.5682E-01
  18.068136    -6.4531E-01
  18.120240    -6.3405E-01
  18.172345    -6.2301E-01
  18.224449    -6.1219E-01
  18.276553    -6.0160E-01
  18.328657    -5.9122E-01
  18.380762    -5.8105E-01
  18.432866    -5.7108E-01
  18.484970    -5.6132E-01
  18.537074    -5.5174E-01
  18.589178    -5.4236E-01
  18.641283    -5.3317E-01
  18.693387    -5.2416E-01
  18.745491    -5.1532E-01
  18.797595    -5.0666E-01
  18.849699    -4.9817E-01
  18.901804    -4.8985E-01
  18.953908    -4.8169E-01
  19.006012    -4.7369E-01
  19.058116    -4.6584E-01
  19.110220    -4.5814E-01
  19.162325    -4.5060E-01
  19.214429    -4.4320E-01
  19.266533    -4.3594E-01
  19.318637    -4.2882E-01
  19.370741    -4.2183E-01
  19.422846    -4.1498E-01
  19.474950    -4.0826E-01
  19.527054    -4.0166E-01
  19.579158    -3.9519E-01
  19.631263    -3.8884E-01
  19.683367    -3.8261E-01
  19.735471    -3.7650E-01
  19.787575    -3.7050E-01
  19.839679    -3.6461E-01
  19.891784    -3.5883E-01
  19.943888    -3.5316E-01
  19.995992    -3.4759E-01
  20.048096    -3.4213E-01
  20.100200    -3.3676E-01
  20.152305    -3.3150E-01
  20.204409    -3.2633E-01
  20.256513    -3.2125E-01
  20.308617    -3.1627E-01
  20.360721    -3.1137E-01
  20.412826    -3.0657E-01
  20.464930    -3.0185E-01
  20.517034    -2.9721E-01
  20.569138    -2.9266E-01
  20.621242    -2.8819E-01
  20.673347    -2.8380E-01
  20.725451    -2.7949E-01
  20.777555    -2.7525E-01
  20.829659    -2.7109E-01
  20.881764    -2.6700E-01
  20.933868    -2.6298E-01
  20.985972    -2.5904E-01
  21.038076    -2.5516E-01
  21.090180    -2.5135E-01
  21.142285    -2.4761E-01
  21.194389    -2.4393E-01
  21.246493    -2.4032E-01
  21.298597    -2.3676E-01
  21.350701    -2.3327E-01
  21.402806    -2.2984E-01
  21.454910    -2.2647E-01
  21.507014    -2.2316E-01
  21.559118    -2.1990E-01
  21.611222    -2.1669E-01
  21.663327    -2.1355E-01
  21.715431    -2.1045E-01
  21.767535    -2.0741E-01
  21.819639    -2.0442E-01
  21.871743    -2.0148E-01
  21.923848    -1.9858E-01
  21.975952    -1.9574E-01
  22.028056    -1.9294E-01
  22.080160    -1.9019E-01
  22.132265    -1.8749E-01
  22.184369    -1.8483E-01
  22.236473    -1.8221E-01
  22.288577    -1.7964E-01
  22.340681    -1.7711E-01
  22.392786    -1.7462E-01
  22.444890    -1.7218E-01
  22.496994    -1.6977E-01
  22.549098    -1.6740E-01
  22.601202    -1.6507E-01
  22.653307    -1.6278E-01
  22.705411    -1.6052E-01
  22.757515    -1.5830E-01
  22.809619    -1.5612E-01
  22.861723    -1.5397E-01
  22.913828    -1.5186E-01
  22.965932    -1.4977E-01
  23.018036    -1.4773E-01
  23.070140    -1.4571E-01
  23.122244    -1.4373E-01
  23.174349    -1.4178E-01
  23.226453    -1.3986E-01
  23.278557    -1.3797E-01
  23.330661    -1.3611E-01
  23.382766    -1.3428E-01
  23.434870    -1.3247E-01
  23.486974    -1.3070E-01
  23.539078    -1.2895E-01
  23.591182    -1.2723E-01
  23.643287    -1.2554E-01
  23.695391    -1.2387E-01
  23.747495    -1.2223E-01
  23.799599    -1.2062E-01
  23.851703    -1.1903E-01
  23.903808    -1.1746E-01
  23.955912    -1.1592E-01
  24.008016    -1.1440E-01
  24.060120    -1.1290E-01
  24.112224    -1.1143E-01
  24.164329    -1.0998E-01
  24.216433    -1.0855E-01
  24.268537    -1.0714E-01
  24.320641    -1.0576E-01
  24.372745    -1.0439E-01
  24.424850    -1.0305E-01
  24.476954    -1.0172E-01
  24.529058    -1.0042E-01
  24.581162    -9.9133E-02
  24.633267    -9.7867E-02
  24.685371    -9.6619E-02
  24.737475    -9.5390E-02
  24.789579    -9.4180E-02
  24.841683    -9.2987E-02
  24.893788    -9.1812E-02
  24.945892    -9.0654E-02
  24.997996    -8.9513E-02
  25.050100    -8.8389E-02
  25.102204    -8.7281E-02
  25.154309    -8.6189E-02
  25.206413    -8.5113E-02
  25.258517    -8.4053E-02
  25.310621    -8.3008E-02
  25.362725    -8.1979E-02
  25.414830    -8.0964E-02
  25.466934    -7.9963E-02
  25.519038    -7.8978E-02
  25.571142    -7.8006E-02
  25.623246    -7.7048E-02
  25.675351    -7.6104E-02
  25.727455    -7.5173E-02
  25.779559    -7.4255E-02
  25.831663    -7.3351E-02
  25.883768    -7.2459E-02
  25.935872    -7.1580E-02
  25.987976    -7.0713E-02
  26.040080    -6.9859E-02
  26.092184    -6.9017E-02
  26.144289    -6.8186E-02
  26.196393    -6.7367E-02
  26.248497    -6.6559E-02
  26.300601    -6.5763E-02
  26.352705    -6.4978E-02
  26.404810    -6.4203E-02
  26.456914    -6.3440E-02
  26.509018    -6.2687E-02
  26.561122    -6.1944E-02
  26.613226    -6.1211E-02
  26.665331    -6.0489E-02
  26.717435    -5.9777E-02
  26.769539    -5.9074E-02
  26.821643    -5.8381E-02
  26.873747    -5.7697E-02
  26.925852    -5.7023E-02
  26.977956    -5.6358E-02
  27.030060    -5.5701E-02
  27.082164    -5.5054E-02
  27.134269    -5.4416E-02
  27.186373    -5.3786E-02
  27.238477    -5.3164E-02
  27.290581    -5.2551E-02
  27.342685    -5.1946E-02
  27.394790    -5.1350E-02
  27.446894    -5.0761E-02
  27.498998    -5.0180E-02
  27.551102    -4.9607E-02
  27.603206    -4.9041E-02
  27.655311    -4.8483E-02
  27.707415    -4.7932E-02
  27.759519    -4.7389E-02
  27.811623    -4.6852E-02
  27.863727    -4.6323E-02
  27.915832    -4.5801E-02
  27.967936    -4.5285E-02
  28.020040    -4.4777E-02
  28.072144    -4.4275E-02
  28.124248    -4.3779E-02
  28.176353    -4.3290E-02
  28.228457    -4.2807E-02
  28.280561    -4.2331E-02
  28.332665    -4.1861E-02
  28.384770    -4.1396E-02
  28.436874    -4.0938E-02
  28.488978    -4.0486E-02
  28.541082    -4.0039E-02
  28.593186    -3.9599E-02
  28.645291    -3.9164E-02
  28.697395    -3.8734E-02
  28.749499    -3.8310E-02
  28.801603    -3.7891E-02
  28.853707    -3.7478E-02
  28.905812    -3.7070E-02
  28.957916    -3.6667E-02
  29.010020    -3.6269E-02
  29.062124    -3.5876E-02
  29.114228    -3.5488E-02
  29.166333    -3.5105E-02
  29.218437    -3.4727E-02
  29.270541    -3.4353E-02
  29.322645    -3.3985E-02
  29.374749    -3.3620E-02
  29.426854    -3.3261E-02
  29.478958    -3.2905E-02
  29.531062    -3.2555E-02
  29.583166    -3.2208E-02
  29.635271    -3.1866E-02
  29.687375    -3.1528E-02
  29.739479    -3.1194E-02
  29.791583    -3.0865E-02
  29.843687    -3.0539E-02
  29.895792    -3.0218E-02
  29.947896    -2.9900E-02
  30.000000    -2.9586E-02
  89.81963928
   4.000000     1.8977E+04
   4.052104     1.7324E+04
   4.104208     1.5802E+04
   4.156313     1.4401E+04
   4.208417     1.3114E+04
   4.260521     1.1932E+04
   4.312625     1.0847E+04
   4.364729     9.8522E+03
   4.416834     8.9410E+03
   4.468938     8.1068E+03
   4.521042     7.3438E+03
   4.573146     6.6462E+03
   4.625251     6.0089E+03
   4.677355     5.4272E+03
   4.729459     4.8964E+03
   4.781563     4.4125E+03
   4.833667     3.9716E+03
   4.885772     3.5702E+03
   4.937876     3.2049E+03
   4.989980     2.8727E+03
   5.042084     2.5709E+03
   5.094188     2.2968E+03
   5.146293     2.0481E+03
   5.198397     1.8226E+03
   5.250501     1.6183E+03
   5.302605     1.4333E+03
   5.354709     1.2660E+03
   5.406814     1.1148E+03
   5.458918     9.7826E+02
   5.511022     8.5508E+02
   5.563126     7.4408E+02
   5.615230     6.4415E+02
   5.667335     5.5429E+02
   5.719439     4.7360E+02
   5.771543     4.0122E+02
   5.823647     3.3640E+02
   5.875752     2.7843E+02
   5.927856     2.2668E+02
   5.979960     1.8056E+02
   6.032064     1.3954E+02
   6.084168     1.0313E+02
   6.136273     7.0901E+01
   6.188377     4.2440E+01
   6.240481     1.7382E+01
   6.292585    -4.6053E+00
   6.344689    -2.3826E+01
   6.396794    -4.0557E+01
   6.448898    -5.5048E+01
   6.501002    -6.7528E+01
   6.553106    -7.8203E+01
   6.605210    -8.7262E+01
   6.657315    -9.4874E+01
   6.709419    -1.0119E+02
   6.761523    -1.0636E+02
   6.813627    -1.1050E+02
   6.865731    -1.1373E+02
   6.917836    -1.1615E+02
   6.969940    -1.1786E+02
   7.022044    -1.1894E+02
   7.074148    -1.1946E+02
   7.126253    -1.1950E+02
   7.178357    -1.1911E+02
   7.230461    -1.1836E+02
   7.282565    -1.1728E+02
   7.334669    -1.1593E+02
   7.386774    -1.1435E+02
   7.438878    -1.1257E+02
   7.490982    -1.1062E+02
   7.543086    -1.0853E+02
   7.595190    -1.0634E+02
   7.647295    -1.0405E+02
   7.699399    -1.0169E+02
   7.751503    -9.9279E+01
   7.803607    -9.6833E+01
   7.855711    -9.4364E+01
   7.907816    -9.1884E+01
   7.959920    -8.9405E+01
   8.012024    -8.6934E+01
   8.064128    -8.4481E+01
   8.116232    -8.2053E+01
   8.168337    -7.9654E+01
   8.220441    -7.7290E+01
   8.272545    -7.4966E+01
   8.324649    -7.2684E+01
   8.376754    -7.0448E+01
   8.428858    -6.8261E+01
   8.480962    -6.6123E+01
   8.533066    -6.4036E+01
   8.585170    -6.2002E+01
   8.637275    -6.0022E+01
   8.689379    -5.8094E+01
   8.741483    -5.6221E+01
   8.793587    -5.4401E+01
   8.845691    -5.2634E+01
   8.897796    -5.0920E+01
   8.949900    -4.9258E+01
   9.002004    -4.7648E+01
   9.054108    -4.6088E+01
   9.106212    -4.4578E+01
   9.158317    -4.3117E+01
   9.210421    -4.1704E+01
   9.262525    -4.0337E+01
   9.314629    -3.9015E+01
   9.366733    -3.7738E+01
   9.418838    -3.6504E+01
   9.470942    -3.5312E+01
   9.523046    -3.4161E+01
   9.575150    -3.3049E+01
   9.627255    -3.1975E+01
   9.679359    -3.0939E+01
   9.731463    -2.9939E+01
   9.783567    -2.8973E+01
   9.835671    -2.8041E+01
   9.887776    -2.7142E+01
   9.939880    -2.6274E+01
   9.991984    -2.5436E+01
  10.044088    -2.4628E+01
  10.096192    -2.3848E+01
  10.148297    -2.3095E+01
  10.200401    -2.2369E+01
  10.252505    -2.1668E+01
  10.304609    -2.0992E+01
  10.356713    -2.0339E+01
  10.408818    -1.9710E+01
  10.460922    -1.9102E+01
  10.513026    -1.8515E+01
  10.565130    -1.7949E+01
  10.617234    -1.7402E+01
  10.669339    -1.6874E+01
  10.721443    -1.6365E+01
  10.773547    -1.5873E+01
  10.825651    -1.5398E+01
  10.877756    -1.4939E+01
  10.929860    -1.4495E+01
  10.981964    -1.4067E+01
  11.034068    -1.3654E+01
  11.086172    -1.3254E+01
  11.138277    -1.2868E+01
  11.190381    -1.2495E+01
  11.242485    -1.2134E+01
  11.294589    -1.1785E+01
  11.346693    -1.1448E+01
  11.398798    -1.1123E+01
  11.450902    -1.0807E+01
  11.503006    -1.0503E+01
  11.555110    -1.0208E+01
  11.607214    -9.9225E+00
  11.659319    -9.6466E+00
  11.711423    -9.3796E+00
  11.763527    -9.1211E+00
  11.815631    -8.8710E+00
  11.867735    -8.6289E+00
  11.919840    -8.3944E+00
  11.971944    -8.1674E+00
  12.024048    -7.9475E+00
  12.076152    -7.7346E+00
  12.128257    -7.5283E+00
  12.180361    -7.3284E+00
  12.232465    -7.1347E+00
  12.284569    -6.9470E+00
  12.336673    -6.7651E+00
  12.388778    -6.5888E+00
  12.440882    -6.4178E+00
  12.492986    -6.2520E+00
  12.545090    -6.0912E+00
  12.597194    -5.9352E+00
  12.649299    -5.7839E+00
  12.701403    -5.6372E+00
  12.753507    -5.4947E+00
  12.805611    -5.3565E+00
  12.857715    -5.2224E+00
  12.909820    -5.0922E+00
  12.961924    -4.9658E+00
  13.014028    -4.8430E+00
  13.066132    -4.7238E+00
  13.118236    -4.6081E+00
  13.170341    -4.4956E+00
  13.222445    -4.3864E+00
  13.274549    -4.2803E+00
  13.326653    -4.1771E+00
  13.378758    -4.0769E+00
  13.430862    -3.9795E+00
  13.482966    -3.8848E+00
  13.535070    -3.7928E+00
  13.587174    -3.7033E+00
  13.639279    -3.6163E+00
  13.691383    -3.5317E+00
  13.743487    -3.4493E+00
  13.795591    -3.3693E+00
  13.847695    -3.2914E+00
  13.899800    -3.2156E+00
  13.951904    -3.1418E+00
  14.004008    -3.0701E+00
  14.056112    -3.0002E+00
  14.108216    -2.9322E+00
  14.160321    -2.8660E+00
  14.212425    -2.8016E+00
  14.264529    -2.7388E+00
  14.316633    -2.6777E+00
  14.368737    -2.6182E+00
  14.420842    -2.5602E+00
  14.472946    -2.5037E+00
  14.525050    -2.4487E+00
  14.577154    -2.3951E+00
  14.629259    -2.3429E+00
  14.681363    -2.2920E+00
  14.733467    -2.2424E+00
  14.785571    -2.1940E+00
  14.837675    -2.1469E+00
  14.889780    -2.1009E+00
  14.941884    -2.0561E+00
  14.993988    -2.0124E+00
  15.046092    -1.9698E+00
  15.098196    -1.9283E+00
  15.150301    -1.8877E+00
  15.202405    -1.8482E+00
  15.254509    -1.8096E+00
  15.306613    -1.7720E+00
  15.358717    -1.7353E+00
  15.410822    -1.6995E+00
  15.462926    -1.6645E+00
  15.515030    -1.6304E+00
  15.567134    -1.5971E+00
  15.619238    -1.5645E+00
  15.671343    -1.5328E+00
  15.723447    -1.5018E+00
  15.775551    -1.4716E+00
  15.827655    -1.4420E+00
  15.879760    -1.4132E+00
  15.931864    -1.3850E+00
  15.983968    -1.3575E+00
  16.036072    -1.3306E+00
  16.088176    -1.3043E+00
  16.140281    -1.2786E+00
  16.192385    -1.2536E+00
  16.244489    -1.2291E+00
  16.296593    -1.2051E+00
  16.348697    -1.1817E+00
  16.400802    -1.1589E+00
  16.452906    -1.1365E+00
  16.505010    -1.1147E+00
  16.557114    -1.0933E+00
  16.609218    -1.0725E+00
  16.661323    -1.0520E+00
  16.713427    -1.0321E+00
  16.765531    -1.0126E+00
  16.817635    -9.9348E-01
  16.869739    -9.7481E-01
  16.921844    -9.5655E-01
  16.973948    -9.3869E-01
  17.026052    -9.2122E-01
  17.078156    -9.0413E-01
  17.130261    -8.8741E-01
  17.182365    -8.7105E-01
  17.234469    -8.5504E-01
  17.286573    -8.3937E-01
  17.338677    -8.2404E-01
  17.390782    -8.0903E-01
  17.442886    -7.9435E-01
  17.494990    -7.7997E-01
  17.547094    -7.6590E-01
  17.599198    -7.5213E-01
  17.651303    -7.3864E-01
  17.703407    -7.2543E-01
  17.755511    -7.1250E-01
  17.807615    -6.9984E-01
  17.859719    -6.8745E-01
  17.911824    -6.7530E-01
  17.963928    -6.6341E-01
  18.016032    -6.5176E-01
  18.068136    -6.4035E-01
  18.120240    -6.2918E-01
  18.172345    -6.1823E-01
  18.224449    -6.0750E-01
  18.276553    -5.9699E-01
  18.328657    -5.8669E-01
  18.380762    -5.7660E-01
  18.432866    -5.6672E-01
  18.484970    -5.5703E-01
  18.537074    -5.4753E-01
  18.589178    -5.3822E-01
  18.641283    -5.2910E-01
  18.693387    -5.2015E-01
  18.745491    -5.1138E-01
  18.797595    -5.0279E-01
  18.849699    -4.9436E-01
  18.901804    -4.8610E-01
  18.953908    -4.7800E-01
  19.006012    -4.7006E-01
  19.058116    -4.6227E-01
  19.110220    -4.5463E-01
  19.162325    -4.4714E-01
  19.214429    -4.3979E-01
  19.266533    -4.3258E-01
  19.318637    -4.2551E-01
  19.370741    -4.1858E-01
  19.422846    -4.1177E-01
  19.474950    -4.0510E-01
  19.527054    -3.9855E-01
  19.579158    -3.9213E-01
  19.631263    -3.8582E-01
  19.683367    -3.7964E-01
  19.735471    -3.7357E-01
  19.787575    -3.6761E-01
  19.839679    -3.6176E-01
  19.891784    -3.5603E-01
  19.943888    -3.5039E-01
  19.995992    -3.4487E-01
  20.048096    -3.3944E-01
  20.100200    -3.3411E-01
  20.152305    -3.2888E-01
  20.204409    -3.2375E-01
  20.256513    -3.1871E-01
  20.308617    -3.1376E-01
  20.360721    -3.0890E-01
  20.412826    -3.0413E-01
  20.464930    -2.9945E-01
  20.517034    -2.9484E-01
  20.569138    -2.9033E-01
  20.621242    -2.8589E-01
  20.673347    -2.8153E-01
  20.725451    -2.7725E-01
  20.777555    -2.7304E-01
  20.829659    -2.6891E-01
  20.881764    -2.6485E-01
  20.933868    -2.6086E-01
  20.985972    -2.5695E-01
  21.038076    -2.5310E-01
  21.090180    -2.4932E-01
  21.142285    -2.4560E-01
  21.194389    -2.4195E-01
  21.246493    -2.3836E-01
  21.298597    -2.3484E-01
  21.350701    -2.3137E-01
  21.402806    -2.2797E-01
  21.454910    -2.2462E-01
  21.507014    -2.2133E-01
  21.559118    -2.1810E-01
  21.611222    -2.1492E-01
  21.663327    -2.1179E-01
  21.715431    -2.0872E-01
  21.767535    -2.0570E-01
  21.819639    -2.0273E-01
  21.871743    -1.9981E-01
  21.923848    -1.9695E-01
  21.975952    -1.9412E-01
  22.028056    -1.9135E-01
  22.080160    -1.8862E-01
  22.132265    -1.8594E-01
  22.184369    -1.8330E-01
  22.236473    -1.8070E-01
  22.288577    -1.7815E-01
  22.340681    -1.7564E-01
  22.392786    -1.7317E-01
  22.444890    -1.7075E-01
  22.496994    -1.6836E-01
  22.549098    -1.6601E-01
  22.601202    -1.6370E-01
  22.653307    -1.6142E-01
  22.705411    -1.5918E-01
  22.757515    -1.5698E-01
  22.809619    -1.5482E-01
  22.861723    -1.5269E-01
  22.913828    -1.5059E-01
  22.965932    -1.4853E-01
  23.018036    -1.4650E-01
  23.070140    -1.4450E-01
  23.122244    -1.4253E-01
  23.174349    -1.4060E-01
  23.226453    -1.3870E-01
  23.278557    -1.3682E-01
  23.330661    -1.3498E-01
  23.382766    -1.3316E-01
  23.434870    -1.3137E-01
  23.486974    -1.2962E-01
  23.539078    -1.2788E-01
  23.591182    -1.2618E-01
  23.643287    -1.2450E-01
  23.695391    -1.2285E-01
  23.747495    -1.2122E-01
  23.799599    -1.1962E-01
  23.851703    -1.1804E-01
  23.903808    -1.1649E-01
  23.955912    -1.1496E-01
  24.008016    -1.1346E-01
  24.060120    -1.1197E-01
  24.112224    -1.1051E-01
  24.164329    -1.0908E-01
  24.216433    -1.0766E-01
  24.268537    -1.0627E-01
  24.320641    -1.0489E-01
  24.372745    -1.0354E-01
  24.424850    -1.0221E-01
  24.476954    -1.0089E-01
  24.529058    -9.9602E-02
  24.581162    -9.8328E-02
  24.633267    -9.7074E-02
  24.685371    -9.5838E-02
  24.737475    -9.4620E-02
  24.789579    -9.3421E-02
  24.841683    -9.2239E-02
  24.893788    -9.1075E-02
  24.945892    -8.9928E-02
  24.997996    -8.8797E-02
  25.050100    -8.7683E-02
  25.102204    -8.6586E-02
  25.154309    -8.5504E-02
  25.206413    -8.4439E-02
  25.258517    -8.3388E-02
  25.310621    -8.2353E-02
  25.362725    -8.1333E-02
  25.414830    -8.0328E-02
  25.466934    -7.9337E-02
  25.519038    -7.8360E-02
  25.571142    -7.7398E-02
  25.623246    -7.6449E-02
  25.675351    -7.5514E-02
  25.727455    -7.4592E-02
  25.779559    -7.3683E-02
  25.831663    -7.2787E-02
  25.883768    -7.1904E-02
  25.935872    -7.1033E-02
  25.987976    -7.0175E-02
  26.040080    -6.9328E-02
  26.092184    -6.8494E-02
  26.144289    -6.7671E-02
  26.196393    -6.6860E-02
  26.248497    -6.6060E-02
  26.300601    -6.5271E-02
  26.352705    -6.4494E-02
  26.404810    -6.3727E-02
  26.456914    -6.2970E-02
  26.509018    -6.2225E-02
  26.561122    -6.1489E-02
  26.613226    -6.0764E-02
  26.665331    -6.0048E-02
  26.717435    -5.9343E-02
  26.769539    -5.8647E-02
  26.821643    -5.7960E-02
  26.873747    -5.7283E-02
  26.925852    -5.6615E-02
  26.977956    -5.5956E-02
  27.030060    -5.5307E-02
  27.082164    -5.4666E-02
  27.134269    -5.4033E-02
  27.186373    -5.3409E-02
  27.238477    -5.2794E-02
  27.290581    -5.2187E-02
  27.342685    -5.1587E-02
  27.394790    -5.0996E-02
  27.446894    -5.0413E-02
  27.498998    -4.9838E-02
  27.551102    -4.9270E-02
  27.603206    -4.8710E-02
  27.655311    -4.8157E-02
  27.707415    -4.7612E-02
  27.759519    -4.7074E-02
  27.811623    -4.6542E-02
  27.863727    -4.6018E-02
  27.915832    -4.5501E-02
  27.967936    -4.4990E-02
  28.020040    -4.4487E-02
  28.072144    -4.3989E-02
  28.124248    -4.3498E-02
  28.176353    -4.3014E-02
  28.228457    -4.2536E-02
  28.280561    -4.2064E-02
  28.332665    -4.1598E-02
  28.384770    -4.1138E-02
  28.436874    -4.0685E-02
  28.488978    -4.0236E-02
  28.541082    -3.9794E-02
  28.593186    -3.9358E-02
  28.645291    -3.8927E-02
  28.697395    -3.8501E-02
  28.749499    -3.8081E-02
  28.801603    -3.7666E-02
  28.853707    -3.7257E-02
  28.905812    -3.6852E-02
  28.957916    -3.6453E-02
  29.010020    -3.6059E-02
  29.062124    -3.5670E-02
  29.114228    -3.5285E-02
  29.166333    -3.4906E-02
  29.218437    -3.4531E-02
  29.270541    -3.4161E-02
  29.322645    -3.3796E-02
  29.374749    -3.3435E-02
  29.426854    -3.3079E-02
  29.478958    -3.2727E-02
  29.531062    -3.2379E-02
  29.583166    -3.2036E-02
  29.635271    -3.1697E-02
  29.687375    -3.1362E-02
  29.739479    -3.1031E-02
  29.791583    -3.0705E-02
  29.843687    -3.0382E-02
  29.895792    -3.0063E-02
  29.947896    -2.9748E-02
  30.000000    -2.9437E-02
  93.42685371
   4.000000     1.9264E+04
   4.052104     1.7543E+04
   4.104208     1.5969E+04
   4.156313     1.4529E+04
   4.208417     1.3213E+04
   4.260521     1.2008E+04
   4.312625     1.0907E+04
   4.364729     9.9008E+03
   4.416834     8.9807E+03
   4.468938     8.1400E+03
   4.521042     7.3720E+03
   4.573146     6.6707E+03
   4.625251     6.0305E+03
   4.677355     5.4465E+03
   4.729459     4.9138E+03
   4.781563     4.4283E+03
   4.833667     3.9859E+03
   4.885772     3.5831E+03
   4.937876     3.2166E+03
   4.989980     2.8832E+03
   5.042084     2.5802E+03
   5.094188     2.3050E+03
   5.146293     2.0552E+03
   5.198397     1.8287E+03
   5.250501     1.6234E+03
   5.302605     1.4374E+03
   5.354709     1.2693E+03
   5.406814     1.1172E+03
   5.458918     9.7996E+02
   5.511022     8.5611E+02
   5.563126     7.4451E+02
   5.615230     6.4405E+02
   5.667335     5.5374E+02
   5.719439     4.7265E+02
   5.771543     3.9995E+02
   5.823647     3.3486E+02
   5.875752     2.7667E+02
   5.927856     2.2476E+02
   5.979960     1.7852E+02
   6.032064     1.3742E+02
   6.084168     1.0098E+02
   6.136273     6.8744E+01
   6.188377     4.0307E+01
   6.240481     1.5298E+01
   6.292585    -6.6194E+00
   6.344689    -2.5753E+01
   6.396794    -4.2383E+01
   6.448898    -5.6762E+01
   6.501002    -6.9122E+01
   6.553106    -7.9671E+01
   6.605210    -8.8600E+01
   6.657315    -9.6081E+01
   6.709419    -1.0227E+02
   6.761523    -1.0731E+02
   6.813627    -1.1132E+02
   6.865731    -1.1443E+02
   6.917836    -1.1673E+02
   6.969940    -1.1833E+02
   7.022044    -1.1930E+02
   7.074148    -1.1972E+02
   7.126253    -1.1966E+02
   7.178357    -1.1919E+02
   7.230461    -1.1835E+02
   7.282565    -1.1721E+02
   7.334669    -1.1579E+02
   7.386774    -1.1415E+02
   7.438878    -1.1231E+02
   7.490982    -1.1031E+02
   7.543086    -1.0818E+02
   7.595190    -1.0595E+02
   7.647295    -1.0363E+02
   7.699399    -1.0124E+02
   7.751503    -9.8811E+01
   7.803607    -9.6346E+01
   7.855711    -9.3863E+01
   7.907816    -9.1372E+01
   7.959920    -8.8885E+01
   8.012024    -8.6410E+01
   8.064128    -8.3955E+01
   8.116232    -8.1526E+01
   8.168337    -7.9130E+01
   8.220441    -7.6771E+01
   8.272545    -7.4452E+01
   8.324649    -7.2178E+01
   8.376754    -6.9951E+01
   8.428858    -6.7773E+01
   8.480962    -6.5646E+01
   8.533066    -6.3571E+01
   8.585170    -6.1549E+01
   8.637275    -5.9581E+01
   8.689379    -5.7666E+01
   8.741483    -5.5806E+01
   8.793587    -5.3999E+01
   8.845691    -5.2245E+01
   8.897796    -5.0544E+01
   8.949900    -4.8895E+01
   9.002004    -4.7298E+01
   9.054108    -4.5751E+01
   9.106212    -4.4254E+01
   9.158317    -4.2804E+01
   9.210421    -4.1403E+01
   9.262525    -4.0047E+01
   9.314629    -3.8737E+01
   9.366733    -3.7471E+01
   9.418838    -3.6247E+01
   9.470942    -3.5065E+01
   9.523046    -3.3923E+01
   9.575150    -3.2821E+01
   9.627255    -3.1756E+01
   9.679359    -3.0728E+01
   9.731463    -2.9736E+01
   9.783567    -2.8778E+01
   9.835671    -2.7853E+01
   9.887776    -2.6961E+01
   9.939880    -2.6099E+01
   9.991984    -2.5268E+01
  10.044088    -2.4466E+01
  10.096192    -2.3692E+01
  10.148297    -2.2945E+01
  10.200401    -2.2223E+01
  10.252505    -2.1528E+01
  10.304609    -2.0856E+01
  10.356713    -2.0208E+01
  10.408818    -1.9582E+01
  10.460922    -1.8978E+01
  10.513026    -1.8395E+01
  10.565130    -1.7833E+01
  10.617234    -1.7289E+01
  10.669339    -1.6765E+01
  10.721443    -1.6259E+01
  10.773547    -1.5769E+01
  10.825651    -1.5297E+01
  10.877756    -1.4841E+01
  10.929860    -1.4400E+01
  10.981964    -1.3975E+01
  11.034068    -1.3564E+01
  11.086172    -1.3166E+01
  11.138277    -1.2782E+01
  11.190381    -1.2411E+01
  11.242485    -1.2053E+01
  11.294589    -1.1706E+01
  11.346693    -1.1371E+01
  11.398798    -1.1047E+01
  11.450902    -1.0733E+01
  11.503006    -1.0430E+01
  11.555110    -1.0137E+01
  11.607214    -9.8535E+00
  11.659319    -9.5792E+00
  11.711423    -9.3137E+00
  11.763527    -9.0568E+00
  11.815631    -8.8081E+00
  11.867735    -8.5674E+00
  11.919840    -8.3344E+00
  11.971944    -8.1087E+00
  12.024048    -7.8902E+00
  12.076152    -7.6786E+00
  12.128257    -7.4736E+00
  12.180361    -7.2750E+00
  12.232465    -7.0825E+00
  12.284569    -6.8961E+00
  12.336673    -6.7153E+00
  12.388778    -6.5402E+00
  12.440882    -6.3703E+00
  12.492986    -6.2057E+00
  12.545090    -6.0460E+00
  12.597194    -5.8912E+00
  12.649299    -5.7410E+00
  12.701403    -5.5952E+00
  12.753507    -5.4539E+00
  12.805611    -5.3167E+00
  12.857715    -5.1835E+00
  12.909820    -5.0543E+00
  12.961924    -4.9289E+00
  13.014028    -4.8071E+00
  13.066132    -4.6888E+00
  13.118236    -4.5740E+00
  13.170341    -4.4624E+00
  13.222445    -4.3541E+00
  13.274549    -4.2488E+00
  13.326653    -4.1466E+00
  13.378758    -4.0472E+00
  13.430862    -3.9506E+00
  13.482966    -3.8567E+00
  13.535070    -3.7654E+00
  13.587174    -3.6767E+00
  13.639279    -3.5904E+00
  13.691383    -3.5065E+00
  13.743487    -3.4249E+00
  13.795591    -3.3456E+00
  13.847695    -3.2684E+00
  13.899800    -3.1932E+00
  13.951904    -3.1201E+00
  14.004008    -3.0490E+00
  14.056112    -2.9798E+00
  14.108216    -2.9124E+00
  14.160321    -2.8468E+00
  14.212425    -2.7829E+00
  14.264529    -2.7207E+00
  14.316633    -2.6601E+00
  14.368737    -2.6011E+00
  14.420842    -2.5437E+00
  14.472946    -2.4877E+00
  14.525050    -2.4332E+00
  14.577154    -2.3801E+00
  14.629259    -2.3283E+00
  14.681363    -2.2778E+00
  14.733467    -2.2287E+00
  14.785571    -2.1807E+00
  14.837675    -2.1340E+00
  14.889780    -2.0884E+00
  14.941884    -2.0440E+00
  14.993988    -2.0007E+00
  15.046092    -1.9585E+00
  15.098196    -1.9173E+00
  15.150301    -1.8771E+00
  15.202405    -1.8379E+00
  15.254509    -1.7996E+00
  15.306613    -1.7623E+00
  15.358717    -1.7259E+00
  15.410822    -1.6904E+00
  15.462926    -1.6557E+00
  15.515030    -1.6218E+00
  15.567134    -1.5888E+00
  15.619238    -1.5565E+00
  15.671343    -1.5250E+00
  15.723447    -1.4943E+00
  15.775551    -1.4643E+00
  15.827655    -1.4349E+00
  15.879760    -1.4063E+00
  15.931864    -1.3783E+00
  15.983968    -1.3510E+00
  16.036072    -1.3243E+00
  16.088176    -1.2982E+00
  16.140281    -1.2727E+00
  16.192385    -1.2478E+00
  16.244489    -1.2235E+00
  16.296593    -1.1997E+00
  16.348697    -1.1765E+00
  16.400802    -1.1538E+00
  16.452906    -1.1316E+00
  16.505010    -1.1099E+00
  16.557114    -1.0887E+00
  16.609218    -1.0679E+00
  16.661323    -1.0476E+00
  16.713427    -1.0278E+00
  16.765531    -1.0084E+00
  16.817635    -9.8940E-01
  16.869739    -9.7084E-01
  16.921844    -9.5269E-01
  16.973948    -9.3493E-01
  17.026052    -9.1755E-01
  17.078156    -9.0055E-01
  17.130261    -8.8392E-01
  17.182365    -8.6765E-01
  17.234469    -8.5172E-01
  17.286573    -8.3613E-01
  17.338677    -8.2088E-01
  17.390782    -8.0595E-01
  17.442886    -7.9133E-01
  17.494990    -7.7703E-01
  17.547094    -7.6302E-01
  17.599198    -7.4931E-01
  17.651303    -7.3589E-01
  17.703407    -7.2274E-01
  17.755511    -7.0987E-01
  17.807615    -6.9727E-01
  17.859719    -6.8492E-01
  17.911824    -6.7283E-01
  17.963928    -6.6099E-01
  18.016032    -6.4939E-01
  18.068136    -6.3803E-01
  18.120240    -6.2690E-01
  18.172345    -6.1599E-01
  18.224449    -6.0531E-01
  18.276553    -5.9484E-01
  18.328657    -5.8458E-01
  18.380762    -5.7453E-01
  18.432866    -5.6468E-01
  18.484970    -5.5502E-01
  18.537074    -5.4556E-01
  18.589178    -5.3629E-01
  18.641283    -5.2720E-01
  18.693387    -5.1828E-01
  18.745491    -5.0955E-01
  18.797595    -5.0098E-01
  18.849699    -4.9259E-01
  18.901804    -4.8435E-01
  18.953908    -4.7628E-01
  19.006012    -4.6836E-01
  19.058116    -4.6060E-01
  19.110220    -4.5299E-01
  19.162325    -4.4552E-01
  19.214429    -4.3820E-01
  19.266533    -4.3101E-01
  19.318637    -4.2397E-01
  19.370741    -4.1705E-01
  19.422846    -4.1027E-01
  19.474950    -4.0362E-01
  19.527054    -3.9709E-01
  19.579158    -3.9069E-01
  19.631263    -3.8441E-01
  19.683367    -3.7824E-01
  19.735471    -3.7219E-01
  19.787575    -3.6625E-01
  19.839679    -3.6042E-01
  19.891784    -3.5471E-01
  19.943888    -3.4909E-01
  19.995992    -3.4358E-01
  20.048096    -3.3817E-01
  20.100200    -3.3286E-01
  20.152305    -3.2765E-01
  20.204409    -3.2253E-01
  20.256513    -3.1751E-01
  20.308617    -3.1258E-01
  20.360721    -3.0773E-01
  20.412826    -3.0298E-01
  20.464930    -2.9831E-01
  20.517034    -2.9372E-01
  20.569138    -2.8922E-01
  20.621242    -2.8479E-01
  20.673347    -2.8045E-01
  20.725451    -2.7618E-01
  20.777555    -2.7199E-01
  20.829659    -2.6787E-01
  20.881764    -2.6383E-01
  20.933868    -2.5985E-01
  20.985972    -2.5595E-01
  21.038076    -2.5211E-01
  21.090180    -2.4835E-01
  21.142285    -2.4464E-01
  21.194389    -2.4100E-01
  21.246493    -2.3743E-01
  21.298597    -2.3392E-01
  21.350701    -2.3046E-01
  21.402806    -2.2707E-01
  21.454910    -2.2374E-01
  21.507014    -2.2046E-01
  21.559118    -2.1724E-01
  21.611222    -2.1407E-01
  21.663327    -2.1096E-01
  21.715431    -2.0790E-01
  21.767535    -2.0489E-01
  21.819639    -2.0193E-01
  21.871743    -1.9902E-01
  21.923848    -1.9617E-01
  21.975952    -1.9335E-01
  22.028056    -1.9059E-01
  22.080160    -1.8787E-01
  22.132265    -1.8520E-01
  22.184369    -1.8257E-01
  22.236473    -1.7999E-01
  22.288577    -1.7745E-01
  22.340681    -1.7495E-01
  22.392786    -1.7249E-01
  22.444890    -1.7007E-01
  22.496994    -1.6769E-01
  22.549098    -1.6535E-01
  22.601202    -1.6305E-01
  22.653307    -1.6079E-01
  22.705411    -1.5856E-01
  22.757515    -1.5637E-01
  22.809619    -1.5421E-01
  22.861723    -1.5209E-01
  22.913828    -1.5000E-01
  22.965932    -1.4795E-01
  23.018036    -1.4593E-01
  23.070140    -1.4394E-01
  23.122244    -1.4198E-01
  23.174349    -1.4005E-01
  23.226453    -1.3816E-01
  23.278557    -1.3629E-01
  23.330661    -1.3446E-01
  23.382766    -1.3265E-01
  23.434870    -1.3087E-01
  23.486974    -1.2912E-01
  23.539078    -1.2740E-01
  23.591182    -1.2570E-01
  23.643287    -1.2403E-01
  23.695391    -1.2238E-01
  23.747495    -1.2076E-01
  23.799599    -1.1917E-01
  23.851703    -1.1760E-01
  23.903808    -1.1606E-01
  23.955912    -1.1453E-01
  24.008016    -1.1304E-01
  24.060120    -1.1156E-01
  24.112224    -1.1011E-01
  24.164329    -1.0868E-01
  24.216433    -1.0727E-01
  24.268537    -1.0588E-01
  24.320641    -1.0451E-01
  24.372745    -1.0317E-01
  24.424850    -1.0184E-01
  24.476954    -1.0054E-01
  24.529058    -9.9250E-02
  24.581162    -9.7983E-02
  24.633267    -9.6734E-02
  24.685371    -9.5505E-02
  24.737475    -9.4294E-02
  24.789579    -9.3100E-02
  24.841683    -9.1924E-02
  24.893788    -9.0766E-02
  24.945892    -8.9625E-02
  24.997996    -8.8500E-02
  25.050100    -8.7392E-02
  25.102204    -8.6300E-02
  25.154309    -8.5224E-02
  25.206413    -8.4164E-02
  25.258517    -8.3119E-02
  25.310621    -8.2089E-02
  25.362725    -8.1075E-02
  25.414830    -8.0075E-02
  25.466934    -7.9089E-02
  25.519038    -7.8117E-02
  25.571142    -7.7160E-02
  25.623246    -7.6216E-02
  25.675351    -7.5285E-02
  25.727455    -7.4368E-02
  25.779559    -7.3464E-02
  25.831663    -7.2573E-02
  25.883768    -7.1695E-02
  25.935872    -7.0828E-02
  25.987976    -6.9975E-02
  26.040080    -6.9133E-02
  26.092184    -6.8303E-02
  26.144289    -6.7484E-02
  26.196393    -6.6677E-02
  26.248497    -6.5882E-02
  26.300601    -6.5097E-02
  26.352705    -6.4323E-02
  26.404810    -6.3561E-02
  26.456914    -6.2808E-02
  26.509018    -6.2066E-02
  26.561122    -6.1335E-02
  26.613226    -6.0613E-02
  26.665331    -5.9901E-02
  26.717435    -5.9199E-02
  26.769539    -5.8507E-02
  26.821643    -5.7824E-02
  26.873747    -5.7151E-02
  26.925852    -5.6486E-02
  26.977956    -5.5831E-02
  27.030060    -5.5185E-02
  27.082164    -5.4547E-02
  27.134269    -5.3918E-02
  27.186373    -5.3297E-02
  27.238477    -5.2685E-02
  27.290581    -5.2081E-02
  27.342685    -5.1485E-02
  27.394790    -5.0897E-02
  27.446894    -5.0317E-02
  27.498998    -4.9744E-02
  27.551102    -4.9180E-02
  27.603206    -4.8622E-02
  27.655311    -4.8072E-02
  27.707415    -4.7530E-02
  27.759519    -4.6994E-02
  27.811623    -4.6466E-02
  27.863727    -4.5944E-02
  27.915832    -4.5430E-02
  27.967936    -4.4922E-02
  28.020040    -4.4420E-02
  28.072144    -4.3926E-02
  28.124248    -4.3437E-02
  28.176353    -4.2955E-02
  28.228457    -4.2480E-02
  28.280561    -4.2010E-02
  28.332665    -4.1547E-02
  28.384770    -4.1089E-02
  28.436874    -4.0637E-02
  28.488978    -4.0192E-02
  28.541082    -3.9751E-02
  28.593186    -3.9317E-02
  28.645291    -3.8888E-02
  28.697395    -3.8465E-02
  28.749499    -3.8046E-02
  28.801603    -3.7634E-02
  28.853707    -3.7226E-02
  28.905812    -3.6824E-02
  28.957916    -3.6426E-02
  29.010020    -3.6034E-02
  29.062124    -3.5647E-02
  29.114228    -3.5264E-02
  29.166333    -3.4887E-02
  29.218437    -3.4514E-02
  29.270541    -3.4145E-02
  29.322645    -3.3782E-02
  29.374749    -3.3422E-02
  29.426854    -3.3068E-02
  29.478958    -3.2717E-02
  29.531062    -3.2371E-02
  29.583166    -3.2030E-02
  29.635271    -3.1692E-02
  29.687375    -3.1359E-02
  29.739479    -3.1029E-02
  29.791583    -3.0704E-02
  29.843687    -3.0383E-02
  29.895792    -3.0066E-02
  29.947896    -2.9752E-02
  30.000000    -2.9443E-02
  97.03406814
   4.000000     1.9682E+04
   4.052104     1.7918E+04
   4.104208     1.6306E+04
   4.156313     1.4831E+04
   4.208417     1.3483E+04
   4.260521     1.2250E+04
   4.312625     1.1124E+04
   4.364729     1.0094E+04
   4.416834     9.1534E+03
   4.468938     8.2940E+03
   4.521042     7.5093E+03
   4.573146     6.7929E+03
   4.625251     6.1393E+03
   4.677355     5.5432E+03
   4.729459     4.9997E+03
   4.781563     4.5045E+03
   4.833667     4.0534E+03
   4.885772     3.6429E+03
   4.937876     3.2694E+03
   4.989980     2.9299E+03
   5.042084     2.6214E+03
   5.094188     2.3413E+03
   5.146293     2.0871E+03
   5.198397     1.8567E+03
   5.250501     1.6480E+03
   5.302605     1.4590E+03
   5.354709     1.2881E+03
   5.406814     1.1337E+03
   5.458918     9.9427E+02
   5.511022     8.6854E+02
   5.563126     7.5528E+02
   5.615230     6.5336E+02
   5.667335     5.6176E+02
   5.719439     4.7954E+02
   5.771543     4.0584E+02
   5.823647     3.3988E+02
   5.875752     2.8093E+02
   5.927856     2.2835E+02
   5.979960     1.8153E+02
   6.032064     1.3993E+02
   6.084168     1.0306E+02
   6.136273     7.0442E+01
   6.188377     4.1680E+01
   6.240481     1.6392E+01
   6.292585    -5.7636E+00
   6.344689    -2.5100E+01
   6.396794    -4.1902E+01
   6.448898    -5.6426E+01
   6.501002    -6.8907E+01
   6.553106    -7.9556E+01
   6.605210    -8.8568E+01
   6.657315    -9.6116E+01
   6.709419    -1.0236E+02
   6.761523    -1.0744E+02
   6.813627    -1.1149E+02
   6.865731    -1.1462E+02
   6.917836    -1.1694E+02
   6.969940    -1.1854E+02
   7.022044    -1.1952E+02
   7.074148    -1.1994E+02
   7.126253    -1.1988E+02
   7.178357    -1.1940E+02
   7.230461    -1.1856E+02
   7.282565    -1.1740E+02
   7.334669    -1.1598E+02
   7.386774    -1.1432E+02
   7.438878    -1.1247E+02
   7.490982    -1.1047E+02
   7.543086    -1.0832E+02
   7.595190    -1.0608E+02
   7.647295    -1.0374E+02
   7.699399    -1.0135E+02
   7.751503    -9.8901E+01
   7.803607    -9.6425E+01
   7.855711    -9.3930E+01
   7.907816    -9.1429E+01
   7.959920    -8.8932E+01
   8.012024    -8.6447E+01
   8.064128    -8.3983E+01
   8.116232    -8.1546E+01
   8.168337    -7.9142E+01
   8.220441    -7.6776E+01
   8.272545    -7.4451E+01
   8.324649    -7.2171E+01
   8.376754    -6.9938E+01
   8.428858    -6.7755E+01
   8.480962    -6.5624E+01
   8.533066    -6.3545E+01
   8.585170    -6.1519E+01
   8.637275    -5.9547E+01
   8.689379    -5.7630E+01
   8.741483    -5.5767E+01
   8.793587    -5.3958E+01
   8.845691    -5.2202E+01
   8.897796    -5.0500E+01
   8.949900    -4.8850E+01
   9.002004    -4.7252E+01
   9.054108    -4.5704E+01
   9.106212    -4.4206E+01
   9.158317    -4.2757E+01
   9.210421    -4.1355E+01
   9.262525    -4.0000E+01
   9.314629    -3.8690E+01
   9.366733    -3.7424E+01
   9.418838    -3.6201E+01
   9.470942    -3.5019E+01
   9.523046    -3.3878E+01
   9.575150    -3.2777E+01
   9.627255    -3.1713E+01
   9.679359    -3.0686E+01
   9.731463    -2.9694E+01
   9.783567    -2.8737E+01
   9.835671    -2.7814E+01
   9.887776    -2.6922E+01
   9.939880    -2.6062E+01
   9.991984    -2.5232E+01
  10.044088    -2.4431E+01
  10.096192    -2.3658E+01
  10.148297    -2.2912E+01
  10.200401    -2.2192E+01
  10.252505    -2.1497E+01
  10.304609    -2.0826E+01
  10.356713    -2.0179E+01
  10.408818    -1.9555E+01
  10.460922    -1.8952E+01
  10.513026    -1.8370E+01
  10.565130    -1.7808E+01
  10.617234    -1.7266E+01
  10.669339    -1.6742E+01
  10.721443    -1.6237E+01
  10.773547    -1.5749E+01
  10.825651    -1.5277E+01
  10.877756    -1.4822E+01
  10.929860    -1.4382E+01
  10.981964    -1.3957E+01
  11.034068    -1.3547E+01
  11.086172    -1.3150E+01
  11.138277    -1.2767E+01
  11.190381    -1.2396E+01
  11.242485    -1.2038E+01
  11.294589    -1.1692E+01
  11.346693    -1.1358E+01
  11.398798    -1.1034E+01
  11.450902    -1.0721E+01
  11.503006    -1.0419E+01
  11.555110    -1.0126E+01
  11.607214    -9.8432E+00
  11.659319    -9.5693E+00
  11.711423    -9.3042E+00
  11.763527    -9.0477E+00
  11.815631    -8.7995E+00
  11.867735    -8.5591E+00
  11.919840    -8.3264E+00
  11.971944    -8.1011E+00
  12.024048    -7.8830E+00
  12.076152    -7.6716E+00
  12.128257    -7.4669E+00
  12.180361    -7.2686E+00
  12.232465    -7.0764E+00
  12.284569    -6.8902E+00
  12.336673    -6.7097E+00
  12.388778    -6.5348E+00
  12.440882    -6.3651E+00
  12.492986    -6.2007E+00
  12.545090    -6.0412E+00
  12.597194    -5.8865E+00
  12.649299    -5.7365E+00
  12.701403    -5.5910E+00
  12.753507    -5.4497E+00
  12.805611    -5.3127E+00
  12.857715    -5.1797E+00
  12.909820    -5.0506E+00
  12.961924    -4.9253E+00
  13.014028    -4.8036E+00
  13.066132    -4.6855E+00
  13.118236    -4.5707E+00
  13.170341    -4.4593E+00
  13.222445    -4.3510E+00
  13.274549    -4.2459E+00
  13.326653    -4.1437E+00
  13.378758    -4.0444E+00
  13.430862    -3.9479E+00
  13.482966    -3.8541E+00
  13.535070    -3.7629E+00
  13.587174    -3.6742E+00
  13.639279    -3.5880E+00
  13.691383    -3.5042E+00
  13.743487    -3.4226E+00
  13.795591    -3.3433E+00
  13.847695    -3.2661E+00
  13.899800    -3.1911E+00
  13.951904    -3.1180E+00
  14.004008    -3.0469E+00
  14.056112    -2.9778E+00
  14.108216    -2.9104E+00
  14.160321    -2.8448E+00
  14.212425    -2.7810E+00
  14.264529    -2.7189E+00
  14.316633    -2.6583E+00
  14.368737    -2.5994E+00
  14.420842    -2.5420E+00
  14.472946    -2.4860E+00
  14.525050    -2.4315E+00
  14.577154    -2.3784E+00
  14.629259    -2.3267E+00
  14.681363    -2.2763E+00
  14.733467    -2.2271E+00
  14.785571    -2.1792E+00
  14.837675    -2.1325E+00
  14.889780    -2.0870E+00
  14.941884    -2.0426E+00
  14.993988    -1.9993E+00
  15.046092    -1.9571E+00
  15.098196    -1.9160E+00
  15.150301    -1.8758E+00
  15.202405    -1.8366E+00
  15.254509    -1.7984E+00
  15.306613    -1.7611E+00
  15.358717    -1.7247E+00
  15.410822    -1.6892E+00
  15.462926    -1.6546E+00
  15.515030    -1.6207E+00
  15.567134    -1.5877E+00
  15.619238    -1.5555E+00
  15.671343    -1.5240E+00
  15.723447    -1.4933E+00
  15.775551    -1.4633E+00
  15.827655    -1.4340E+00
  15.879760    -1.4054E+00
  15.931864    -1.3774E+00
  15.983968    -1.3501E+00
  16.036072    -1.3235E+00
  16.088176    -1.2974E+00
  16.140281    -1.2719E+00
  16.192385    -1.2471E+00
  16.244489    -1.2228E+00
  16.296593    -1.1990E+00
  16.348697    -1.1758E+00
  16.400802    -1.1531E+00
  16.452906    -1.1309E+00
  16.505010    -1.1092E+00
  16.557114    -1.0880E+00
  16.609218    -1.0673E+00
  16.661323    -1.0470E+00
  16.713427    -1.0272E+00
  16.765531    -1.0078E+00
  16.817635    -9.8886E-01
  16.869739    -9.7032E-01
  16.921844    -9.5218E-01
  16.973948    -9.3444E-01
  17.026052    -9.1708E-01
  17.078156    -9.0010E-01
  17.130261    -8.8348E-01
  17.182365    -8.6723E-01
  17.234469    -8.5132E-01
  17.286573    -8.3575E-01
  17.338677    -8.2051E-01
  17.390782    -8.0559E-01
  17.442886    -7.9099E-01
  17.494990    -7.7670E-01
  17.547094    -7.6271E-01
  17.599198    -7.4902E-01
  17.651303    -7.3561E-01
  17.703407    -7.2248E-01
  17.755511    -7.0962E-01
  17.807615    -6.9703E-01
  17.859719    -6.8470E-01
  17.911824    -6.7262E-01
  17.963928    -6.6079E-01
  18.016032    -6.4920E-01
  18.068136    -6.3785E-01
  18.120240    -6.2673E-01
  18.172345    -6.1584E-01
  18.224449    -6.0517E-01
  18.276553    -5.9471E-01
  18.328657    -5.8446E-01
  18.380762    -5.7442E-01
  18.432866    -5.6458E-01
  18.484970    -5.5494E-01
  18.537074    -5.4549E-01
  18.589178    -5.3622E-01
  18.641283    -5.2714E-01
  18.693387    -5.1824E-01
  18.745491    -5.0951E-01
  18.797595    -5.0095E-01
  18.849699    -4.9257E-01
  18.901804    -4.8434E-01
  18.953908    -4.7628E-01
  19.006012    -4.6837E-01
  19.058116    -4.6061E-01
  19.110220    -4.5301E-01
  19.162325    -4.4555E-01
  19.214429    -4.3823E-01
  19.266533    -4.3105E-01
  19.318637    -4.2401E-01
  19.370741    -4.1711E-01
  19.422846    -4.1034E-01
  19.474950    -4.0369E-01
  19.527054    -3.9717E-01
  19.579158    -3.9077E-01
  19.631263    -3.8449E-01
  19.683367    -3.7833E-01
  19.735471    -3.7229E-01
  19.787575    -3.6635E-01
  19.839679    -3.6053E-01
  19.891784    -3.5482E-01
  19.943888    -3.4921E-01
  19.995992    -3.4370E-01
  20.048096    -3.3830E-01
  20.100200    -3.3299E-01
  20.152305    -3.2779E-01
  20.204409    -3.2267E-01
  20.256513    -3.1765E-01
  20.308617    -3.1272E-01
  20.360721    -3.0788E-01
  20.412826    -3.0313E-01
  20.464930    -2.9846E-01
  20.517034    -2.9388E-01
  20.569138    -2.8938E-01
  20.621242    -2.8496E-01
  20.673347    -2.8062E-01
  20.725451    -2.7635E-01
  20.777555    -2.7216E-01
  20.829659    -2.6805E-01
  20.881764    -2.6401E-01
  20.933868    -2.6003E-01
  20.985972    -2.5613E-01
  21.038076    -2.5230E-01
  21.090180    -2.4853E-01
  21.142285    -2.4483E-01
  21.194389    -2.4120E-01
  21.246493    -2.3762E-01
  21.298597    -2.3411E-01
  21.350701    -2.3066E-01
  21.402806    -2.2727E-01
  21.454910    -2.2393E-01
  21.507014    -2.2066E-01
  21.559118    -2.1744E-01
  21.611222    -2.1427E-01
  21.663327    -2.1116E-01
  21.715431    -2.0810E-01
  21.767535    -2.0509E-01
  21.819639    -2.0214E-01
  21.871743    -1.9923E-01
  21.923848    -1.9637E-01
  21.975952    -1.9356E-01
  22.028056    -1.9080E-01
  22.080160    -1.8808E-01
  22.132265    -1.8541E-01
  22.184369    -1.8278E-01
  22.236473    -1.8020E-01
  22.288577    -1.7766E-01
  22.340681    -1.7516E-01
  22.392786    -1.7270E-01
  22.444890    -1.7028E-01
  22.496994    -1.6790E-01
  22.549098    -1.6556E-01
  22.601202    -1.6326E-01
  22.653307    -1.6100E-01
  22.705411    -1.5877E-01
  22.757515    -1.5658E-01
  22.809619    -1.5442E-01
  22.861723    -1.5230E-01
  22.913828    -1.5021E-01
  22.965932    -1.4816E-01
  23.018036    -1.4614E-01
  23.070140    -1.4415E-01
  23.122244    -1.4219E-01
  23.174349    -1.4026E-01
  23.226453    -1.3837E-01
  23.278557    -1.3650E-01
  23.330661    -1.3466E-01
  23.382766    -1.3286E-01
  23.434870    -1.3108E-01
  23.486974    -1.2932E-01
  23.539078    -1.2760E-01
  23.591182    -1.2590E-01
  23.643287    -1.2423E-01
  23.695391    -1.2259E-01
  23.747495    -1.2097E-01
  23.799599    -1.1937E-01
  23.851703    -1.1780E-01
  23.903808    -1.1626E-01
  23.955912    -1.1473E-01
  24.008016    -1.1324E-01
  24.060120    -1.1176E-01
  24.112224    -1.1031E-01
  24.164329    -1.0887E-01
  24.216433    -1.0746E-01
  24.268537    -1.0608E-01
  24.320641    -1.0471E-01
  24.372745    -1.0336E-01
  24.424850    -1.0203E-01
  24.476954    -1.0073E-01
  24.529058    -9.9441E-02
  24.581162    -9.8173E-02
  24.633267    -9.6924E-02
  24.685371    -9.5693E-02
  24.737475    -9.4481E-02
  24.789579    -9.3286E-02
  24.841683    -9.2110E-02
  24.893788    -9.0950E-02
  24.945892    -8.9808E-02
  24.997996    -8.8682E-02
  25.050100    -8.7573E-02
  25.102204    -8.6481E-02
  25.154309    -8.5404E-02
  25.206413    -8.4342E-02
  25.258517    -8.3297E-02
  25.310621    -8.2266E-02
  25.362725    -8.1250E-02
  25.414830    -8.0249E-02
  25.466934    -7.9262E-02
  25.519038    -7.8290E-02
  25.571142    -7.7331E-02
  25.623246    -7.6386E-02
  25.675351    -7.5455E-02
  25.727455    -7.4537E-02
  25.779559    -7.3632E-02
  25.831663    -7.2740E-02
  25.883768    -7.1860E-02
  25.935872    -7.0993E-02
  25.987976    -7.0138E-02
  26.040080    -6.9295E-02
  26.092184    -6.8464E-02
  26.144289    -6.7645E-02
  26.196393    -6.6837E-02
  26.248497    -6.6040E-02
  26.300601    -6.5254E-02
  26.352705    -6.4480E-02
  26.404810    -6.3716E-02
  26.456914    -6.2962E-02
  26.509018    -6.2220E-02
  26.561122    -6.1487E-02
  26.613226    -6.0764E-02
  26.665331    -6.0052E-02
  26.717435    -5.9349E-02
  26.769539    -5.8655E-02
  26.821643    -5.7972E-02
  26.873747    -5.7297E-02
  26.925852    -5.6632E-02
  26.977956    -5.5975E-02
  27.030060    -5.5328E-02
  27.082164    -5.4689E-02
  27.134269    -5.4059E-02
  27.186373    -5.3438E-02
  27.238477    -5.2824E-02
  27.290581    -5.2219E-02
  27.342685    -5.1622E-02
  27.394790    -5.1034E-02
  27.446894    -5.0452E-02
  27.498998    -4.9879E-02
  27.551102    -4.9313E-02
  27.603206    -4.8755E-02
  27.655311    -4.8204E-02
  27.707415    -4.7661E-02
  27.759519    -4.7124E-02
  27.811623    -4.6595E-02
  27.863727    -4.6072E-02
  27.915832    -4.5557E-02
  27.967936    -4.5048E-02
  28.020040    -4.4546E-02
  28.072144    -4.4050E-02
  28.124248    -4.3561E-02
  28.176353    -4.3078E-02
  28.228457    -4.2601E-02
  28.280561    -4.2131E-02
  28.332665    -4.1667E-02
  28.384770    -4.1208E-02
  28.436874    -4.0756E-02
  28.488978    -4.0309E-02
  28.541082    -3.9868E-02
  28.593186    -3.9433E-02
  28.645291    -3.9003E-02
  28.697395    -3.8579E-02
  28.749499    -3.8160E-02
  28.801603    -3.7746E-02
  28.853707    -3.7338E-02
  28.905812    -3.6934E-02
  28.957916    -3.6536E-02
  29.010020    -3.6143E-02
  29.062124    -3.5755E-02
  29.114228    -3.5372E-02
  29.166333    -3.4993E-02
  29.218437    -3.4619E-02
  29.270541    -3.4250E-02
  29.322645    -3.3886E-02
  29.374749    -3.3526E-02
  29.426854    -3.3170E-02
  29.478958    -3.2819E-02
  29.531062    -3.2473E-02
  29.583166    -3.2130E-02
  29.635271    -3.1792E-02
  29.687375    -3.1458E-02
  29.739479    -3.1128E-02
  29.791583    -3.0802E-02
  29.843687    -3.0480E-02
  29.895792    -3.0162E-02
  29.947896    -2.9848E-02
  30.000000    -2.9537E-02
 100.64128257
   4.000000     2.0152E+04
   4.052104     1.8390E+04
   4.104208     1.6768E+04
   4.156313     1.5275E+04
   4.208417     1.3902E+04
   4.260521     1.2642E+04
   4.312625     1.1486E+04
   4.364729     1.0427E+04
   4.416834     9.4569E+03
   4.468938     8.5692E+03
   4.521042     7.7576E+03
   4.573146     7.0161E+03
   4.625251     6.3392E+03
   4.677355     5.7216E+03
   4.729459     5.1586E+03
   4.781563     4.6456E+03
   4.833667     4.1786E+03
   4.885772     3.7537E+03
   4.937876     3.3674E+03
   4.989980     3.0164E+03
   5.042084     2.6978E+03
   5.094188     2.4087E+03
   5.146293     2.1465E+03
   5.198397     1.9091E+03
   5.250501     1.6941E+03
   5.302605     1.4997E+03
   5.354709     1.3239E+03
   5.406814     1.1653E+03
   5.458918     1.0221E+03
   5.511022     8.9311E+02
   5.563126     7.7695E+02
   5.615230     6.7247E+02
   5.667335     5.7862E+02
   5.719439     4.9441E+02
   5.771543     4.1895E+02
   5.823647     3.5143E+02
   5.875752     2.9110E+02
   5.927856     2.3730E+02
   5.979960     1.8939E+02
   6.032064     1.4682E+02
   6.084168     1.0908E+02
   6.136273     7.5690E+01
   6.188377     4.6239E+01
   6.240481     2.0335E+01
   6.292585    -2.3735E+00
   6.344689    -2.2205E+01
   6.396794    -3.9449E+01
   6.448898    -5.4369E+01
   6.501002    -6.7205E+01
   6.553106    -7.8172E+01
   6.605210    -8.7468E+01
   6.657315    -9.5269E+01
   6.709419    -1.0174E+02
   6.761523    -1.0702E+02
   6.813627    -1.1124E+02
   6.865731    -1.1453E+02
   6.917836    -1.1699E+02
   6.969940    -1.1871E+02
   7.022044    -1.1980E+02
   7.074148    -1.2031E+02
   7.126253    -1.2033E+02
   7.178357    -1.1991E+02
   7.230461    -1.1913E+02
   7.282565    -1.1801E+02
   7.334669    -1.1662E+02
   7.386774    -1.1500E+02
   7.438878    -1.1317E+02
   7.490982    -1.1118E+02
   7.543086    -1.0905E+02
   7.595190    -1.0680E+02
   7.647295    -1.0447E+02
   7.699399    -1.0207E+02
   7.751503    -9.9616E+01
   7.803607    -9.7130E+01
   7.855711    -9.4622E+01
   7.907816    -9.2106E+01
   7.959920    -8.9592E+01
   8.012024    -8.7089E+01
   8.064128    -8.4606E+01
   8.116232    -8.2149E+01
   8.168337    -7.9724E+01
   8.220441    -7.7336E+01
   8.272545    -7.4989E+01
   8.324649    -7.2687E+01
   8.376754    -7.0433E+01
   8.428858    -6.8229E+01
   8.480962    -6.6076E+01
   8.533066    -6.3976E+01
   8.585170    -6.1930E+01
   8.637275    -5.9938E+01
   8.689379    -5.8001E+01
   8.741483    -5.6120E+01
   8.793587    -5.4292E+01
   8.845691    -5.2520E+01
   8.897796    -5.0801E+01
   8.949900    -4.9135E+01
   9.002004    -4.7521E+01
   9.054108    -4.5959E+01
   9.106212    -4.4447E+01
   9.158317    -4.2985E+01
   9.210421    -4.1571E+01
   9.262525    -4.0204E+01
   9.314629    -3.8883E+01
   9.366733    -3.7607E+01
   9.418838    -3.6374E+01
   9.470942    -3.5183E+01
   9.523046    -3.4033E+01
   9.575150    -3.2924E+01
   9.627255    -3.1852E+01
   9.679359    -3.0818E+01
   9.731463    -2.9820E+01
   9.783567    -2.8857E+01
   9.835671    -2.7928E+01
   9.887776    -2.7032E+01
   9.939880    -2.6167E+01
   9.991984    -2.5332E+01
  10.044088    -2.4527E+01
  10.096192    -2.3750E+01
  10.148297    -2.3001E+01
  10.200401    -2.2277E+01
  10.252505    -2.1580E+01
  10.304609    -2.0906E+01
  10.356713    -2.0257E+01
  10.408818    -1.9630E+01
  10.460922    -1.9025E+01
  10.513026    -1.8441E+01
  10.565130    -1.7877E+01
  10.617234    -1.7333E+01
  10.669339    -1.6808E+01
  10.721443    -1.6301E+01
  10.773547    -1.5812E+01
  10.825651    -1.5339E+01
  10.877756    -1.4882E+01
  10.929860    -1.4441E+01
  10.981964    -1.4015E+01
  11.034068    -1.3604E+01
  11.086172    -1.3206E+01
  11.138277    -1.2822E+01
  11.190381    -1.2451E+01
  11.242485    -1.2092E+01
  11.294589    -1.1745E+01
  11.346693    -1.1410E+01
  11.398798    -1.1085E+01
  11.450902    -1.0772E+01
  11.503006    -1.0468E+01
  11.555110    -1.0175E+01
  11.607214    -9.8911E+00
  11.659319    -9.6164E+00
  11.711423    -9.3506E+00
  11.763527    -9.0934E+00
  11.815631    -8.8444E+00
  11.867735    -8.6033E+00
  11.919840    -8.3699E+00
  11.971944    -8.1439E+00
  12.024048    -7.9250E+00
  12.076152    -7.7129E+00
  12.128257    -7.5075E+00
  12.180361    -7.3085E+00
  12.232465    -7.1156E+00
  12.284569    -6.9286E+00
  12.336673    -6.7474E+00
  12.388778    -6.5717E+00
  12.440882    -6.4014E+00
  12.492986    -6.2362E+00
  12.545090    -6.0760E+00
  12.597194    -5.9206E+00
  12.649299    -5.7699E+00
  12.701403    -5.6236E+00
  12.753507    -5.4817E+00
  12.805611    -5.3439E+00
  12.857715    -5.2102E+00
  12.909820    -5.0804E+00
  12.961924    -4.9544E+00
  13.014028    -4.8321E+00
  13.066132    -4.7133E+00
  13.118236    -4.5979E+00
  13.170341    -4.4858E+00
  13.222445    -4.3768E+00
  13.274549    -4.2710E+00
  13.326653    -4.1682E+00
  13.378758    -4.0683E+00
  13.430862    -3.9711E+00
  13.482966    -3.8767E+00
  13.535070    -3.7849E+00
  13.587174    -3.6957E+00
  13.639279    -3.6089E+00
  13.691383    -3.5245E+00
  13.743487    -3.4424E+00
  13.795591    -3.3625E+00
  13.847695    -3.2848E+00
  13.899800    -3.2092E+00
  13.951904    -3.1356E+00
  14.004008    -3.0640E+00
  14.056112    -2.9944E+00
  14.108216    -2.9265E+00
  14.160321    -2.8605E+00
  14.212425    -2.7962E+00
  14.264529    -2.7336E+00
  14.316633    -2.6726E+00
  14.368737    -2.6132E+00
  14.420842    -2.5554E+00
  14.472946    -2.4991E+00
  14.525050    -2.4442E+00
  14.577154    -2.3907E+00
  14.629259    -2.3386E+00
  14.681363    -2.2878E+00
  14.733467    -2.2383E+00
  14.785571    -2.1901E+00
  14.837675    -2.1430E+00
  14.889780    -2.0972E+00
  14.941884    -2.0525E+00
  14.993988    -2.0089E+00
  15.046092    -1.9664E+00
  15.098196    -1.9249E+00
  15.150301    -1.8845E+00
  15.202405    -1.8450E+00
  15.254509    -1.8066E+00
  15.306613    -1.7690E+00
  15.358717    -1.7324E+00
  15.410822    -1.6967E+00
  15.462926    -1.6618E+00
  15.515030    -1.6277E+00
  15.567134    -1.5945E+00
  15.619238    -1.5621E+00
  15.671343    -1.5304E+00
  15.723447    -1.4995E+00
  15.775551    -1.4693E+00
  15.827655    -1.4398E+00
  15.879760    -1.4110E+00
  15.931864    -1.3829E+00
  15.983968    -1.3555E+00
  16.036072    -1.3286E+00
  16.088176    -1.3024E+00
  16.140281    -1.2768E+00
  16.192385    -1.2518E+00
  16.244489    -1.2274E+00
  16.296593    -1.2035E+00
  16.348697    -1.1802E+00
  16.400802    -1.1574E+00
  16.452906    -1.1351E+00
  16.505010    -1.1133E+00
  16.557114    -1.0920E+00
  16.609218    -1.0711E+00
  16.661323    -1.0508E+00
  16.713427    -1.0309E+00
  16.765531    -1.0114E+00
  16.817635    -9.9236E-01
  16.869739    -9.7374E-01
  16.921844    -9.5552E-01
  16.973948    -9.3771E-01
  17.026052    -9.2028E-01
  17.078156    -9.0323E-01
  17.130261    -8.8655E-01
  17.182365    -8.7023E-01
  17.234469    -8.5426E-01
  17.286573    -8.3863E-01
  17.338677    -8.2334E-01
  17.390782    -8.0837E-01
  17.442886    -7.9372E-01
  17.494990    -7.7938E-01
  17.547094    -7.6534E-01
  17.599198    -7.5160E-01
  17.651303    -7.3814E-01
  17.703407    -7.2497E-01
  17.755511    -7.1207E-01
  17.807615    -6.9944E-01
  17.859719    -6.8708E-01
  17.911824    -6.7496E-01
  17.963928    -6.6310E-01
  18.016032    -6.5148E-01
  18.068136    -6.4010E-01
  18.120240    -6.2895E-01
  18.172345    -6.1802E-01
  18.224449    -6.0732E-01
  18.276553    -5.9684E-01
  18.328657    -5.8656E-01
  18.380762    -5.7650E-01
  18.432866    -5.6663E-01
  18.484970    -5.5696E-01
  18.537074    -5.4749E-01
  18.589178    -5.3820E-01
  18.641283    -5.2910E-01
  18.693387    -5.2017E-01
  18.745491    -5.1143E-01
  18.797595    -5.0285E-01
  18.849699    -4.9444E-01
  18.901804    -4.8620E-01
  18.953908    -4.7811E-01
  19.006012    -4.7019E-01
  19.058116    -4.6241E-01
  19.110220    -4.5479E-01
  19.162325    -4.4731E-01
  19.214429    -4.3998E-01
  19.266533    -4.3279E-01
  19.318637    -4.2573E-01
  19.370741    -4.1881E-01
  19.422846    -4.1202E-01
  19.474950    -4.0536E-01
  19.527054    -3.9883E-01
  19.579158    -3.9241E-01
  19.631263    -3.8612E-01
  19.683367    -3.7995E-01
  19.735471    -3.7389E-01
  19.787575    -3.6794E-01
  19.839679    -3.6211E-01
  19.891784    -3.5638E-01
  19.943888    -3.5076E-01
  19.995992    -3.4524E-01
  20.048096    -3.3982E-01
  20.100200    -3.3450E-01
  20.152305    -3.2928E-01
  20.204409    -3.2416E-01
  20.256513    -3.1912E-01
  20.308617    -3.1418E-01
  20.360721    -3.0933E-01
  20.412826    -3.0457E-01
  20.464930    -2.9989E-01
  20.517034    -2.9529E-01
  20.569138    -2.9078E-01
  20.621242    -2.8635E-01
  20.673347    -2.8199E-01
  20.725451    -2.7772E-01
  20.777555    -2.7352E-01
  20.829659    -2.6939E-01
  20.881764    -2.6534E-01
  20.933868    -2.6135E-01
  20.985972    -2.5744E-01
  21.038076    -2.5360E-01
  21.090180    -2.4982E-01
  21.142285    -2.4611E-01
  21.194389    -2.4246E-01
  21.246493    -2.3887E-01
  21.298597    -2.3535E-01
  21.350701    -2.3189E-01
  21.402806    -2.2849E-01
  21.454910    -2.2514E-01
  21.507014    -2.2186E-01
  21.559118    -2.1862E-01
  21.611222    -2.1545E-01
  21.663327    -2.1233E-01
  21.715431    -2.0926E-01
  21.767535    -2.0624E-01
  21.819639    -2.0327E-01
  21.871743    -2.0035E-01
  21.923848    -1.9749E-01
  21.975952    -1.9467E-01
  22.028056    -1.9189E-01
  22.080160    -1.8916E-01
  22.132265    -1.8648E-01
  22.184369    -1.8384E-01
  22.236473    -1.8125E-01
  22.288577    -1.7870E-01
  22.340681    -1.7619E-01
  22.392786    -1.7372E-01
  22.444890    -1.7129E-01
  22.496994    -1.6890E-01
  22.549098    -1.6655E-01
  22.601202    -1.6424E-01
  22.653307    -1.6197E-01
  22.705411    -1.5973E-01
  22.757515    -1.5753E-01
  22.809619    -1.5536E-01
  22.861723    -1.5323E-01
  22.913828    -1.5113E-01
  22.965932    -1.4907E-01
  23.018036    -1.4704E-01
  23.070140    -1.4504E-01
  23.122244    -1.4307E-01
  23.174349    -1.4114E-01
  23.226453    -1.3923E-01
  23.278557    -1.3736E-01
  23.330661    -1.3551E-01
  23.382766    -1.3370E-01
  23.434870    -1.3191E-01
  23.486974    -1.3015E-01
  23.539078    -1.2841E-01
  23.591182    -1.2671E-01
  23.643287    -1.2503E-01
  23.695391    -1.2337E-01
  23.747495    -1.2175E-01
  23.799599    -1.2014E-01
  23.851703    -1.1856E-01
  23.903808    -1.1701E-01
  23.955912    -1.1548E-01
  24.008016    -1.1397E-01
  24.060120    -1.1249E-01
  24.112224    -1.1103E-01
  24.164329    -1.0959E-01
  24.216433    -1.0817E-01
  24.268537    -1.0677E-01
  24.320641    -1.0540E-01
  24.372745    -1.0404E-01
  24.424850    -1.0271E-01
  24.476954    -1.0139E-01
  24.529058    -1.0010E-01
  24.581162    -9.8822E-02
  24.633267    -9.7566E-02
  24.685371    -9.6328E-02
  24.737475    -9.5108E-02
  24.789579    -9.3907E-02
  24.841683    -9.2723E-02
  24.893788    -9.1556E-02
  24.945892    -9.0407E-02
  24.997996    -8.9274E-02
  25.050100    -8.8158E-02
  25.102204    -8.7058E-02
  25.154309    -8.5974E-02
  25.206413    -8.4906E-02
  25.258517    -8.3854E-02
  25.310621    -8.2817E-02
  25.362725    -8.1794E-02
  25.414830    -8.0786E-02
  25.466934    -7.9793E-02
  25.519038    -7.8814E-02
  25.571142    -7.7849E-02
  25.623246    -7.6898E-02
  25.675351    -7.5961E-02
  25.727455    -7.5036E-02
  25.779559    -7.4125E-02
  25.831663    -7.3227E-02
  25.883768    -7.2341E-02
  25.935872    -7.1468E-02
  25.987976    -7.0607E-02
  26.040080    -6.9759E-02
  26.092184    -6.8922E-02
  26.144289    -6.8097E-02
  26.196393    -6.7283E-02
  26.248497    -6.6481E-02
  26.300601    -6.5690E-02
  26.352705    -6.4910E-02
  26.404810    -6.4141E-02
  26.456914    -6.3382E-02
  26.509018    -6.2634E-02
  26.561122    -6.1896E-02
  26.613226    -6.1168E-02
  26.665331    -6.0450E-02
  26.717435    -5.9742E-02
  26.769539    -5.9044E-02
  26.821643    -5.8355E-02
  26.873747    -5.7676E-02
  26.925852    -5.7005E-02
  26.977956    -5.6344E-02
  27.030060    -5.5692E-02
  27.082164    -5.5049E-02
  27.134269    -5.4414E-02
  27.186373    -5.3788E-02
  27.238477    -5.3170E-02
  27.290581    -5.2561E-02
  27.342685    -5.1959E-02
  27.394790    -5.1366E-02
  27.446894    -5.0781E-02
  27.498998    -5.0203E-02
  27.551102    -4.9633E-02
  27.603206    -4.9071E-02
  27.655311    -4.8516E-02
  27.707415    -4.7968E-02
  27.759519    -4.7427E-02
  27.811623    -4.6894E-02
  27.863727    -4.6368E-02
  27.915832    -4.5848E-02
  27.967936    -4.5335E-02
  28.020040    -4.4829E-02
  28.072144    -4.4330E-02
  28.124248    -4.3837E-02
  28.176353    -4.3351E-02
  28.228457    -4.2870E-02
  28.280561    -4.2396E-02
  28.332665    -4.1928E-02
  28.384770    -4.1466E-02
  28.436874    -4.1010E-02
  28.488978    -4.0560E-02
  28.541082    -4.0116E-02
  28.593186    -3.9677E-02
  28.645291    -3.9244E-02
  28.697395    -3.8816E-02
  28.749499    -3.8394E-02
  28.801603    -3.7978E-02
  28.853707    -3.7566E-02
  28.905812    -3.7160E-02
  28.957916    -3.6758E-02
  29.010020    -3.6362E-02
  29.062124    -3.5971E-02
  29.114228    -3.5585E-02
  29.166333    -3.5203E-02
  29.218437    -3.4827E-02
  29.270541    -3.4455E-02
  29.322645    -3.4087E-02
  29.374749    -3.3725E-02
  29.426854    -3.3366E-02
  29.478958    -3.3013E-02
  29.531062    -3.2663E-02
  29.583166    -3.2318E-02
  29.635271    -3.1977E-02
  29.687375    -3.1640E-02
  29.739479    -3.1308E-02
  29.791583    -3.0979E-02
  29.843687    -3.0655E-02
  29.895792    -3.0334E-02
  29.947896    -3.0018E-02
  30.000000    -2.9705E-02
 104.24849699
   4.000000     2.0847E+04
   4.052104     1.9072E+04
   4.104208     1.7425E+04
   4.156313     1.5901E+04
   4.208417     1.4492E+04
   4.260521     1.3194E+04
   4.312625     1.1998E+04
   4.364729     1.0899E+04
   4.416834     9.8905E+03
   4.468938     8.9657E+03
   4.521042     8.1189E+03
   4.573146     7.3442E+03
   4.625251     6.6364E+03
   4.677355     5.9901E+03
   4.729459     5.4007E+03
   4.781563     4.8636E+03
   4.833667     4.3746E+03
   4.885772     3.9296E+03
   4.937876     3.5251E+03
   4.989980     3.1577E+03
   5.042084     2.8242E+03
   5.094188     2.5217E+03
   5.146293     2.2475E+03
   5.198397     1.9992E+03
   5.250501     1.7745E+03
   5.302605     1.5714E+03
   5.354709     1.3878E+03
   5.406814     1.2222E+03
   5.458918     1.0727E+03
   5.511022     9.3811E+02
   5.563126     8.1692E+02
   5.615230     7.0795E+02
   5.667335     6.1007E+02
   5.719439     5.2225E+02
   5.771543     4.4357E+02
   5.823647     3.7316E+02
   5.875752     3.1025E+02
   5.927856     2.5412E+02
   5.979960     2.0415E+02
   6.032064     1.5972E+02
   6.084168     1.2032E+02
   6.136273     8.5452E+01
   6.188377     5.4673E+01
   6.240481     2.7583E+01
   6.292585     3.8149E+00
   6.344689    -1.6962E+01
   6.396794    -3.5050E+01
   6.448898    -5.0722E+01
   6.501002    -6.4227E+01
   6.553106    -7.5788E+01
   6.605210    -8.5610E+01
   6.657315    -9.3877E+01
   6.709419    -1.0076E+02
   6.761523    -1.0640E+02
   6.813627    -1.1094E+02
   6.865731    -1.1451E+02
   6.917836    -1.1721E+02
   6.969940    -1.1914E+02
   7.022044    -1.2040E+02
   7.074148    -1.2107E+02
   7.126253    -1.2122E+02
   7.178357    -1.2091E+02
   7.230461    -1.2021E+02
   7.282565    -1.1918E+02
   7.334669    -1.1784E+02
   7.386774    -1.1626E+02
   7.438878    -1.1447E+02
   7.490982    -1.1250E+02
   7.543086    -1.1038E+02
   7.595190    -1.0814E+02
   7.647295    -1.0581E+02
   7.699399    -1.0340E+02
   7.751503    -1.0093E+02
   7.803607    -9.8428E+01
   7.855711    -9.5899E+01
   7.907816    -9.3359E+01
   7.959920    -9.0817E+01
   8.012024    -8.8285E+01
   8.064128    -8.5771E+01
   8.116232    -8.3281E+01
   8.168337    -8.0822E+01
   8.220441    -7.8400E+01
   8.272545    -7.6019E+01
   8.324649    -7.3683E+01
   8.376754    -7.1393E+01
   8.428858    -6.9155E+01
   8.480962    -6.6968E+01
   8.533066    -6.4834E+01
   8.585170    -6.2755E+01
   8.637275    -6.0731E+01
   8.689379    -5.8763E+01
   8.741483    -5.6851E+01
   8.793587    -5.4994E+01
   8.845691    -5.3192E+01
   8.897796    -5.1446E+01
   8.949900    -4.9753E+01
   9.002004    -4.8114E+01
   9.054108    -4.6527E+01
   9.106212    -4.4991E+01
   9.158317    -4.3506E+01
   9.210421    -4.2070E+01
   9.262525    -4.0683E+01
   9.314629    -3.9342E+01
   9.366733    -3.8046E+01
   9.418838    -3.6795E+01
   9.470942    -3.5587E+01
   9.523046    -3.4421E+01
   9.575150    -3.3296E+01
   9.627255    -3.2209E+01
   9.679359    -3.1161E+01
   9.731463    -3.0150E+01
   9.783567    -2.9174E+01
   9.835671    -2.8233E+01
   9.887776    -2.7325E+01
   9.939880    -2.6449E+01
   9.991984    -2.5604E+01
  10.044088    -2.4789E+01
  10.096192    -2.4002E+01
  10.148297    -2.3244E+01
  10.200401    -2.2512E+01
  10.252505    -2.1807E+01
  10.304609    -2.1126E+01
  10.356713    -2.0469E+01
  10.408818    -1.9835E+01
  10.460922    -1.9223E+01
  10.513026    -1.8633E+01
  10.565130    -1.8063E+01
  10.617234    -1.7514E+01
  10.669339    -1.6983E+01
  10.721443    -1.6471E+01
  10.773547    -1.5976E+01
  10.825651    -1.5499E+01
  10.877756    -1.5038E+01
  10.929860    -1.4592E+01
  10.981964    -1.4162E+01
  11.034068    -1.3747E+01
  11.086172    -1.3345E+01
  11.138277    -1.2957E+01
  11.190381    -1.2582E+01
  11.242485    -1.2220E+01
  11.294589    -1.1870E+01
  11.346693    -1.1531E+01
  11.398798    -1.1204E+01
  11.450902    -1.0887E+01
  11.503006    -1.0581E+01
  11.555110    -1.0284E+01
  11.607214    -9.9979E+00
  11.659319    -9.7205E+00
  11.711423    -9.4522E+00
  11.763527    -9.1924E+00
  11.815631    -8.9410E+00
  11.867735    -8.6975E+00
  11.919840    -8.4618E+00
  11.971944    -8.2335E+00
  12.024048    -8.0124E+00
  12.076152    -7.7982E+00
  12.128257    -7.5907E+00
  12.180361    -7.3896E+00
  12.232465    -7.1947E+00
  12.284569    -7.0058E+00
  12.336673    -6.8227E+00
  12.388778    -6.6452E+00
  12.440882    -6.4730E+00
  12.492986    -6.3061E+00
  12.545090    -6.1442E+00
  12.597194    -5.9871E+00
  12.649299    -5.8347E+00
  12.701403    -5.6868E+00
  12.753507    -5.5433E+00
  12.805611    -5.4041E+00
  12.857715    -5.2689E+00
  12.909820    -5.1376E+00
  12.961924    -5.0102E+00
  13.014028    -4.8864E+00
  13.066132    -4.7662E+00
  13.118236    -4.6495E+00
  13.170341    -4.5361E+00
  13.222445    -4.4259E+00
  13.274549    -4.3188E+00
  13.326653    -4.2148E+00
  13.378758    -4.1137E+00
  13.430862    -4.0154E+00
  13.482966    -3.9198E+00
  13.535070    -3.8269E+00
  13.587174    -3.7366E+00
  13.639279    -3.6487E+00
  13.691383    -3.5633E+00
  13.743487    -3.4802E+00
  13.795591    -3.3993E+00
  13.847695    -3.3207E+00
  13.899800    -3.2442E+00
  13.951904    -3.1697E+00
  14.004008    -3.0972E+00
  14.056112    -3.0267E+00
  14.108216    -2.9580E+00
  14.160321    -2.8911E+00
  14.212425    -2.8260E+00
  14.264529    -2.7627E+00
  14.316633    -2.7009E+00
  14.368737    -2.6408E+00
  14.420842    -2.5823E+00
  14.472946    -2.5252E+00
  14.525050    -2.4697E+00
  14.577154    -2.4155E+00
  14.629259    -2.3628E+00
  14.681363    -2.3114E+00
  14.733467    -2.2613E+00
  14.785571    -2.2124E+00
  14.837675    -2.1648E+00
  14.889780    -2.1184E+00
  14.941884    -2.0732E+00
  14.993988    -2.0290E+00
  15.046092    -1.9860E+00
  15.098196    -1.9441E+00
  15.150301    -1.9031E+00
  15.202405    -1.8632E+00
  15.254509    -1.8243E+00
  15.306613    -1.7863E+00
  15.358717    -1.7492E+00
  15.410822    -1.7131E+00
  15.462926    -1.6778E+00
  15.515030    -1.6433E+00
  15.567134    -1.6097E+00
  15.619238    -1.5769E+00
  15.671343    -1.5449E+00
  15.723447    -1.5136E+00
  15.775551    -1.4831E+00
  15.827655    -1.4533E+00
  15.879760    -1.4242E+00
  15.931864    -1.3958E+00
  15.983968    -1.3680E+00
  16.036072    -1.3409E+00
  16.088176    -1.3144E+00
  16.140281    -1.2885E+00
  16.192385    -1.2632E+00
  16.244489    -1.2385E+00
  16.296593    -1.2144E+00
  16.348697    -1.1908E+00
  16.400802    -1.1678E+00
  16.452906    -1.1452E+00
  16.505010    -1.1232E+00
  16.557114    -1.1017E+00
  16.609218    -1.0807E+00
  16.661323    -1.0601E+00
  16.713427    -1.0400E+00
  16.765531    -1.0203E+00
  16.817635    -1.0011E+00
  16.869739    -9.8227E-01
  16.921844    -9.6388E-01
  16.973948    -9.4589E-01
  17.026052    -9.2829E-01
  17.078156    -9.1108E-01
  17.130261    -8.9424E-01
  17.182365    -8.7776E-01
  17.234469    -8.6164E-01
  17.286573    -8.4587E-01
  17.338677    -8.3043E-01
  17.390782    -8.1533E-01
  17.442886    -8.0054E-01
  17.494990    -7.8607E-01
  17.547094    -7.7191E-01
  17.599198    -7.5804E-01
  17.651303    -7.4447E-01
  17.703407    -7.3118E-01
  17.755511    -7.1816E-01
  17.807615    -7.0542E-01
  17.859719    -6.9295E-01
  17.911824    -6.8073E-01
  17.963928    -6.6876E-01
  18.016032    -6.5704E-01
  18.068136    -6.4556E-01
  18.120240    -6.3431E-01
  18.172345    -6.2330E-01
  18.224449    -6.1251E-01
  18.276553    -6.0193E-01
  18.328657    -5.9157E-01
  18.380762    -5.8142E-01
  18.432866    -5.7147E-01
  18.484970    -5.6173E-01
  18.537074    -5.5217E-01
  18.589178    -5.4281E-01
  18.641283    -5.3363E-01
  18.693387    -5.2463E-01
  18.745491    -5.1581E-01
  18.797595    -5.0717E-01
  18.849699    -4.9869E-01
  18.901804    -4.9038E-01
  18.953908    -4.8223E-01
  19.006012    -4.7424E-01
  19.058116    -4.6641E-01
  19.110220    -4.5872E-01
  19.162325    -4.5119E-01
  19.214429    -4.4379E-01
  19.266533    -4.3654E-01
  19.318637    -4.2943E-01
  19.370741    -4.2246E-01
  19.422846    -4.1561E-01
  19.474950    -4.0890E-01
  19.527054    -4.0231E-01
  19.579158    -3.9585E-01
  19.631263    -3.8951E-01
  19.683367    -3.8328E-01
  19.735471    -3.7718E-01
  19.787575    -3.7118E-01
  19.839679    -3.6530E-01
  19.891784    -3.5953E-01
  19.943888    -3.5386E-01
  19.995992    -3.4830E-01
  20.048096    -3.4284E-01
  20.100200    -3.3748E-01
  20.152305    -3.3222E-01
  20.204409    -3.2705E-01
  20.256513    -3.2198E-01
  20.308617    -3.1700E-01
  20.360721    -3.1211E-01
  20.412826    -3.0731E-01
  20.464930    -3.0259E-01
  20.517034    -2.9796E-01
  20.569138    -2.9341E-01
  20.621242    -2.8894E-01
  20.673347    -2.8455E-01
  20.725451    -2.8024E-01
  20.777555    -2.7601E-01
  20.829659    -2.7185E-01
  20.881764    -2.6776E-01
  20.933868    -2.6375E-01
  20.985972    -2.5980E-01
  21.038076    -2.5593E-01
  21.090180    -2.5212E-01
  21.142285    -2.4838E-01
  21.194389    -2.4470E-01
  21.246493    -2.4109E-01
  21.298597    -2.3753E-01
  21.350701    -2.3404E-01
  21.402806    -2.3061E-01
  21.454910    -2.2724E-01
  21.507014    -2.2393E-01
  21.559118    -2.2067E-01
  21.611222    -2.1747E-01
  21.663327    -2.1432E-01
  21.715431    -2.1122E-01
  21.767535    -2.0818E-01
  21.819639    -2.0519E-01
  21.871743    -2.0224E-01
  21.923848    -1.9935E-01
  21.975952    -1.9651E-01
  22.028056    -1.9371E-01
  22.080160    -1.9096E-01
  22.132265    -1.8825E-01
  22.184369    -1.8559E-01
  22.236473    -1.8298E-01
  22.288577    -1.8040E-01
  22.340681    -1.7787E-01
  22.392786    -1.7538E-01
  22.444890    -1.7293E-01
  22.496994    -1.7052E-01
  22.549098    -1.6815E-01
  22.601202    -1.6582E-01
  22.653307    -1.6353E-01
  22.705411    -1.6127E-01
  22.757515    -1.5905E-01
  22.809619    -1.5686E-01
  22.861723    -1.5471E-01
  22.913828    -1.5260E-01
  22.965932    -1.5051E-01
  23.018036    -1.4847E-01
  23.070140    -1.4645E-01
  23.122244    -1.4446E-01
  23.174349    -1.4251E-01
  23.226453    -1.4059E-01
  23.278557    -1.3870E-01
  23.330661    -1.3683E-01
  23.382766    -1.3500E-01
  23.434870    -1.3320E-01
  23.486974    -1.3142E-01
  23.539078    -1.2967E-01
  23.591182    -1.2795E-01
  23.643287    -1.2625E-01
  23.695391    -1.2458E-01
  23.747495    -1.2294E-01
  23.799599    -1.2132E-01
  23.851703    -1.1973E-01
  23.903808    -1.1816E-01
  23.955912    -1.1661E-01
  24.008016    -1.1509E-01
  24.060120    -1.1359E-01
  24.112224    -1.1212E-01
  24.164329    -1.1067E-01
  24.216433    -1.0923E-01
  24.268537    -1.0782E-01
  24.320641    -1.0644E-01
  24.372745    -1.0507E-01
  24.424850    -1.0372E-01
  24.476954    -1.0239E-01
  24.529058    -1.0109E-01
  24.581162    -9.9798E-02
  24.633267    -9.8529E-02
  24.685371    -9.7279E-02
  24.737475    -9.6047E-02
  24.789579    -9.4834E-02
  24.841683    -9.3638E-02
  24.893788    -9.2460E-02
  24.945892    -9.1300E-02
  24.997996    -9.0156E-02
  25.050100    -8.9029E-02
  25.102204    -8.7918E-02
  25.154309    -8.6824E-02
  25.206413    -8.5745E-02
  25.258517    -8.4682E-02
  25.310621    -8.3634E-02
  25.362725    -8.2602E-02
  25.414830    -8.1584E-02
  25.466934    -8.0581E-02
  25.519038    -7.9592E-02
  25.571142    -7.8617E-02
  25.623246    -7.7657E-02
  25.675351    -7.6709E-02
  25.727455    -7.5776E-02
  25.779559    -7.4855E-02
  25.831663    -7.3948E-02
  25.883768    -7.3054E-02
  25.935872    -7.2172E-02
  25.987976    -7.1302E-02
  26.040080    -7.0445E-02
  26.092184    -6.9599E-02
  26.144289    -6.8766E-02
  26.196393    -6.7944E-02
  26.248497    -6.7133E-02
  26.300601    -6.6334E-02
  26.352705    -6.5546E-02
  26.404810    -6.4769E-02
  26.456914    -6.4002E-02
  26.509018    -6.3247E-02
  26.561122    -6.2501E-02
  26.613226    -6.1766E-02
  26.665331    -6.1040E-02
  26.717435    -6.0325E-02
  26.769539    -5.9620E-02
  26.821643    -5.8924E-02
  26.873747    -5.8237E-02
  26.925852    -5.7560E-02
  26.977956    -5.6892E-02
  27.030060    -5.6233E-02
  27.082164    -5.5583E-02
  27.134269    -5.4942E-02
  27.186373    -5.4309E-02
  27.238477    -5.3685E-02
  27.290581    -5.3069E-02
  27.342685    -5.2461E-02
  27.394790    -5.1862E-02
  27.446894    -5.1270E-02
  27.498998    -5.0687E-02
  27.551102    -5.0111E-02
  27.603206    -4.9542E-02
  27.655311    -4.8981E-02
  27.707415    -4.8428E-02
  27.759519    -4.7882E-02
  27.811623    -4.7343E-02
  27.863727    -4.6811E-02
  27.915832    -4.6286E-02
  27.967936    -4.5768E-02
  28.020040    -4.5257E-02
  28.072144    -4.4752E-02
  28.124248    -4.4254E-02
  28.176353    -4.3762E-02
  28.228457    -4.3277E-02
  28.280561    -4.2798E-02
  28.332665    -4.2325E-02
  28.384770    -4.1858E-02
  28.436874    -4.1397E-02
  28.488978    -4.0942E-02
  28.541082    -4.0493E-02
  28.593186    -4.0050E-02
  28.645291    -3.9612E-02
  28.697395    -3.9180E-02
  28.749499    -3.8754E-02
  28.801603    -3.8332E-02
  28.853707    -3.7917E-02
  28.905812    -3.7506E-02
  28.957916    -3.7100E-02
  29.010020    -3.6700E-02
  29.062124    -3.6305E-02
  29.114228    -3.5914E-02
  29.166333    -3.5529E-02
  29.218437    -3.5148E-02
  29.270541    -3.4772E-02
  29.322645    -3.4401E-02
  29.374749    -3.4035E-02
  29.426854    -3.3673E-02
  29.478958    -3.3315E-02
  29.531062    -3.2962E-02
  29.583166    -3.2613E-02
  29.635271    -3.2269E-02
  29.687375    -3.1928E-02
  29.739479    -3.1592E-02
  29.791583    -3.1260E-02
  29.843687    -3.0933E-02
  29.895792    -3.0609E-02
  29.947896    -3.0289E-02
  30.000000    -2.9973E-02
 107.85571142
   4.000000     2.2054E+04
   4.052104     2.0170E+04
   4.104208     1.8425E+04
   4.156313     1.6812E+04
   4.208417     1.5324E+04
   4.260521     1.3954E+04
   4.312625     1.2693E+04
   4.364729     1.1534E+04
   4.416834     1.0471E+04
   4.468938     9.4965E+03
   4.521042     8.6040E+03
   4.573146     7.7874E+03
   4.625251     7.0410E+03
   4.677355     6.3593E+03
   4.729459     5.7373E+03
   4.781563     5.1702E+03
   4.833667     4.6536E+03
   4.885772     4.1833E+03
   4.937876     3.7555E+03
   4.989980     3.3666E+03
   5.042084     3.0134E+03
   5.094188     2.6929E+03
   5.146293     2.4022E+03
   5.198397     2.1388E+03
   5.250501     1.9003E+03
   5.302605     1.6846E+03
   5.354709     1.4895E+03
   5.406814     1.3133E+03
   5.458918     1.1544E+03
   5.511022     1.0110E+03
   5.563126     8.8198E+02
   5.615230     7.6585E+02
   5.667335     6.6150E+02
   5.719439     5.6783E+02
   5.771543     4.8385E+02
   5.823647     4.0867E+02
   5.875752     3.4147E+02
   5.927856     2.8148E+02
   5.979960     2.2804E+02
   6.032064     1.8050E+02
   6.084168     1.3832E+02
   6.136273     1.0096E+02
   6.188377     6.7966E+01
   6.240481     3.8901E+01
   6.292585     1.3378E+01
   6.344689    -8.9554E+00
   6.396794    -2.8421E+01
   6.448898    -4.5309E+01
   6.501002    -5.9884E+01
   6.553106    -7.2386E+01
   6.605210    -8.3032E+01
   6.657315    -9.2019E+01
   6.709419    -9.9525E+01
   6.761523    -1.0571E+02
   6.813627    -1.1072E+02
   6.865731    -1.1469E+02
   6.917836    -1.1773E+02
   6.969940    -1.1996E+02
   7.022044    -1.2147E+02
   7.074148    -1.2234E+02
   7.126253    -1.2266E+02
   7.178357    -1.2249E+02
   7.230461    -1.2190E+02
   7.282565    -1.2095E+02
   7.334669    -1.1969E+02
   7.386774    -1.1815E+02
   7.438878    -1.1639E+02
   7.490982    -1.1444E+02
   7.543086    -1.1233E+02
   7.595190    -1.1008E+02
   7.647295    -1.0774E+02
   7.699399    -1.0531E+02
   7.751503    -1.0282E+02
   7.803607    -1.0029E+02
   7.855711    -9.7724E+01
   7.907816    -9.5146E+01
   7.959920    -9.2565E+01
   8.012024    -8.9991E+01
   8.064128    -8.7434E+01
   8.116232    -8.4900E+01
   8.168337    -8.2397E+01
   8.220441    -7.9930E+01
   8.272545    -7.7503E+01
   8.324649    -7.5122E+01
   8.376754    -7.2788E+01
   8.428858    -7.0505E+01
   8.480962    -6.8275E+01
   8.533066    -6.6099E+01
   8.585170    -6.3978E+01
   8.637275    -6.1914E+01
   8.689379    -5.9906E+01
   8.741483    -5.7955E+01
   8.793587    -5.6060E+01
   8.845691    -5.4222E+01
   8.897796    -5.2440E+01
   8.949900    -5.0713E+01
   9.002004    -4.9040E+01
   9.054108    -4.7421E+01
   9.106212    -4.5854E+01
   9.158317    -4.4339E+01
   9.210421    -4.2874E+01
   9.262525    -4.1458E+01
   9.314629    -4.0090E+01
   9.366733    -3.8768E+01
   9.418838    -3.7492E+01
   9.470942    -3.6260E+01
   9.523046    -3.5070E+01
   9.575150    -3.3922E+01
   9.627255    -3.2814E+01
   9.679359    -3.1744E+01
   9.731463    -3.0713E+01
   9.783567    -2.9717E+01
   9.835671    -2.8757E+01
   9.887776    -2.7831E+01
   9.939880    -2.6938E+01
   9.991984    -2.6076E+01
  10.044088    -2.5244E+01
  10.096192    -2.4442E+01
  10.148297    -2.3669E+01
  10.200401    -2.2923E+01
  10.252505    -2.2203E+01
  10.304609    -2.1509E+01
  10.356713    -2.0839E+01
  10.408818    -2.0192E+01
  10.460922    -1.9569E+01
  10.513026    -1.8967E+01
  10.565130    -1.8386E+01
  10.617234    -1.7825E+01
  10.669339    -1.7284E+01
  10.721443    -1.6762E+01
  10.773547    -1.6258E+01
  10.825651    -1.5771E+01
  10.877756    -1.5301E+01
  10.929860    -1.4847E+01
  10.981964    -1.4408E+01
  11.034068    -1.3985E+01
  11.086172    -1.3576E+01
  11.138277    -1.3180E+01
  11.190381    -1.2798E+01
  11.242485    -1.2429E+01
  11.294589    -1.2072E+01
  11.346693    -1.1727E+01
  11.398798    -1.1393E+01
  11.450902    -1.1071E+01
  11.503006    -1.0759E+01
  11.555110    -1.0457E+01
  11.607214    -1.0165E+01
  11.659319    -9.8824E+00
  11.711423    -9.6091E+00
  11.763527    -9.3445E+00
  11.815631    -9.0884E+00
  11.867735    -8.8405E+00
  11.919840    -8.6005E+00
  11.971944    -8.3680E+00
  12.024048    -8.1429E+00
  12.076152    -7.9248E+00
  12.128257    -7.7135E+00
  12.180361    -7.5088E+00
  12.232465    -7.3105E+00
  12.284569    -7.1182E+00
  12.336673    -6.9318E+00
  12.388778    -6.7512E+00
  12.440882    -6.5760E+00
  12.492986    -6.4061E+00
  12.545090    -6.2414E+00
  12.597194    -6.0816E+00
  12.649299    -5.9265E+00
  12.701403    -5.7761E+00
  12.753507    -5.6302E+00
  12.805611    -5.4885E+00
  12.857715    -5.3510E+00
  12.909820    -5.2175E+00
  12.961924    -5.0879E+00
  13.014028    -4.9621E+00
  13.066132    -4.8399E+00
  13.118236    -4.7212E+00
  13.170341    -4.6059E+00
  13.222445    -4.4939E+00
  13.274549    -4.3851E+00
  13.326653    -4.2793E+00
  13.378758    -4.1765E+00
  13.430862    -4.0766E+00
  13.482966    -3.9795E+00
  13.535070    -3.8851E+00
  13.587174    -3.7933E+00
  13.639279    -3.7041E+00
  13.691383    -3.6173E+00
  13.743487    -3.5329E+00
  13.795591    -3.4507E+00
  13.847695    -3.3708E+00
  13.899800    -3.2931E+00
  13.951904    -3.2174E+00
  14.004008    -3.1438E+00
  14.056112    -3.0722E+00
  14.108216    -3.0024E+00
  14.160321    -2.9345E+00
  14.212425    -2.8684E+00
  14.264529    -2.8040E+00
  14.316633    -2.7414E+00
  14.368737    -2.6803E+00
  14.420842    -2.6209E+00
  14.472946    -2.5629E+00
  14.525050    -2.5065E+00
  14.577154    -2.4515E+00
  14.629259    -2.3980E+00
  14.681363    -2.3458E+00
  14.733467    -2.2949E+00
  14.785571    -2.2453E+00
  14.837675    -2.1970E+00
  14.889780    -2.1499E+00
  14.941884    -2.1039E+00
  14.993988    -2.0592E+00
  15.046092    -2.0155E+00
  15.098196    -1.9729E+00
  15.150301    -1.9313E+00
  15.202405    -1.8908E+00
  15.254509    -1.8513E+00
  15.306613    -1.8127E+00
  15.358717    -1.7751E+00
  15.410822    -1.7384E+00
  15.462926    -1.7026E+00
  15.515030    -1.6676E+00
  15.567134    -1.6335E+00
  15.619238    -1.6002E+00
  15.671343    -1.5677E+00
  15.723447    -1.5359E+00
  15.775551    -1.5050E+00
  15.827655    -1.4747E+00
  15.879760    -1.4452E+00
  15.931864    -1.4163E+00
  15.983968    -1.3881E+00
  16.036072    -1.3606E+00
  16.088176    -1.3337E+00
  16.140281    -1.3074E+00
  16.192385    -1.2818E+00
  16.244489    -1.2567E+00
  16.296593    -1.2322E+00
  16.348697    -1.2083E+00
  16.400802    -1.1849E+00
  16.452906    -1.1620E+00
  16.505010    -1.1396E+00
  16.557114    -1.1178E+00
  16.609218    -1.0964E+00
  16.661323    -1.0756E+00
  16.713427    -1.0551E+00
  16.765531    -1.0352E+00
  16.817635    -1.0157E+00
  16.869739    -9.9656E-01
  16.921844    -9.7789E-01
  16.973948    -9.5963E-01
  17.026052    -9.4177E-01
  17.078156    -9.2429E-01
  17.130261    -9.0720E-01
  17.182365    -8.9047E-01
  17.234469    -8.7411E-01
  17.286573    -8.5809E-01
  17.338677    -8.4242E-01
  17.390782    -8.2709E-01
  17.442886    -8.1208E-01
  17.494990    -7.9739E-01
  17.547094    -7.8301E-01
  17.599198    -7.6893E-01
  17.651303    -7.5515E-01
  17.703407    -7.4166E-01
  17.755511    -7.2845E-01
  17.807615    -7.1551E-01
  17.859719    -7.0285E-01
  17.911824    -6.9044E-01
  17.963928    -6.7829E-01
  18.016032    -6.6640E-01
  18.068136    -6.5474E-01
  18.120240    -6.4333E-01
  18.172345    -6.3214E-01
  18.224449    -6.2119E-01
  18.276553    -6.1045E-01
  18.328657    -5.9994E-01
  18.380762    -5.8963E-01
  18.432866    -5.7953E-01
  18.484970    -5.6964E-01
  18.537074    -5.5994E-01
  18.589178    -5.5043E-01
  18.641283    -5.4112E-01
  18.693387    -5.3199E-01
  18.745491    -5.2303E-01
  18.797595    -5.1426E-01
  18.849699    -5.0565E-01
  18.901804    -4.9722E-01
  18.953908    -4.8895E-01
  19.006012    -4.8084E-01
  19.058116    -4.7288E-01
  19.110220    -4.6508E-01
  19.162325    -4.5743E-01
  19.214429    -4.4993E-01
  19.266533    -4.4257E-01
  19.318637    -4.3536E-01
  19.370741    -4.2828E-01
  19.422846    -4.2133E-01
  19.474950    -4.1452E-01
  19.527054    -4.0783E-01
  19.579158    -4.0127E-01
  19.631263    -3.9484E-01
  19.683367    -3.8852E-01
  19.735471    -3.8232E-01
  19.787575    -3.7624E-01
  19.839679    -3.7027E-01
  19.891784    -3.6441E-01
  19.943888    -3.5866E-01
  19.995992    -3.5302E-01
  20.048096    -3.4748E-01
  20.100200    -3.4204E-01
  20.152305    -3.3670E-01
  20.204409    -3.3146E-01
  20.256513    -3.2631E-01
  20.308617    -3.2126E-01
  20.360721    -3.1630E-01
  20.412826    -3.1143E-01
  20.464930    -3.0664E-01
  20.517034    -3.0194E-01
  20.569138    -2.9733E-01
  20.621242    -2.9279E-01
  20.673347    -2.8834E-01
  20.725451    -2.8397E-01
  20.777555    -2.7967E-01
  20.829659    -2.7546E-01
  20.881764    -2.7131E-01
  20.933868    -2.6724E-01
  20.985972    -2.6324E-01
  21.038076    -2.5931E-01
  21.090180    -2.5544E-01
  21.142285    -2.5165E-01
  21.194389    -2.4792E-01
  21.246493    -2.4425E-01
  21.298597    -2.4065E-01
  21.350701    -2.3711E-01
  21.402806    -2.3363E-01
  21.454910    -2.3021E-01
  21.507014    -2.2685E-01
  21.559118    -2.2355E-01
  21.611222    -2.2030E-01
  21.663327    -2.1711E-01
  21.715431    -2.1397E-01
  21.767535    -2.1088E-01
  21.819639    -2.0785E-01
  21.871743    -2.0487E-01
  21.923848    -2.0193E-01
  21.975952    -1.9905E-01
  22.028056    -1.9621E-01
  22.080160    -1.9343E-01
  22.132265    -1.9068E-01
  22.184369    -1.8799E-01
  22.236473    -1.8533E-01
  22.288577    -1.8272E-01
  22.340681    -1.8016E-01
  22.392786    -1.7763E-01
  22.444890    -1.7515E-01
  22.496994    -1.7271E-01
  22.549098    -1.7031E-01
  22.601202    -1.6794E-01
  22.653307    -1.6562E-01
  22.705411    -1.6333E-01
  22.757515    -1.6108E-01
  22.809619    -1.5886E-01
  22.861723    -1.5669E-01
  22.913828    -1.5454E-01
  22.965932    -1.5243E-01
  23.018036    -1.5035E-01
  23.070140    -1.4831E-01
  23.122244    -1.4630E-01
  23.174349    -1.4432E-01
  23.226453    -1.4237E-01
  23.278557    -1.4046E-01
  23.330661    -1.3857E-01
  23.382766    -1.3671E-01
  23.434870    -1.3488E-01
  23.486974    -1.3308E-01
  23.539078    -1.3131E-01
  23.591182    -1.2956E-01
  23.643287    -1.2785E-01
  23.695391    -1.2616E-01
  23.747495    -1.2449E-01
  23.799599    -1.2285E-01
  23.851703    -1.2124E-01
  23.903808    -1.1965E-01
  23.955912    -1.1808E-01
  24.008016    -1.1654E-01
  24.060120    -1.1502E-01
  24.112224    -1.1353E-01
  24.164329    -1.1206E-01
  24.216433    -1.1061E-01
  24.268537    -1.0918E-01
  24.320641    -1.0777E-01
  24.372745    -1.0639E-01
  24.424850    -1.0502E-01
  24.476954    -1.0368E-01
  24.529058    -1.0235E-01
  24.581162    -1.0105E-01
  24.633267    -9.9765E-02
  24.685371    -9.8499E-02
  24.737475    -9.7252E-02
  24.789579    -9.6023E-02
  24.841683    -9.4812E-02
  24.893788    -9.3619E-02
  24.945892    -9.2444E-02
  24.997996    -9.1285E-02
  25.050100    -9.0144E-02
  25.102204    -8.9020E-02
  25.154309    -8.7911E-02
  25.206413    -8.6819E-02
  25.258517    -8.5743E-02
  25.310621    -8.4682E-02
  25.362725    -8.3636E-02
  25.414830    -8.2606E-02
  25.466934    -8.1590E-02
  25.519038    -8.0589E-02
  25.571142    -7.9602E-02
  25.623246    -7.8629E-02
  25.675351    -7.7670E-02
  25.727455    -7.6725E-02
  25.779559    -7.5793E-02
  25.831663    -7.4875E-02
  25.883768    -7.3969E-02
  25.935872    -7.3076E-02
  25.987976    -7.2196E-02
  26.040080    -7.1328E-02
  26.092184    -7.0472E-02
  26.144289    -6.9628E-02
  26.196393    -6.8796E-02
  26.248497    -6.7976E-02
  26.300601    -6.7166E-02
  26.352705    -6.6369E-02
  26.404810    -6.5582E-02
  26.456914    -6.4806E-02
  26.509018    -6.4041E-02
  26.561122    -6.3286E-02
  26.613226    -6.2542E-02
  26.665331    -6.1808E-02
  26.717435    -6.1084E-02
  26.769539    -6.0369E-02
  26.821643    -5.9665E-02
  26.873747    -5.8970E-02
  26.925852    -5.8285E-02
  26.977956    -5.7608E-02
  27.030060    -5.6941E-02
  27.082164    -5.6283E-02
  27.134269    -5.5634E-02
  27.186373    -5.4994E-02
  27.238477    -5.4362E-02
  27.290581    -5.3739E-02
  27.342685    -5.3124E-02
  27.394790    -5.2517E-02
  27.446894    -5.1918E-02
  27.498998    -5.1327E-02
  27.551102    -5.0744E-02
  27.603206    -5.0169E-02
  27.655311    -4.9602E-02
  27.707415    -4.9041E-02
  27.759519    -4.8489E-02
  27.811623    -4.7943E-02
  27.863727    -4.7405E-02
  27.915832    -4.6873E-02
  27.967936    -4.6349E-02
  28.020040    -4.5832E-02
  28.072144    -4.5321E-02
  28.124248    -4.4817E-02
  28.176353    -4.4319E-02
  28.228457    -4.3828E-02
  28.280561    -4.3343E-02
  28.332665    -4.2864E-02
  28.384770    -4.2392E-02
  28.436874    -4.1926E-02
  28.488978    -4.1465E-02
  28.541082    -4.1011E-02
  28.593186    -4.0562E-02
  28.645291    -4.0119E-02
  28.697395    -3.9682E-02
  28.749499    -3.9250E-02
  28.801603    -3.8824E-02
  28.853707    -3.8403E-02
  28.905812    -3.7987E-02
  28.957916    -3.7577E-02
  29.010020    -3.7172E-02
  29.062124    -3.6772E-02
  29.114228    -3.6377E-02
  29.166333    -3.5987E-02
  29.218437    -3.5601E-02
  29.270541    -3.5221E-02
  29.322645    -3.4845E-02
  29.374749    -3.4474E-02
  29.426854    -3.4108E-02
  29.478958    -3.3746E-02
  29.531062    -3.3389E-02
  29.583166    -3.3036E-02
  29.635271    -3.2687E-02
  29.687375    -3.2343E-02
  29.739479    -3.2002E-02
  29.791583    -3.1666E-02
  29.843687    -3.1335E-02
  29.895792    -3.1007E-02
  29.947896    -3.0683E-02
  30.000000    -3.0363E-02
 111.46292585
   4.000000     2.3839E+04
   4.052104     2.1746E+04
   4.104208     1.9826E+04
   4.156313     1.8065E+04
   4.208417     1.6450E+04
   4.260521     1.4969E+04
   4.312625     1.3612E+04
   4.364729     1.2369E+04
   4.416834     1.1231E+04
   4.468938     1.0190E+04
   4.521042     9.2372E+03
   4.573146     8.3663E+03
   4.625251     7.5706E+03
   4.677355     6.8439E+03
   4.729459     6.1807E+03
   4.781563     5.5757E+03
   4.833667     5.0241E+03
   4.885772     4.5217E+03
   4.937876     4.0642E+03
   4.989980     3.6479E+03
   5.042084     3.2695E+03
   5.094188     2.9256E+03
   5.146293     2.6134E+03
   5.198397     2.3301E+03
   5.250501     2.0733E+03
   5.302605     1.8408E+03
   5.354709     1.6303E+03
   5.406814     1.4400E+03
   5.458918     1.2680E+03
   5.511022     1.1129E+03
   5.563126     9.7299E+02
   5.615230     8.4702E+02
   5.667335     7.3370E+02
   5.719439     6.3190E+02
   5.771543     5.4055E+02
   5.823647     4.5870E+02
   5.875752     3.8547E+02
   5.927856     3.2006E+02
   5.979960     2.6173E+02
   6.032064     2.0982E+02
   6.084168     1.6370E+02
   6.136273     1.2284E+02
   6.188377     8.6705E+01
   6.240481     5.4850E+01
   6.292585     2.6848E+01
   6.344689     2.3184E+00
   6.396794    -1.9089E+01
   6.448898    -3.7689E+01
   6.501002    -5.3770E+01
   6.553106    -6.7592E+01
   6.605210    -7.9393E+01
   6.657315    -8.9385E+01
   6.709419    -9.7763E+01
   6.761523    -1.0470E+02
   6.813627    -1.1036E+02
   6.865731    -1.1489E+02
   6.917836    -1.1840E+02
   6.969940    -1.2103E+02
   7.022044    -1.2287E+02
   7.074148    -1.2403E+02
   7.126253    -1.2457E+02
   7.178357    -1.2459E+02
   7.230461    -1.2416E+02
   7.282565    -1.2332E+02
   7.334669    -1.2214E+02
   7.386774    -1.2067E+02
   7.438878    -1.1895E+02
   7.490982    -1.1702E+02
   7.543086    -1.1492E+02
   7.595190    -1.1267E+02
   7.647295    -1.1031E+02
   7.699399    -1.0786E+02
   7.751503    -1.0533E+02
   7.803607    -1.0276E+02
   7.855711    -1.0015E+02
   7.907816    -9.7528E+01
   7.959920    -9.4896E+01
   8.012024    -9.2269E+01
   8.064128    -8.9656E+01
   8.116232    -8.7066E+01
   8.168337    -8.4505E+01
   8.220441    -8.1980E+01
   8.272545    -7.9496E+01
   8.324649    -7.7057E+01
   8.376754    -7.4667E+01
   8.428858    -7.2328E+01
   8.480962    -7.0042E+01
   8.533066    -6.7812E+01
   8.585170    -6.5638E+01
   8.637275    -6.3521E+01
   8.689379    -6.1462E+01
   8.741483    -5.9462E+01
   8.793587    -5.7519E+01
   8.845691    -5.5634E+01
   8.897796    -5.3805E+01
   8.949900    -5.2034E+01
   9.002004    -5.0318E+01
   9.054108    -4.8657E+01
   9.106212    -4.7049E+01
   9.158317    -4.5495E+01
   9.210421    -4.3991E+01
   9.262525    -4.2538E+01
   9.314629    -4.1134E+01
   9.366733    -3.9777E+01
   9.418838    -3.8467E+01
   9.470942    -3.7202E+01
   9.523046    -3.5981E+01
   9.575150    -3.4802E+01
   9.627255    -3.3664E+01
   9.679359    -3.2566E+01
   9.731463    -3.1507E+01
   9.783567    -3.0485E+01
   9.835671    -2.9498E+01
   9.887776    -2.8547E+01
   9.939880    -2.7629E+01
   9.991984    -2.6744E+01
  10.044088    -2.5889E+01
  10.096192    -2.5066E+01
  10.148297    -2.4271E+01
  10.200401    -2.3504E+01
  10.252505    -2.2764E+01
  10.304609    -2.2050E+01
  10.356713    -2.1362E+01
  10.408818    -2.0698E+01
  10.460922    -2.0057E+01
  10.513026    -1.9438E+01
  10.565130    -1.8841E+01
  10.617234    -1.8265E+01
  10.669339    -1.7709E+01
  10.721443    -1.7172E+01
  10.773547    -1.6654E+01
  10.825651    -1.6153E+01
  10.877756    -1.5670E+01
  10.929860    -1.5203E+01
  10.981964    -1.4753E+01
  11.034068    -1.4317E+01
  11.086172    -1.3897E+01
  11.138277    -1.3491E+01
  11.190381    -1.3098E+01
  11.242485    -1.2719E+01
  11.294589    -1.2352E+01
  11.346693    -1.1997E+01
  11.398798    -1.1655E+01
  11.450902    -1.1323E+01
  11.503006    -1.1003E+01
  11.555110    -1.0693E+01
  11.607214    -1.0393E+01
  11.659319    -1.0103E+01
  11.711423    -9.8227E+00
  11.763527    -9.5512E+00
  11.815631    -9.2884E+00
  11.867735    -9.0340E+00
  11.919840    -8.7878E+00
  11.971944    -8.5493E+00
  12.024048    -8.3184E+00
  12.076152    -8.0948E+00
  12.128257    -7.8782E+00
  12.180361    -7.6684E+00
  12.232465    -7.4651E+00
  12.284569    -7.2681E+00
  12.336673    -7.0772E+00
  12.388778    -6.8921E+00
  12.440882    -6.7127E+00
  12.492986    -6.5388E+00
  12.545090    -6.3701E+00
  12.597194    -6.2065E+00
  12.649299    -6.0478E+00
  12.701403    -5.8939E+00
  12.753507    -5.7445E+00
  12.805611    -5.5996E+00
  12.857715    -5.4590E+00
  12.909820    -5.3225E+00
  12.961924    -5.1900E+00
  13.014028    -5.0613E+00
  13.066132    -4.9364E+00
  13.118236    -4.8151E+00
  13.170341    -4.6973E+00
  13.222445    -4.5829E+00
  13.274549    -4.4717E+00
  13.326653    -4.3637E+00
  13.378758    -4.2587E+00
  13.430862    -4.1567E+00
  13.482966    -4.0576E+00
  13.535070    -3.9612E+00
  13.587174    -3.8675E+00
  13.639279    -3.7764E+00
  13.691383    -3.6878E+00
  13.743487    -3.6017E+00
  13.795591    -3.5179E+00
  13.847695    -3.4364E+00
  13.899800    -3.3571E+00
  13.951904    -3.2799E+00
  14.004008    -3.2048E+00
  14.056112    -3.1318E+00
  14.108216    -3.0606E+00
  14.160321    -2.9914E+00
  14.212425    -2.9240E+00
  14.264529    -2.8584E+00
  14.316633    -2.7945E+00
  14.368737    -2.7322E+00
  14.420842    -2.6716E+00
  14.472946    -2.6126E+00
  14.525050    -2.5551E+00
  14.577154    -2.4991E+00
  14.629259    -2.4445E+00
  14.681363    -2.3913E+00
  14.733467    -2.3394E+00
  14.785571    -2.2889E+00
  14.837675    -2.2397E+00
  14.889780    -2.1916E+00
  14.941884    -2.1448E+00
  14.993988    -2.0992E+00
  15.046092    -2.0547E+00
  15.098196    -2.0113E+00
  15.150301    -1.9690E+00
  15.202405    -1.9277E+00
  15.254509    -1.8874E+00
  15.306613    -1.8481E+00
  15.358717    -1.8098E+00
  15.410822    -1.7723E+00
  15.462926    -1.7358E+00
  15.515030    -1.7002E+00
  15.567134    -1.6654E+00
  15.619238    -1.6315E+00
  15.671343    -1.5984E+00
  15.723447    -1.5660E+00
  15.775551    -1.5344E+00
  15.827655    -1.5036E+00
  15.879760    -1.4735E+00
  15.931864    -1.4441E+00
  15.983968    -1.4153E+00
  16.036072    -1.3873E+00
  16.088176    -1.3599E+00
  16.140281    -1.3331E+00
  16.192385    -1.3069E+00
  16.244489    -1.2814E+00
  16.296593    -1.2564E+00
  16.348697    -1.2320E+00
  16.400802    -1.2081E+00
  16.452906    -1.1848E+00
  16.505010    -1.1620E+00
  16.557114    -1.1397E+00
  16.609218    -1.1180E+00
  16.661323    -1.0967E+00
  16.713427    -1.0759E+00
  16.765531    -1.0555E+00
  16.817635    -1.0356E+00
  16.869739    -1.0161E+00
  16.921844    -9.9706E-01
  16.973948    -9.7844E-01
  17.026052    -9.6021E-01
  17.078156    -9.4239E-01
  17.130261    -9.2495E-01
  17.182365    -9.0788E-01
  17.234469    -8.9119E-01
  17.286573    -8.7485E-01
  17.338677    -8.5886E-01
  17.390782    -8.4321E-01
  17.442886    -8.2790E-01
  17.494990    -8.1291E-01
  17.547094    -7.9824E-01
  17.599198    -7.8387E-01
  17.651303    -7.6981E-01
  17.703407    -7.5604E-01
  17.755511    -7.4256E-01
  17.807615    -7.2936E-01
  17.859719    -7.1643E-01
  17.911824    -7.0377E-01
  17.963928    -6.9138E-01
  18.016032    -6.7923E-01
  18.068136    -6.6734E-01
  18.120240    -6.5569E-01
  18.172345    -6.4427E-01
  18.224449    -6.3309E-01
  18.276553    -6.2213E-01
  18.328657    -6.1140E-01
  18.380762    -6.0088E-01
  18.432866    -5.9057E-01
  18.484970    -5.8047E-01
  18.537074    -5.7057E-01
  18.589178    -5.6087E-01
  18.641283    -5.5136E-01
  18.693387    -5.4204E-01
  18.745491    -5.3290E-01
  18.797595    -5.2394E-01
  18.849699    -5.1516E-01
  18.901804    -5.0655E-01
  18.953908    -4.9811E-01
  19.006012    -4.8983E-01
  19.058116    -4.8171E-01
  19.110220    -4.7375E-01
  19.162325    -4.6594E-01
  19.214429    -4.5828E-01
  19.266533    -4.5077E-01
  19.318637    -4.4341E-01
  19.370741    -4.3618E-01
  19.422846    -4.2909E-01
  19.474950    -4.2214E-01
  19.527054    -4.1531E-01
  19.579158    -4.0862E-01
  19.631263    -4.0205E-01
  19.683367    -3.9561E-01
  19.735471    -3.8928E-01
  19.787575    -3.8308E-01
  19.839679    -3.7699E-01
  19.891784    -3.7101E-01
  19.943888    -3.6514E-01
  19.995992    -3.5938E-01
  20.048096    -3.5373E-01
  20.100200    -3.4818E-01
  20.152305    -3.4273E-01
  20.204409    -3.3739E-01
  20.256513    -3.3213E-01
  20.308617    -3.2698E-01
  20.360721    -3.2192E-01
  20.412826    -3.1695E-01
  20.464930    -3.1207E-01
  20.517034    -3.0727E-01
  20.569138    -3.0257E-01
  20.621242    -2.9794E-01
  20.673347    -2.9340E-01
  20.725451    -2.8894E-01
  20.777555    -2.8456E-01
  20.829659    -2.8026E-01
  20.881764    -2.7603E-01
  20.933868    -2.7188E-01
  20.985972    -2.6780E-01
  21.038076    -2.6379E-01
  21.090180    -2.5986E-01
  21.142285    -2.5599E-01
  21.194389    -2.5218E-01
  21.246493    -2.4845E-01
  21.298597    -2.4478E-01
  21.350701    -2.4117E-01
  21.402806    -2.3762E-01
  21.454910    -2.3414E-01
  21.507014    -2.3071E-01
  21.559118    -2.2734E-01
  21.611222    -2.2403E-01
  21.663327    -2.2078E-01
  21.715431    -2.1758E-01
  21.767535    -2.1444E-01
  21.819639    -2.1135E-01
  21.871743    -2.0831E-01
  21.923848    -2.0532E-01
  21.975952    -2.0238E-01
  22.028056    -1.9949E-01
  22.080160    -1.9665E-01
  22.132265    -1.9386E-01
  22.184369    -1.9111E-01
  22.236473    -1.8841E-01
  22.288577    -1.8575E-01
  22.340681    -1.8314E-01
  22.392786    -1.8057E-01
  22.444890    -1.7804E-01
  22.496994    -1.7556E-01
  22.549098    -1.7311E-01
  22.601202    -1.7070E-01
  22.653307    -1.6834E-01
  22.705411    -1.6601E-01
  22.757515    -1.6371E-01
  22.809619    -1.6146E-01
  22.861723    -1.5924E-01
  22.913828    -1.5706E-01
  22.965932    -1.5491E-01
  23.018036    -1.5280E-01
  23.070140    -1.5072E-01
  23.122244    -1.4867E-01
  23.174349    -1.4666E-01
  23.226453    -1.4468E-01
  23.278557    -1.4272E-01
  23.330661    -1.4080E-01
  23.382766    -1.3891E-01
  23.434870    -1.3705E-01
  23.486974    -1.3522E-01
  23.539078    -1.3342E-01
  23.591182    -1.3164E-01
  23.643287    -1.2990E-01
  23.695391    -1.2818E-01
  23.747495    -1.2648E-01
  23.799599    -1.2482E-01
  23.851703    -1.2317E-01
  23.903808    -1.2156E-01
  23.955912    -1.1997E-01
  24.008016    -1.1840E-01
  24.060120    -1.1686E-01
  24.112224    -1.1534E-01
  24.164329    -1.1384E-01
  24.216433    -1.1236E-01
  24.268537    -1.1091E-01
  24.320641    -1.0948E-01
  24.372745    -1.0807E-01
  24.424850    -1.0669E-01
  24.476954    -1.0532E-01
  24.529058    -1.0397E-01
  24.581162    -1.0265E-01
  24.633267    -1.0134E-01
  24.685371    -1.0006E-01
  24.737475    -9.8788E-02
  24.789579    -9.7539E-02
  24.841683    -9.6309E-02
  24.893788    -9.5097E-02
  24.945892    -9.3902E-02
  24.997996    -9.2725E-02
  25.050100    -9.1565E-02
  25.102204    -9.0422E-02
  25.154309    -8.9296E-02
  25.206413    -8.8187E-02
  25.258517    -8.7093E-02
  25.310621    -8.6015E-02
  25.362725    -8.4953E-02
  25.414830    -8.3906E-02
  25.466934    -8.2874E-02
  25.519038    -8.1857E-02
  25.571142    -8.0855E-02
  25.623246    -7.9866E-02
  25.675351    -7.8892E-02
  25.727455    -7.7932E-02
  25.779559    -7.6986E-02
  25.831663    -7.6053E-02
  25.883768    -7.5133E-02
  25.935872    -7.4226E-02
  25.987976    -7.3332E-02
  26.040080    -7.2451E-02
  26.092184    -7.1581E-02
  26.144289    -7.0724E-02
  26.196393    -6.9879E-02
  26.248497    -6.9046E-02
  26.300601    -6.8225E-02
  26.352705    -6.7415E-02
  26.404810    -6.6616E-02
  26.456914    -6.5828E-02
  26.509018    -6.5051E-02
  26.561122    -6.4285E-02
  26.613226    -6.3529E-02
  26.665331    -6.2783E-02
  26.717435    -6.2048E-02
  26.769539    -6.1323E-02
  26.821643    -6.0608E-02
  26.873747    -5.9903E-02
  26.925852    -5.9207E-02
  26.977956    -5.8520E-02
  27.030060    -5.7843E-02
  27.082164    -5.7175E-02
  27.134269    -5.6516E-02
  27.186373    -5.5866E-02
  27.238477    -5.5225E-02
  27.290581    -5.4592E-02
  27.342685    -5.3968E-02
  27.394790    -5.3352E-02
  27.446894    -5.2744E-02
  27.498998    -5.2144E-02
  27.551102    -5.1553E-02
  27.603206    -5.0969E-02
  27.655311    -5.0393E-02
  27.707415    -4.9824E-02
  27.759519    -4.9263E-02
  27.811623    -4.8709E-02
  27.863727    -4.8163E-02
  27.915832    -4.7624E-02
  27.967936    -4.7092E-02
  28.020040    -4.6566E-02
  28.072144    -4.6048E-02
  28.124248    -4.5536E-02
  28.176353    -4.5031E-02
  28.228457    -4.4533E-02
  28.280561    -4.4041E-02
  28.332665    -4.3555E-02
  28.384770    -4.3076E-02
  28.436874    -4.2602E-02
  28.488978    -4.2135E-02
  28.541082    -4.1674E-02
  28.593186    -4.1219E-02
  28.645291    -4.0769E-02
  28.697395    -4.0325E-02
  28.749499    -3.9887E-02
  28.801603    -3.9455E-02
  28.853707    -3.9028E-02
  28.905812    -3.8606E-02
  28.957916    -3.8189E-02
  29.010020    -3.7778E-02
  29.062124    -3.7372E-02
  29.114228    -3.6971E-02
  29.166333    -3.6576E-02
  29.218437    -3.6185E-02
  29.270541    -3.5799E-02
  29.322645    -3.5417E-02
  29.374749    -3.5041E-02
  29.426854    -3.4669E-02
  29.478958    -3.4302E-02
  29.531062    -3.3939E-02
  29.583166    -3.3581E-02
  29.635271    -3.3227E-02
  29.687375    -3.2878E-02
  29.739479    -3.2533E-02
  29.791583    -3.2192E-02
  29.843687    -3.1855E-02
  29.895792    -3.1522E-02
  29.947896    -3.1194E-02
  30.000000    -3.0869E-02
 115.07014028
   4.000000     2.5944E+04
   4.052104     2.3643E+04
   4.104208     2.1541E+04
   4.156313     1.9619E+04
   4.208417     1.7861E+04
   4.260521     1.6254E+04
   4.312625     1.4783E+04
   4.364729     1.3438E+04
   4.416834     1.2208E+04
   4.468938     1.1082E+04
   4.521042     1.0053E+04
   4.573146     9.1122E+03
   4.625251     8.2524E+03
   4.677355     7.4669E+03
   4.729459     6.7496E+03
   4.781563     6.0950E+03
   4.833667     5.4977E+03
   4.885772     4.9532E+03
   4.937876     4.4570E+03
   4.989980     4.0052E+03
   5.042084     3.5939E+03
   5.094188     3.2200E+03
   5.146293     2.8801E+03
   5.198397     2.5714E+03
   5.250501     2.2914E+03
   5.302605     2.0375E+03
   5.354709     1.8075E+03
   5.406814     1.5993E+03
   5.458918     1.4111E+03
   5.511022     1.2411E+03
   5.563126     1.0877E+03
   5.615230     9.4943E+02
   5.667335     8.2495E+02
   5.719439     7.1301E+02
   5.771543     6.1249E+02
   5.823647     5.2234E+02
   5.875752     4.4161E+02
   5.927856     3.6943E+02
   5.979960     3.0502E+02
   6.032064     2.4762E+02
   6.084168     1.9660E+02
   6.136273     1.5132E+02
   6.188377     1.1125E+02
   6.240481     7.5878E+01
   6.292585     4.4740E+01
   6.344689     1.7420E+01
   6.396794    -6.4654E+00
   6.448898    -2.7261E+01
   6.501002    -4.5282E+01
   6.553106    -6.0816E+01
   6.605210    -7.4121E+01
   6.657315    -8.5432E+01
   6.709419    -9.4964E+01
   6.761523    -1.0291E+02
   6.813627    -1.0944E+02
   6.865731    -1.1472E+02
   6.917836    -1.1888E+02
   6.969940    -1.2206E+02
   7.022044    -1.2438E+02
   7.074148    -1.2593E+02
   7.126253    -1.2681E+02
   7.178357    -1.2710E+02
   7.230461    -1.2689E+02
   7.282565    -1.2623E+02
   7.334669    -1.2519E+02
   7.386774    -1.2383E+02
   7.438878    -1.2219E+02
   7.490982    -1.2031E+02
   7.543086    -1.1824E+02
   7.595190    -1.1600E+02
   7.647295    -1.1363E+02
   7.699399    -1.1116E+02
   7.751503    -1.0860E+02
   7.803607    -1.0599E+02
   7.855711    -1.0333E+02
   7.907816    -1.0065E+02
   7.959920    -9.7957E+01
   8.012024    -9.5263E+01
   8.064128    -9.2580E+01
   8.116232    -8.9918E+01
   8.168337    -8.7283E+01
   8.220441    -8.4683E+01
   8.272545    -8.2123E+01
   8.324649    -7.9608E+01
   8.376754    -7.7141E+01
   8.428858    -7.4726E+01
   8.480962    -7.2366E+01
   8.533066    -7.0062E+01
   8.585170    -6.7815E+01
   8.637275    -6.5627E+01
   8.689379    -6.3499E+01
   8.741483    -6.1430E+01
   8.793587    -5.9421E+01
   8.845691    -5.7471E+01
   8.897796    -5.5580E+01
   8.949900    -5.3747E+01
   9.002004    -5.1972E+01
   9.054108    -5.0253E+01
   9.106212    -4.8590E+01
   9.158317    -4.6981E+01
   9.210421    -4.5426E+01
   9.262525    -4.3922E+01
   9.314629    -4.2469E+01
   9.366733    -4.1065E+01
   9.418838    -3.9710E+01
   9.470942    -3.8401E+01
   9.523046    -3.7137E+01
   9.575150    -3.5917E+01
   9.627255    -3.4740E+01
   9.679359    -3.3604E+01
   9.731463    -3.2508E+01
   9.783567    -3.1450E+01
   9.835671    -3.0430E+01
   9.887776    -2.9446E+01
   9.939880    -2.8496E+01
   9.991984    -2.7580E+01
  10.044088    -2.6697E+01
  10.096192    -2.5845E+01
  10.148297    -2.5022E+01
  10.200401    -2.4229E+01
  10.252505    -2.3464E+01
  10.304609    -2.2726E+01
  10.356713    -2.2014E+01
  10.408818    -2.1328E+01
  10.460922    -2.0665E+01
  10.513026    -2.0025E+01
  10.565130    -1.9408E+01
  10.617234    -1.8813E+01
  10.669339    -1.8238E+01
  10.721443    -1.7683E+01
  10.773547    -1.7147E+01
  10.825651    -1.6630E+01
  10.877756    -1.6131E+01
  10.929860    -1.5649E+01
  10.981964    -1.5183E+01
  11.034068    -1.4734E+01
  11.086172    -1.4299E+01
  11.138277    -1.3880E+01
  11.190381    -1.3474E+01
  11.242485    -1.3083E+01
  11.294589    -1.2704E+01
  11.346693    -1.2338E+01
  11.398798    -1.1985E+01
  11.450902    -1.1643E+01
  11.503006    -1.1312E+01
  11.555110    -1.0992E+01
  11.607214    -1.0683E+01
  11.659319    -1.0384E+01
  11.711423    -1.0094E+01
  11.763527    -9.8144E+00
  11.815631    -9.5434E+00
  11.867735    -9.2811E+00
  11.919840    -9.0273E+00
  11.971944    -8.7815E+00
  12.024048    -8.5436E+00
  12.076152    -8.3131E+00
  12.128257    -8.0900E+00
  12.180361    -7.8738E+00
  12.232465    -7.6644E+00
  12.284569    -7.4615E+00
  12.336673    -7.2649E+00
  12.388778    -7.0743E+00
  12.440882    -6.8896E+00
  12.492986    -6.7105E+00
  12.545090    -6.5369E+00
  12.597194    -6.3686E+00
  12.649299    -6.2053E+00
  12.701403    -6.0469E+00
  12.753507    -5.8933E+00
  12.805611    -5.7442E+00
  12.857715    -5.5996E+00
  12.909820    -5.4592E+00
  12.961924    -5.3229E+00
  13.014028    -5.1907E+00
  13.066132    -5.0623E+00
  13.118236    -4.9376E+00
  13.170341    -4.8165E+00
  13.222445    -4.6989E+00
  13.274549    -4.5847E+00
  13.326653    -4.4737E+00
  13.378758    -4.3659E+00
  13.430862    -4.2611E+00
  13.482966    -4.1593E+00
  13.535070    -4.0603E+00
  13.587174    -3.9641E+00
  13.639279    -3.8705E+00
  13.691383    -3.7796E+00
  13.743487    -3.6911E+00
  13.795591    -3.6051E+00
  13.847695    -3.5214E+00
  13.899800    -3.4400E+00
  13.951904    -3.3608E+00
  14.004008    -3.2838E+00
  14.056112    -3.2088E+00
  14.108216    -3.1358E+00
  14.160321    -3.0648E+00
  14.212425    -2.9957E+00
  14.264529    -2.9283E+00
  14.316633    -2.8628E+00
  14.368737    -2.7990E+00
  14.420842    -2.7368E+00
  14.472946    -2.6762E+00
  14.525050    -2.6173E+00
  14.577154    -2.5598E+00
  14.629259    -2.5038E+00
  14.681363    -2.4493E+00
  14.733467    -2.3961E+00
  14.785571    -2.3443E+00
  14.837675    -2.2938E+00
  14.889780    -2.2446E+00
  14.941884    -2.1966E+00
  14.993988    -2.1498E+00
  15.046092    -2.1042E+00
  15.098196    -2.0597E+00
  15.150301    -2.0163E+00
  15.202405    -1.9740E+00
  15.254509    -1.9327E+00
  15.306613    -1.8924E+00
  15.358717    -1.8531E+00
  15.410822    -1.8148E+00
  15.462926    -1.7774E+00
  15.515030    -1.7409E+00
  15.567134    -1.7052E+00
  15.619238    -1.6705E+00
  15.671343    -1.6365E+00
  15.723447    -1.6034E+00
  15.775551    -1.5710E+00
  15.827655    -1.5394E+00
  15.879760    -1.5085E+00
  15.931864    -1.4784E+00
  15.983968    -1.4489E+00
  16.036072    -1.4202E+00
  16.088176    -1.3921E+00
  16.140281    -1.3647E+00
  16.192385    -1.3379E+00
  16.244489    -1.3117E+00
  16.296593    -1.2861E+00
  16.348697    -1.2611E+00
  16.400802    -1.2366E+00
  16.452906    -1.2127E+00
  16.505010    -1.1894E+00
  16.557114    -1.1666E+00
  16.609218    -1.1442E+00
  16.661323    -1.1224E+00
  16.713427    -1.1011E+00
  16.765531    -1.0802E+00
  16.817635    -1.0598E+00
  16.869739    -1.0399E+00
  16.921844    -1.0204E+00
  16.973948    -1.0013E+00
  17.026052    -9.8261E-01
  17.078156    -9.6434E-01
  17.130261    -9.4647E-01
  17.182365    -9.2899E-01
  17.234469    -9.1189E-01
  17.286573    -8.9515E-01
  17.338677    -8.7877E-01
  17.390782    -8.6274E-01
  17.442886    -8.4705E-01
  17.494990    -8.3169E-01
  17.547094    -8.1666E-01
  17.599198    -8.0194E-01
  17.651303    -7.8753E-01
  17.703407    -7.7343E-01
  17.755511    -7.5962E-01
  17.807615    -7.4610E-01
  17.859719    -7.3285E-01
  17.911824    -7.1988E-01
  17.963928    -7.0718E-01
  18.016032    -6.9474E-01
  18.068136    -6.8256E-01
  18.120240    -6.7062E-01
  18.172345    -6.5893E-01
  18.224449    -6.4748E-01
  18.276553    -6.3625E-01
  18.328657    -6.2526E-01
  18.380762    -6.1448E-01
  18.432866    -6.0393E-01
  18.484970    -5.9358E-01
  18.537074    -5.8344E-01
  18.589178    -5.7350E-01
  18.641283    -5.6376E-01
  18.693387    -5.5422E-01
  18.745491    -5.4486E-01
  18.797595    -5.3568E-01
  18.849699    -5.2669E-01
  18.901804    -5.1787E-01
  18.953908    -5.0922E-01
  19.006012    -5.0075E-01
  19.058116    -4.9243E-01
  19.110220    -4.8428E-01
  19.162325    -4.7629E-01
  19.214429    -4.6844E-01
  19.266533    -4.6075E-01
  19.318637    -4.5321E-01
  19.370741    -4.4581E-01
  19.422846    -4.3855E-01
  19.474950    -4.3143E-01
  19.527054    -4.2445E-01
  19.579158    -4.1759E-01
  19.631263    -4.1087E-01
  19.683367    -4.0427E-01
  19.735471    -3.9780E-01
  19.787575    -3.9144E-01
  19.839679    -3.8521E-01
  19.891784    -3.7909E-01
  19.943888    -3.7308E-01
  19.995992    -3.6719E-01
  20.048096    -3.6140E-01
  20.100200    -3.5572E-01
  20.152305    -3.5015E-01
  20.204409    -3.4467E-01
  20.256513    -3.3930E-01
  20.308617    -3.3403E-01
  20.360721    -3.2885E-01
  20.412826    -3.2376E-01
  20.464930    -3.1876E-01
  20.517034    -3.1386E-01
  20.569138    -3.0904E-01
  20.621242    -3.0431E-01
  20.673347    -2.9967E-01
  20.725451    -2.9510E-01
  20.777555    -2.9062E-01
  20.829659    -2.8622E-01
  20.881764    -2.8190E-01
  20.933868    -2.7765E-01
  20.985972    -2.7347E-01
  21.038076    -2.6937E-01
  21.090180    -2.6535E-01
  21.142285    -2.6139E-01
  21.194389    -2.5750E-01
  21.246493    -2.5368E-01
  21.298597    -2.4992E-01
  21.350701    -2.4623E-01
  21.402806    -2.4260E-01
  21.454910    -2.3904E-01
  21.507014    -2.3554E-01
  21.559118    -2.3209E-01
  21.611222    -2.2871E-01
  21.663327    -2.2538E-01
  21.715431    -2.2211E-01
  21.767535    -2.1890E-01
  21.819639    -2.1574E-01
  21.871743    -2.1263E-01
  21.923848    -2.0958E-01
  21.975952    -2.0657E-01
  22.028056    -2.0362E-01
  22.080160    -2.0071E-01
  22.132265    -1.9786E-01
  22.184369    -1.9505E-01
  22.236473    -1.9229E-01
  22.288577    -1.8957E-01
  22.340681    -1.8690E-01
  22.392786    -1.8428E-01
  22.444890    -1.8169E-01
  22.496994    -1.7915E-01
  22.549098    -1.7665E-01
  22.601202    -1.7419E-01
  22.653307    -1.7177E-01
  22.705411    -1.6939E-01
  22.757515    -1.6705E-01
  22.809619    -1.6475E-01
  22.861723    -1.6248E-01
  22.913828    -1.6025E-01
  22.965932    -1.5805E-01
  23.018036    -1.5590E-01
  23.070140    -1.5377E-01
  23.122244    -1.5168E-01
  23.174349    -1.4962E-01
  23.226453    -1.4760E-01
  23.278557    -1.4560E-01
  23.330661    -1.4364E-01
  23.382766    -1.4171E-01
  23.434870    -1.3981E-01
  23.486974    -1.3794E-01
  23.539078    -1.3610E-01
  23.591182    -1.3429E-01
  23.643287    -1.3250E-01
  23.695391    -1.3075E-01
  23.747495    -1.2902E-01
  23.799599    -1.2731E-01
  23.851703    -1.2564E-01
  23.903808    -1.2399E-01
  23.955912    -1.2236E-01
  24.008016    -1.2076E-01
  24.060120    -1.1918E-01
  24.112224    -1.1763E-01
  24.164329    -1.1610E-01
  24.216433    -1.1460E-01
  24.268537    -1.1312E-01
  24.320641    -1.1166E-01
  24.372745    -1.1022E-01
  24.424850    -1.0880E-01
  24.476954    -1.0741E-01
  24.529058    -1.0603E-01
  24.581162    -1.0468E-01
  24.633267    -1.0335E-01
  24.685371    -1.0203E-01
  24.737475    -1.0074E-01
  24.789579    -9.9466E-02
  24.841683    -9.8210E-02
  24.893788    -9.6973E-02
  24.945892    -9.5754E-02
  24.997996    -9.4553E-02
  25.050100    -9.3369E-02
  25.102204    -9.2203E-02
  25.154309    -9.1054E-02
  25.206413    -8.9921E-02
  25.258517    -8.8805E-02
  25.310621    -8.7705E-02
  25.362725    -8.6621E-02
  25.414830    -8.5553E-02
  25.466934    -8.4500E-02
  25.519038    -8.3462E-02
  25.571142    -8.2440E-02
  25.623246    -8.1432E-02
  25.675351    -8.0438E-02
  25.727455    -7.9458E-02
  25.779559    -7.8493E-02
  25.831663    -7.7541E-02
  25.883768    -7.6602E-02
  25.935872    -7.5677E-02
  25.987976    -7.4765E-02
  26.040080    -7.3866E-02
  26.092184    -7.2979E-02
  26.144289    -7.2105E-02
  26.196393    -7.1243E-02
  26.248497    -7.0393E-02
  26.300601    -6.9555E-02
  26.352705    -6.8729E-02
  26.404810    -6.7914E-02
  26.456914    -6.7111E-02
  26.509018    -6.6318E-02
  26.561122    -6.5537E-02
  26.613226    -6.4766E-02
  26.665331    -6.4006E-02
  26.717435    -6.3256E-02
  26.769539    -6.2516E-02
  26.821643    -6.1787E-02
  26.873747    -6.1068E-02
  26.925852    -6.0358E-02
  26.977956    -5.9658E-02
  27.030060    -5.8968E-02
  27.082164    -5.8286E-02
  27.134269    -5.7614E-02
  27.186373    -5.6952E-02
  27.238477    -5.6298E-02
  27.290581    -5.5652E-02
  27.342685    -5.5016E-02
  27.394790    -5.4388E-02
  27.446894    -5.3768E-02
  27.498998    -5.3157E-02
  27.551102    -5.2553E-02
  27.603206    -5.1958E-02
  27.655311    -5.1371E-02
  27.707415    -5.0791E-02
  27.759519    -5.0219E-02
  27.811623    -4.9655E-02
  27.863727    -4.9097E-02
  27.915832    -4.8548E-02
  27.967936    -4.8005E-02
  28.020040    -4.7470E-02
  28.072144    -4.6941E-02
  28.124248    -4.6420E-02
  28.176353    -4.5905E-02
  28.228457    -4.5397E-02
  28.280561    -4.4895E-02
  28.332665    -4.4400E-02
  28.384770    -4.3911E-02
  28.436874    -4.3429E-02
  28.488978    -4.2952E-02
  28.541082    -4.2482E-02
  28.593186    -4.2018E-02
  28.645291    -4.1560E-02
  28.697395    -4.1108E-02
  28.749499    -4.0661E-02
  28.801603    -4.0220E-02
  28.853707    -3.9785E-02
  28.905812    -3.9355E-02
  28.957916    -3.8930E-02
  29.010020    -3.8511E-02
  29.062124    -3.8097E-02
  29.114228    -3.7689E-02
  29.166333    -3.7285E-02
  29.218437    -3.6887E-02
  29.270541    -3.6494E-02
  29.322645    -3.6105E-02
  29.374749    -3.5721E-02
  29.426854    -3.5342E-02
  29.478958    -3.4968E-02
  29.531062    -3.4598E-02
  29.583166    -3.4233E-02
  29.635271    -3.3873E-02
  29.687375    -3.3517E-02
  29.739479    -3.3165E-02
  29.791583    -3.2818E-02
  29.843687    -3.2474E-02
  29.895792    -3.2135E-02
  29.947896    -3.1801E-02
  30.000000    -3.1470E-02
 118.67735471
   4.000000     2.8148E+04
   4.052104     2.5720E+04
   4.104208     2.3489E+04
   4.156313     2.1438E+04
   4.208417     1.9554E+04
   4.260521     1.7824E+04
   4.312625     1.6235E+04
   4.364729     1.4778E+04
   4.416834     1.3440E+04
   4.468938     1.2215E+04
   4.521042     1.1091E+04
   4.573146     1.0063E+04
   4.625251     9.1212E+03
   4.677355     8.2598E+03
   4.729459     7.4723E+03
   4.781563     6.7529E+03
   4.833667     6.0959E+03
   4.885772     5.4965E+03
   4.937876     4.9499E+03
   4.989980     4.4518E+03
   5.042084     3.9983E+03
   5.094188     3.5856E+03
   5.146293     3.2104E+03
   5.198397     2.8695E+03
   5.250501     2.5601E+03
   5.302605     2.2795E+03
   5.354709     2.0251E+03
   5.406814     1.7948E+03
   5.458918     1.5865E+03
   5.511022     1.3983E+03
   5.563126     1.2284E+03
   5.615230     1.0751E+03
   5.667335     9.3706E+02
   5.719439     8.1284E+02
   5.771543     7.0122E+02
   5.823647     6.0104E+02
   5.875752     5.1127E+02
   5.927856     4.3093E+02
   5.979960     3.5916E+02
   6.032064     2.9515E+02
   6.084168     2.3817E+02
   6.136273     1.8755E+02
   6.188377     1.4268E+02
   6.240481     1.0300E+02
   6.292585     6.8015E+01
   6.344689     3.7253E+01
   6.396794     1.0297E+01
   6.448898    -1.3235E+01
   6.501002    -3.3691E+01
   6.553106    -5.1385E+01
   6.605210    -6.6604E+01
   6.657315    -7.9607E+01
   6.709419    -9.0629E+01
   6.761523    -9.9885E+01
   6.813627    -1.0756E+02
   6.865731    -1.1384E+02
   6.917836    -1.1888E+02
   6.969940    -1.2282E+02
   7.022044    -1.2578E+02
   7.074148    -1.2789E+02
   7.126253    -1.2924E+02
   7.178357    -1.2993E+02
   7.230461    -1.3004E+02
   7.282565    -1.2966E+02
   7.334669    -1.2884E+02
   7.386774    -1.2765E+02
   7.438878    -1.2614E+02
   7.490982    -1.2436E+02
   7.543086    -1.2235E+02
   7.595190    -1.2015E+02
   7.647295    -1.1779E+02
   7.699399    -1.1532E+02
   7.751503    -1.1274E+02
   7.803607    -1.1008E+02
   7.855711    -1.0737E+02
   7.907816    -1.0463E+02
   7.959920    -1.0186E+02
   8.012024    -9.9086E+01
   8.064128    -9.6317E+01
   8.116232    -9.3564E+01
   8.168337    -9.0835E+01
   8.220441    -8.8137E+01
   8.272545    -8.5478E+01
   8.324649    -8.2863E+01
   8.376754    -8.0296E+01
   8.428858    -7.7781E+01
   8.480962    -7.5321E+01
   8.533066    -7.2918E+01
   8.585170    -7.0574E+01
   8.637275    -6.8290E+01
   8.689379    -6.6068E+01
   8.741483    -6.3907E+01
   8.793587    -6.1808E+01
   8.845691    -5.9771E+01
   8.897796    -5.7795E+01
   8.949900    -5.5880E+01
   9.002004    -5.4025E+01
   9.054108    -5.2229E+01
   9.106212    -5.0492E+01
   9.158317    -4.8811E+01
   9.210421    -4.7186E+01
   9.262525    -4.5615E+01
   9.314629    -4.4098E+01
   9.366733    -4.2632E+01
   9.418838    -4.1217E+01
   9.470942    -3.9851E+01
   9.523046    -3.8532E+01
   9.575150    -3.7260E+01
   9.627255    -3.6032E+01
   9.679359    -3.4847E+01
   9.731463    -3.3705E+01
   9.783567    -3.2602E+01
   9.835671    -3.1539E+01
   9.887776    -3.0514E+01
   9.939880    -2.9525E+01
   9.991984    -2.8572E+01
  10.044088    -2.7652E+01
  10.096192    -2.6765E+01
  10.148297    -2.5910E+01
  10.200401    -2.5086E+01
  10.252505    -2.4290E+01
  10.304609    -2.3523E+01
  10.356713    -2.2783E+01
  10.408818    -2.2070E+01
  10.460922    -2.1381E+01
  10.513026    -2.0717E+01
  10.565130    -2.0077E+01
  10.617234    -1.9458E+01
  10.669339    -1.8862E+01
  10.721443    -1.8286E+01
  10.773547    -1.7731E+01
  10.825651    -1.7194E+01
  10.877756    -1.6677E+01
  10.929860    -1.6177E+01
  10.981964    -1.5695E+01
  11.034068    -1.5229E+01
  11.086172    -1.4779E+01
  11.138277    -1.4344E+01
  11.190381    -1.3924E+01
  11.242485    -1.3518E+01
  11.294589    -1.3126E+01
  11.346693    -1.2747E+01
  11.398798    -1.2381E+01
  11.450902    -1.2027E+01
  11.503006    -1.1685E+01
  11.555110    -1.1354E+01
  11.607214    -1.1034E+01
  11.659319    -1.0724E+01
  11.711423    -1.0425E+01
  11.763527    -1.0135E+01
  11.815631    -9.8548E+00
  11.867735    -9.5835E+00
  11.919840    -9.3209E+00
  11.971944    -9.0667E+00
  12.024048    -8.8206E+00
  12.076152    -8.5823E+00
  12.128257    -8.3515E+00
  12.180361    -8.1279E+00
  12.232465    -7.9114E+00
  12.284569    -7.7016E+00
  12.336673    -7.4982E+00
  12.388778    -7.3012E+00
  12.440882    -7.1102E+00
  12.492986    -6.9251E+00
  12.545090    -6.7455E+00
  12.597194    -6.5715E+00
  12.649299    -6.4027E+00
  12.701403    -6.2389E+00
  12.753507    -6.0801E+00
  12.805611    -5.9260E+00
  12.857715    -5.7764E+00
  12.909820    -5.6313E+00
  12.961924    -5.4905E+00
  13.014028    -5.3537E+00
  13.066132    -5.2210E+00
  13.118236    -5.0921E+00
  13.170341    -4.9669E+00
  13.222445    -4.8454E+00
  13.274549    -4.7273E+00
  13.326653    -4.6125E+00
  13.378758    -4.5011E+00
  13.430862    -4.3928E+00
  13.482966    -4.2875E+00
  13.535070    -4.1852E+00
  13.587174    -4.0858E+00
  13.639279    -3.9891E+00
  13.691383    -3.8951E+00
  13.743487    -3.8037E+00
  13.795591    -3.7148E+00
  13.847695    -3.6283E+00
  13.899800    -3.5442E+00
  13.951904    -3.4624E+00
  14.004008    -3.3828E+00
  14.056112    -3.3053E+00
  14.108216    -3.2299E+00
  14.160321    -3.1565E+00
  14.212425    -3.0851E+00
  14.264529    -3.0155E+00
  14.316633    -2.9478E+00
  14.368737    -2.8819E+00
  14.420842    -2.8176E+00
  14.472946    -2.7551E+00
  14.525050    -2.6942E+00
  14.577154    -2.6349E+00
  14.629259    -2.5770E+00
  14.681363    -2.5207E+00
  14.733467    -2.4658E+00
  14.785571    -2.4123E+00
  14.837675    -2.3602E+00
  14.889780    -2.3094E+00
  14.941884    -2.2598E+00
  14.993988    -2.2116E+00
  15.046092    -2.1645E+00
  15.098196    -2.1185E+00
  15.150301    -2.0738E+00
  15.202405    -2.0301E+00
  15.254509    -1.9875E+00
  15.306613    -1.9459E+00
  15.358717    -1.9054E+00
  15.410822    -1.8659E+00
  15.462926    -1.8273E+00
  15.515030    -1.7896E+00
  15.567134    -1.7528E+00
  15.619238    -1.7170E+00
  15.671343    -1.6820E+00
  15.723447    -1.6478E+00
  15.775551    -1.6144E+00
  15.827655    -1.5818E+00
  15.879760    -1.5500E+00
  15.931864    -1.5190E+00
  15.983968    -1.4886E+00
  16.036072    -1.4590E+00
  16.088176    -1.4300E+00
  16.140281    -1.4018E+00
  16.192385    -1.3742E+00
  16.244489    -1.3472E+00
  16.296593    -1.3208E+00
  16.348697    -1.2951E+00
  16.400802    -1.2699E+00
  16.452906    -1.2453E+00
  16.505010    -1.2212E+00
  16.557114    -1.1977E+00
  16.609218    -1.1747E+00
  16.661323    -1.1523E+00
  16.713427    -1.1303E+00
  16.765531    -1.1088E+00
  16.817635    -1.0879E+00
  16.869739    -1.0673E+00
  16.921844    -1.0472E+00
  16.973948    -1.0276E+00
  17.026052    -1.0084E+00
  17.078156    -9.8961E-01
  17.130261    -9.7122E-01
  17.182365    -9.5324E-01
  17.234469    -9.3565E-01
  17.286573    -9.1843E-01
  17.338677    -9.0159E-01
  17.390782    -8.8510E-01
  17.442886    -8.6897E-01
  17.494990    -8.5318E-01
  17.547094    -8.3773E-01
  17.599198    -8.2260E-01
  17.651303    -8.0779E-01
  17.703407    -7.9329E-01
  17.755511    -7.7910E-01
  17.807615    -7.6520E-01
  17.859719    -7.5160E-01
  17.911824    -7.3827E-01
  17.963928    -7.2522E-01
  18.016032    -7.1244E-01
  18.068136    -6.9992E-01
  18.120240    -6.8766E-01
  18.172345    -6.7565E-01
  18.224449    -6.6388E-01
  18.276553    -6.5236E-01
  18.328657    -6.4107E-01
  18.380762    -6.3000E-01
  18.432866    -6.1916E-01
  18.484970    -6.0854E-01
  18.537074    -5.9812E-01
  18.589178    -5.8792E-01
  18.641283    -5.7792E-01
  18.693387    -5.6812E-01
  18.745491    -5.5851E-01
  18.797595    -5.4909E-01
  18.849699    -5.3986E-01
  18.901804    -5.3081E-01
  18.953908    -5.2194E-01
  19.006012    -5.1324E-01
  19.058116    -5.0470E-01
  19.110220    -4.9634E-01
  19.162325    -4.8813E-01
  19.214429    -4.8009E-01
  19.266533    -4.7220E-01
  19.318637    -4.6446E-01
  19.370741    -4.5687E-01
  19.422846    -4.4942E-01
  19.474950    -4.4212E-01
  19.527054    -4.3495E-01
  19.579158    -4.2792E-01
  19.631263    -4.2102E-01
  19.683367    -4.1425E-01
  19.735471    -4.0761E-01
  19.787575    -4.0109E-01
  19.839679    -3.9470E-01
  19.891784    -3.8842E-01
  19.943888    -3.8226E-01
  19.995992    -3.7622E-01
  20.048096    -3.7028E-01
  20.100200    -3.6446E-01
  20.152305    -3.5874E-01
  20.204409    -3.5313E-01
  20.256513    -3.4762E-01
  20.308617    -3.4221E-01
  20.360721    -3.3690E-01
  20.412826    -3.3168E-01
  20.464930    -3.2656E-01
  20.517034    -3.2153E-01
  20.569138    -3.1659E-01
  20.621242    -3.1174E-01
  20.673347    -3.0698E-01
  20.725451    -3.0230E-01
  20.777555    -2.9771E-01
  20.829659    -2.9320E-01
  20.881764    -2.8876E-01
  20.933868    -2.8441E-01
  20.985972    -2.8013E-01
  21.038076    -2.7593E-01
  21.090180    -2.7180E-01
  21.142285    -2.6774E-01
  21.194389    -2.6375E-01
  21.246493    -2.5984E-01
  21.298597    -2.5599E-01
  21.350701    -2.5220E-01
  21.402806    -2.4849E-01
  21.454910    -2.4483E-01
  21.507014    -2.4124E-01
  21.559118    -2.3771E-01
  21.611222    -2.3424E-01
  21.663327    -2.3083E-01
  21.715431    -2.2748E-01
  21.767535    -2.2419E-01
  21.819639    -2.2095E-01
  21.871743    -2.1776E-01
  21.923848    -2.1463E-01
  21.975952    -2.1156E-01
  22.028056    -2.0853E-01
  22.080160    -2.0555E-01
  22.132265    -2.0263E-01
  22.184369    -1.9975E-01
  22.236473    -1.9692E-01
  22.288577    -1.9413E-01
  22.340681    -1.9140E-01
  22.392786    -1.8870E-01
  22.444890    -1.8606E-01
  22.496994    -1.8345E-01
  22.549098    -1.8089E-01
  22.601202    -1.7837E-01
  22.653307    -1.7589E-01
  22.705411    -1.7345E-01
  22.757515    -1.7105E-01
  22.809619    -1.6869E-01
  22.861723    -1.6637E-01
  22.913828    -1.6408E-01
  22.965932    -1.6184E-01
  23.018036    -1.5962E-01
  23.070140    -1.5745E-01
  23.122244    -1.5530E-01
  23.174349    -1.5319E-01
  23.226453    -1.5112E-01
  23.278557    -1.4908E-01
  23.330661    -1.4707E-01
  23.382766    -1.4509E-01
  23.434870    -1.4314E-01
  23.486974    -1.4122E-01
  23.539078    -1.3934E-01
  23.591182    -1.3748E-01
  23.643287    -1.3565E-01
  23.695391    -1.3385E-01
  23.747495    -1.3208E-01
  23.799599    -1.3034E-01
  23.851703    -1.2862E-01
  23.903808    -1.2693E-01
  23.955912    -1.2526E-01
  24.008016    -1.2362E-01
  24.060120    -1.2201E-01
  24.112224    -1.2042E-01
  24.164329    -1.1885E-01
  24.216433    -1.1731E-01
  24.268537    -1.1579E-01
  24.320641    -1.1429E-01
  24.372745    -1.1282E-01
  24.424850    -1.1137E-01
  24.476954    -1.0994E-01
  24.529058    -1.0853E-01
  24.581162    -1.0715E-01
  24.633267    -1.0578E-01
  24.685371    -1.0444E-01
  24.737475    -1.0311E-01
  24.789579    -1.0180E-01
  24.841683    -1.0052E-01
  24.893788    -9.9249E-02
  24.945892    -9.8000E-02
  24.997996    -9.6770E-02
  25.050100    -9.5557E-02
  25.102204    -9.4362E-02
  25.154309    -9.3185E-02
  25.206413    -9.2025E-02
  25.258517    -9.0881E-02
  25.310621    -8.9755E-02
  25.362725    -8.8644E-02
  25.414830    -8.7550E-02
  25.466934    -8.6471E-02
  25.519038    -8.5408E-02
  25.571142    -8.4360E-02
  25.623246    -8.3327E-02
  25.675351    -8.2309E-02
  25.727455    -8.1306E-02
  25.779559    -8.0317E-02
  25.831663    -7.9342E-02
  25.883768    -7.8380E-02
  25.935872    -7.7433E-02
  25.987976    -7.6498E-02
  26.040080    -7.5577E-02
  26.092184    -7.4669E-02
  26.144289    -7.3773E-02
  26.196393    -7.2891E-02
  26.248497    -7.2020E-02
  26.300601    -7.1162E-02
  26.352705    -7.0315E-02
  26.404810    -6.9480E-02
  26.456914    -6.8657E-02
  26.509018    -6.7846E-02
  26.561122    -6.7045E-02
  26.613226    -6.6256E-02
  26.665331    -6.5477E-02
  26.717435    -6.4709E-02
  26.769539    -6.3952E-02
  26.821643    -6.3205E-02
  26.873747    -6.2468E-02
  26.925852    -6.1741E-02
  26.977956    -6.1024E-02
  27.030060    -6.0317E-02
  27.082164    -5.9619E-02
  27.134269    -5.8931E-02
  27.186373    -5.8252E-02
  27.238477    -5.7582E-02
  27.290581    -5.6921E-02
  27.342685    -5.6269E-02
  27.394790    -5.5626E-02
  27.446894    -5.4991E-02
  27.498998    -5.4365E-02
  27.551102    -5.3747E-02
  27.603206    -5.3138E-02
  27.655311    -5.2536E-02
  27.707415    -5.1942E-02
  27.759519    -5.1357E-02
  27.811623    -5.0778E-02
  27.863727    -5.0208E-02
  27.915832    -4.9645E-02
  27.967936    -4.9089E-02
  28.020040    -4.8541E-02
  28.072144    -4.8000E-02
  28.124248    -4.7466E-02
  28.176353    -4.6938E-02
  28.228457    -4.6418E-02
  28.280561    -4.5904E-02
  28.332665    -4.5397E-02
  28.384770    -4.4897E-02
  28.436874    -4.4403E-02
  28.488978    -4.3915E-02
  28.541082    -4.3434E-02
  28.593186    -4.2959E-02
  28.645291    -4.2489E-02
  28.697395    -4.2026E-02
  28.749499    -4.1569E-02
  28.801603    -4.1118E-02
  28.853707    -4.0672E-02
  28.905812    -4.0232E-02
  28.957916    -3.9797E-02
  29.010020    -3.9368E-02
  29.062124    -3.8944E-02
  29.114228    -3.8526E-02
  29.166333    -3.8113E-02
  29.218437    -3.7705E-02
  29.270541    -3.7302E-02
  29.322645    -3.6904E-02
  29.374749    -3.6512E-02
  29.426854    -3.6124E-02
  29.478958    -3.5740E-02
  29.531062    -3.5362E-02
  29.583166    -3.4988E-02
  29.635271    -3.4619E-02
  29.687375    -3.4255E-02
  29.739479    -3.3895E-02
  29.791583    -3.3539E-02
  29.843687    -3.3188E-02
  29.895792    -3.2841E-02
  29.947896    -3.2498E-02
  30.000000    -3.2159E-02
 122.28456914
   4.000000     3.0684E+04
   4.052104     2.8160E+04
   4.104208     2.5814E+04
   4.156313     2.3637E+04
   4.208417     2.1621E+04
   4.260521     1.9756E+04
   4.312625     1.8033E+04
   4.364729     1.6444E+04
   4.416834     1.4981E+04
   4.468938     1.3633E+04
   4.521042     1.2395E+04
   4.573146     1.1258E+04
   4.625251     1.0214E+04
   4.677355     9.2581E+03
   4.729459     8.3825E+03
   4.781563     7.5814E+03
   4.833667     6.8492E+03
   4.885772     6.1805E+03
   4.937876     5.5702E+03
   4.989980     5.0138E+03
   5.042084     4.5069E+03
   5.094188     4.0455E+03
   5.146293     3.6258E+03
   5.198397     3.2444E+03
   5.250501     2.8980E+03
   5.302605     2.5838E+03
   5.354709     2.2989E+03
   5.406814     2.0409E+03
   5.458918     1.8075E+03
   5.511022     1.5964E+03
   5.563126     1.4058E+03
   5.615230     1.2338E+03
   5.667335     1.0788E+03
   5.719439     9.3926E+02
   5.771543     8.1377E+02
   5.823647     7.0106E+02
   5.875752     5.9997E+02
   5.927856     5.0943E+02
   5.979960     4.2845E+02
   6.032064     3.5614E+02
   6.084168     2.9169E+02
   6.136273     2.3435E+02
   6.188377     1.8344E+02
   6.240481     1.3834E+02
   6.292585     9.8489E+01
   6.344689     6.3372E+01
   6.396794     3.2519E+01
   6.448898     5.5071E+00
   6.501002    -1.8052E+01
   6.553106    -3.8509E+01
   6.605210    -5.6182E+01
   6.657315    -7.1362E+01
   6.709419    -8.4309E+01
   6.761523    -9.5262E+01
   6.813627    -1.0444E+02
   6.865731    -1.1202E+02
   6.917836    -1.1820E+02
   6.969940    -1.2313E+02
   7.022044    -1.2695E+02
   7.074148    -1.2980E+02
   7.126253    -1.3178E+02
   7.178357    -1.3301E+02
   7.230461    -1.3358E+02
   7.282565    -1.3356E+02
   7.334669    -1.3305E+02
   7.386774    -1.3210E+02
   7.438878    -1.3078E+02
   7.490982    -1.2915E+02
   7.543086    -1.2724E+02
   7.595190    -1.2511E+02
   7.647295    -1.2279E+02
   7.699399    -1.2031E+02
   7.751503    -1.1772E+02
   7.803607    -1.1503E+02
   7.855711    -1.1226E+02
   7.907816    -1.0945E+02
   7.959920    -1.0660E+02
   8.012024    -1.0373E+02
   8.064128    -1.0086E+02
   8.116232    -9.7997E+01
   8.168337    -9.5154E+01
   8.220441    -9.2339E+01
   8.272545    -8.9559E+01
   8.324649    -8.6821E+01
   8.376754    -8.4131E+01
   8.428858    -8.1492E+01
   8.480962    -7.8909E+01
   8.533066    -7.6384E+01
   8.585170    -7.3919E+01
   8.637275    -7.1517E+01
   8.689379    -6.9178E+01
   8.741483    -6.6903E+01
   8.793587    -6.4693E+01
   8.845691    -6.2547E+01
   8.897796    -6.0466E+01
   8.949900    -5.8449E+01
   9.002004    -5.6495E+01
   9.054108    -5.4603E+01
   9.106212    -5.2773E+01
   9.158317    -5.1004E+01
   9.210421    -4.9293E+01
   9.262525    -4.7640E+01
   9.314629    -4.6043E+01
   9.366733    -4.4501E+01
   9.418838    -4.3013E+01
   9.470942    -4.1576E+01
   9.523046    -4.0190E+01
   9.575150    -3.8853E+01
   9.627255    -3.7564E+01
   9.679359    -3.6320E+01
   9.731463    -3.5121E+01
   9.783567    -3.3964E+01
   9.835671    -3.2849E+01
   9.887776    -3.1775E+01
   9.939880    -3.0738E+01
   9.991984    -2.9740E+01
  10.044088    -2.8777E+01
  10.096192    -2.7849E+01
  10.148297    -2.6954E+01
  10.200401    -2.6091E+01
  10.252505    -2.5260E+01
  10.304609    -2.4458E+01
  10.356713    -2.3685E+01
  10.408818    -2.2940E+01
  10.460922    -2.2221E+01
  10.513026    -2.1528E+01
  10.565130    -2.0860E+01
  10.617234    -2.0215E+01
  10.669339    -1.9593E+01
  10.721443    -1.8993E+01
  10.773547    -1.8414E+01
  10.825651    -1.7856E+01
  10.877756    -1.7317E+01
  10.929860    -1.6796E+01
  10.981964    -1.6294E+01
  11.034068    -1.5809E+01
  11.086172    -1.5341E+01
  11.138277    -1.4888E+01
  11.190381    -1.4452E+01
  11.242485    -1.4030E+01
  11.294589    -1.3622E+01
  11.346693    -1.3228E+01
  11.398798    -1.2847E+01
  11.450902    -1.2479E+01
  11.503006    -1.2124E+01
  11.555110    -1.1780E+01
  11.607214    -1.1447E+01
  11.659319    -1.1126E+01
  11.711423    -1.0814E+01
  11.763527    -1.0513E+01
  11.815631    -1.0222E+01
  11.867735    -9.9404E+00
  11.919840    -9.6677E+00
  11.971944    -9.4036E+00
  12.024048    -9.1480E+00
  12.076152    -8.9005E+00
  12.128257    -8.6608E+00
  12.180361    -8.4286E+00
  12.232465    -8.2037E+00
  12.284569    -7.9858E+00
  12.336673    -7.7746E+00
  12.388778    -7.5700E+00
  12.440882    -7.3716E+00
  12.492986    -7.1793E+00
  12.545090    -6.9929E+00
  12.597194    -6.8121E+00
  12.649299    -6.6368E+00
  12.701403    -6.4667E+00
  12.753507    -6.3017E+00
  12.805611    -6.1416E+00
  12.857715    -5.9863E+00
  12.909820    -5.8356E+00
  12.961924    -5.6893E+00
  13.014028    -5.5472E+00
  13.066132    -5.4093E+00
  13.118236    -5.2754E+00
  13.170341    -5.1454E+00
  13.222445    -5.0191E+00
  13.274549    -4.8964E+00
  13.326653    -4.7773E+00
  13.378758    -4.6615E+00
  13.430862    -4.5490E+00
  13.482966    -4.4396E+00
  13.535070    -4.3334E+00
  13.587174    -4.2300E+00
  13.639279    -4.1296E+00
  13.691383    -4.0320E+00
  13.743487    -3.9370E+00
  13.795591    -3.8446E+00
  13.847695    -3.7548E+00
  13.899800    -3.6674E+00
  13.951904    -3.5824E+00
  14.004008    -3.4997E+00
  14.056112    -3.4193E+00
  14.108216    -3.3410E+00
  14.160321    -3.2647E+00
  14.212425    -3.1905E+00
  14.264529    -3.1183E+00
  14.316633    -3.0480E+00
  14.368737    -2.9795E+00
  14.420842    -2.9129E+00
  14.472946    -2.8479E+00
  14.525050    -2.7847E+00
  14.577154    -2.7231E+00
  14.629259    -2.6631E+00
  14.681363    -2.6046E+00
  14.733467    -2.5476E+00
  14.785571    -2.4921E+00
  14.837675    -2.4380E+00
  14.889780    -2.3853E+00
  14.941884    -2.3339E+00
  14.993988    -2.2838E+00
  15.046092    -2.2349E+00
  15.098196    -2.1873E+00
  15.150301    -2.1408E+00
  15.202405    -2.0956E+00
  15.254509    -2.0514E+00
  15.306613    -2.0083E+00
  15.358717    -1.9663E+00
  15.410822    -1.9253E+00
  15.462926    -1.8853E+00
  15.515030    -1.8462E+00
  15.567134    -1.8081E+00
  15.619238    -1.7710E+00
  15.671343    -1.7347E+00
  15.723447    -1.6993E+00
  15.775551    -1.6647E+00
  15.827655    -1.6310E+00
  15.879760    -1.5980E+00
  15.931864    -1.5659E+00
  15.983968    -1.5345E+00
  16.036072    -1.5038E+00
  16.088176    -1.4738E+00
  16.140281    -1.4446E+00
  16.192385    -1.4160E+00
  16.244489    -1.3881E+00
  16.296593    -1.3608E+00
  16.348697    -1.3341E+00
  16.400802    -1.3081E+00
  16.452906    -1.2827E+00
  16.505010    -1.2578E+00
  16.557114    -1.2335E+00
  16.609218    -1.2097E+00
  16.661323    -1.1865E+00
  16.713427    -1.1638E+00
  16.765531    -1.1416E+00
  16.817635    -1.1199E+00
  16.869739    -1.0987E+00
  16.921844    -1.0780E+00
  16.973948    -1.0577E+00
  17.026052    -1.0379E+00
  17.078156    -1.0184E+00
  17.130261    -9.9947E-01
  17.182365    -9.8090E-01
  17.234469    -9.6274E-01
  17.286573    -9.4497E-01
  17.338677    -9.2758E-01
  17.390782    -9.1057E-01
  17.442886    -8.9393E-01
  17.494990    -8.7764E-01
  17.547094    -8.6169E-01
  17.599198    -8.4609E-01
  17.651303    -8.3081E-01
  17.703407    -8.1586E-01
  17.755511    -8.0122E-01
  17.807615    -7.8689E-01
  17.859719    -7.7286E-01
  17.911824    -7.5913E-01
  17.963928    -7.4568E-01
  18.016032    -7.3250E-01
  18.068136    -7.1960E-01
  18.120240    -7.0697E-01
  18.172345    -6.9459E-01
  18.224449    -6.8247E-01
  18.276553    -6.7059E-01
  18.328657    -6.5896E-01
  18.380762    -6.4756E-01
  18.432866    -6.3640E-01
  18.484970    -6.2546E-01
  18.537074    -6.1473E-01
  18.589178    -6.0423E-01
  18.641283    -5.9393E-01
  18.693387    -5.8384E-01
  18.745491    -5.7395E-01
  18.797595    -5.6425E-01
  18.849699    -5.5475E-01
  18.901804    -5.4543E-01
  18.953908    -5.3630E-01
  19.006012    -5.2735E-01
  19.058116    -5.1857E-01
  19.110220    -5.0996E-01
  19.162325    -5.0152E-01
  19.214429    -4.9324E-01
  19.266533    -4.8512E-01
  19.318637    -4.7716E-01
  19.370741    -4.6935E-01
  19.422846    -4.6169E-01
  19.474950    -4.5418E-01
  19.527054    -4.4681E-01
  19.579158    -4.3958E-01
  19.631263    -4.3248E-01
  19.683367    -4.2552E-01
  19.735471    -4.1869E-01
  19.787575    -4.1199E-01
  19.839679    -4.0542E-01
  19.891784    -3.9896E-01
  19.943888    -3.9263E-01
  19.995992    -3.8641E-01
  20.048096    -3.8031E-01
  20.100200    -3.7433E-01
  20.152305    -3.6845E-01
  20.204409    -3.6268E-01
  20.256513    -3.5701E-01
  20.308617    -3.5145E-01
  20.360721    -3.4599E-01
  20.412826    -3.4063E-01
  20.464930    -3.3537E-01
  20.517034    -3.3020E-01
  20.569138    -3.2513E-01
  20.621242    -3.2014E-01
  20.673347    -3.1525E-01
  20.725451    -3.1044E-01
  20.777555    -3.0572E-01
  20.829659    -3.0108E-01
  20.881764    -2.9653E-01
  20.933868    -2.9205E-01
  20.985972    -2.8766E-01
  21.038076    -2.8334E-01
  21.090180    -2.7909E-01
  21.142285    -2.7492E-01
  21.194389    -2.7083E-01
  21.246493    -2.6680E-01
  21.298597    -2.6285E-01
  21.350701    -2.5896E-01
  21.402806    -2.5514E-01
  21.454910    -2.5139E-01
  21.507014    -2.4770E-01
  21.559118    -2.4408E-01
  21.611222    -2.4051E-01
  21.663327    -2.3701E-01
  21.715431    -2.3357E-01
  21.767535    -2.3018E-01
  21.819639    -2.2685E-01
  21.871743    -2.2358E-01
  21.923848    -2.2037E-01
  21.975952    -2.1720E-01
  22.028056    -2.1409E-01
  22.080160    -2.1104E-01
  22.132265    -2.0803E-01
  22.184369    -2.0508E-01
  22.236473    -2.0217E-01
  22.288577    -1.9931E-01
  22.340681    -1.9650E-01
  22.392786    -1.9373E-01
  22.444890    -1.9101E-01
  22.496994    -1.8834E-01
  22.549098    -1.8570E-01
  22.601202    -1.8312E-01
  22.653307    -1.8057E-01
  22.705411    -1.7806E-01
  22.757515    -1.7560E-01
  22.809619    -1.7318E-01
  22.861723    -1.7079E-01
  22.913828    -1.6844E-01
  22.965932    -1.6613E-01
  23.018036    -1.6386E-01
  23.070140    -1.6162E-01
  23.122244    -1.5942E-01
  23.174349    -1.5726E-01
  23.226453    -1.5513E-01
  23.278557    -1.5303E-01
  23.330661    -1.5096E-01
  23.382766    -1.4893E-01
  23.434870    -1.4693E-01
  23.486974    -1.4496E-01
  23.539078    -1.4303E-01
  23.591182    -1.4112E-01
  23.643287    -1.3924E-01
  23.695391    -1.3739E-01
  23.747495    -1.3557E-01
  23.799599    -1.3378E-01
  23.851703    -1.3201E-01
  23.903808    -1.3028E-01
  23.955912    -1.2857E-01
  24.008016    -1.2688E-01
  24.060120    -1.2522E-01
  24.112224    -1.2359E-01
  24.164329    -1.2198E-01
  24.216433    -1.2040E-01
  24.268537    -1.1884E-01
  24.320641    -1.1730E-01
  24.372745    -1.1579E-01
  24.424850    -1.1430E-01
  24.476954    -1.1283E-01
  24.529058    -1.1139E-01
  24.581162    -1.0996E-01
  24.633267    -1.0856E-01
  24.685371    -1.0718E-01
  24.737475    -1.0581E-01
  24.789579    -1.0447E-01
  24.841683    -1.0315E-01
  24.893788    -1.0185E-01
  24.945892    -1.0057E-01
  24.997996    -9.9303E-02
  25.050100    -9.8057E-02
  25.102204    -9.6830E-02
  25.154309    -9.5621E-02
  25.206413    -9.4429E-02
  25.258517    -9.3255E-02
  25.310621    -9.2097E-02
  25.362725    -9.0957E-02
  25.414830    -8.9833E-02
  25.466934    -8.8725E-02
  25.519038    -8.7633E-02
  25.571142    -8.6557E-02
  25.623246    -8.5496E-02
  25.675351    -8.4451E-02
  25.727455    -8.3420E-02
  25.779559    -8.2404E-02
  25.831663    -8.1402E-02
  25.883768    -8.0415E-02
  25.935872    -7.9442E-02
  25.987976    -7.8482E-02
  26.040080    -7.7536E-02
  26.092184    -7.6603E-02
  26.144289    -7.5684E-02
  26.196393    -7.4777E-02
  26.248497    -7.3883E-02
  26.300601    -7.3001E-02
  26.352705    -7.2132E-02
  26.404810    -7.1275E-02
  26.456914    -7.0429E-02
  26.509018    -6.9596E-02
  26.561122    -6.8773E-02
  26.613226    -6.7963E-02
  26.665331    -6.7163E-02
  26.717435    -6.6374E-02
  26.769539    -6.5596E-02
  26.821643    -6.4829E-02
  26.873747    -6.4072E-02
  26.925852    -6.3326E-02
  26.977956    -6.2590E-02
  27.030060    -6.1863E-02
  27.082164    -6.1147E-02
  27.134269    -6.0440E-02
  27.186373    -5.9743E-02
  27.238477    -5.9055E-02
  27.290581    -5.8376E-02
  27.342685    -5.7707E-02
  27.394790    -5.7046E-02
  27.446894    -5.6394E-02
  27.498998    -5.5751E-02
  27.551102    -5.5117E-02
  27.603206    -5.4491E-02
  27.655311    -5.3873E-02
  27.707415    -5.3263E-02
  27.759519    -5.2662E-02
  27.811623    -5.2068E-02
  27.863727    -5.1482E-02
  27.915832    -5.0904E-02
  27.967936    -5.0334E-02
  28.020040    -4.9771E-02
  28.072144    -4.9215E-02
  28.124248    -4.8666E-02
  28.176353    -4.8125E-02
  28.228457    -4.7591E-02
  28.280561    -4.7063E-02
  28.332665    -4.6543E-02
  28.384770    -4.6029E-02
  28.436874    -4.5522E-02
  28.488978    -4.5021E-02
  28.541082    -4.4527E-02
  28.593186    -4.4039E-02
  28.645291    -4.3557E-02
  28.697395    -4.3081E-02
  28.749499    -4.2612E-02
  28.801603    -4.2148E-02
  28.853707    -4.1691E-02
  28.905812    -4.1239E-02
  28.957916    -4.0793E-02
  29.010020    -4.0352E-02
  29.062124    -3.9917E-02
  29.114228    -3.9488E-02
  29.166333    -3.9063E-02
  29.218437    -3.8645E-02
  29.270541    -3.8231E-02
  29.322645    -3.7823E-02
  29.374749    -3.7419E-02
  29.426854    -3.7021E-02
  29.478958    -3.6628E-02
  29.531062    -3.6239E-02
  29.583166    -3.5856E-02
  29.635271    -3.5477E-02
  29.687375    -3.5103E-02
  29.739479    -3.4733E-02
  29.791583    -3.4368E-02
  29.843687    -3.4007E-02
  29.895792    -3.3651E-02
  29.947896    -3.3299E-02
  30.000000    -3.2952E-02
 125.89178357
   4.000000     3.4157E+04
   4.052104     3.1415E+04
   4.104208     2.8853E+04
   4.156313     2.6467E+04
   4.208417     2.4249E+04
   4.260521     2.2190E+04
   4.312625     2.0284E+04
   4.364729     1.8521E+04
   4.416834     1.6893E+04
   4.468938     1.5391E+04
   4.521042     1.4009E+04
   4.573146     1.2738E+04
   4.625251     1.1569E+04
   4.677355     1.0497E+04
   4.729459     9.5143E+03
   4.781563     8.6141E+03
   4.833667     7.7904E+03
   4.885772     7.0374E+03
   4.937876     6.3496E+03
   4.989980     5.7219E+03
   5.042084     5.1496E+03
   5.094188     4.6282E+03
   5.146293     4.1536E+03
   5.198397     3.7219E+03
   5.250501     3.3297E+03
   5.302605     2.9735E+03
   5.354709     2.6504E+03
   5.406814     2.3575E+03
   5.458918     2.0923E+03
   5.511022     1.8523E+03
   5.563126     1.6354E+03
   5.615230     1.4395E+03
   5.667335     1.2628E+03
   5.719439     1.1036E+03
   5.771543     9.6025E+02
   5.823647     8.3139E+02
   5.875752     7.1569E+02
   5.927856     6.1193E+02
   5.979960     5.1903E+02
   6.032064     4.3596E+02
   6.084168     3.6181E+02
   6.136273     2.9575E+02
   6.188377     2.3699E+02
   6.240481     1.8485E+02
   6.292585     1.3868E+02
   6.344689     9.7908E+01
   6.396794     6.1998E+01
   6.448898     3.0471E+01
   6.501002     2.8893E+00
   6.553106    -2.1146E+01
   6.605210    -4.1995E+01
   6.657315    -5.9988E+01
   6.709419    -7.5420E+01
   6.761523    -8.8563E+01
   6.813627    -9.9660E+01
   6.865731    -1.0893E+02
   6.917836    -1.1658E+02
   6.969940    -1.2279E+02
   7.022044    -1.2772E+02
   7.074148    -1.3151E+02
   7.126253    -1.3431E+02
   7.178357    -1.3622E+02
   7.230461    -1.3737E+02
   7.282565    -1.3784E+02
   7.334669    -1.3772E+02
   7.386774    -1.3709E+02
   7.438878    -1.3602E+02
   7.490982    -1.3458E+02
   7.543086    -1.3281E+02
   7.595190    -1.3077E+02
   7.647295    -1.2851E+02
   7.699399    -1.2606E+02
   7.751503    -1.2345E+02
   7.803607    -1.2073E+02
   7.855711    -1.1791E+02
   7.907816    -1.1501E+02
   7.959920    -1.1208E+02
   8.012024    -1.0911E+02
   8.064128    -1.0612E+02
   8.116232    -1.0314E+02
   8.168337    -1.0017E+02
   8.220441    -9.7220E+01
   8.272545    -9.4303E+01
   8.324649    -9.1426E+01
   8.376754    -8.8595E+01
   8.428858    -8.5816E+01
   8.480962    -8.3092E+01
   8.533066    -8.0427E+01
   8.585170    -7.7824E+01
   8.637275    -7.5286E+01
   8.689379    -7.2814E+01
   8.741483    -7.0408E+01
   8.793587    -6.8070E+01
   8.845691    -6.5800E+01
   8.897796    -6.3598E+01
   8.949900    -6.1463E+01
   9.002004    -5.9395E+01
   9.054108    -5.7394E+01
   9.106212    -5.5457E+01
   9.158317    -5.3584E+01
   9.210421    -5.1774E+01
   9.262525    -5.0025E+01
   9.314629    -4.8337E+01
   9.366733    -4.6706E+01
   9.418838    -4.5133E+01
   9.470942    -4.3615E+01
   9.523046    -4.2150E+01
   9.575150    -4.0738E+01
   9.627255    -3.9376E+01
   9.679359    -3.8063E+01
   9.731463    -3.6797E+01
   9.783567    -3.5577E+01
   9.835671    -3.4401E+01
   9.887776    -3.3268E+01
   9.939880    -3.2176E+01
   9.991984    -3.1123E+01
  10.044088    -3.0109E+01
  10.096192    -2.9132E+01
  10.148297    -2.8190E+01
  10.200401    -2.7282E+01
  10.252505    -2.6408E+01
  10.304609    -2.5565E+01
  10.356713    -2.4752E+01
  10.408818    -2.3969E+01
  10.460922    -2.3214E+01
  10.513026    -2.2486E+01
  10.565130    -2.1784E+01
  10.617234    -2.1107E+01
  10.669339    -2.0455E+01
  10.721443    -1.9825E+01
  10.773547    -1.9218E+01
  10.825651    -1.8632E+01
  10.877756    -1.8067E+01
  10.929860    -1.7522E+01
  10.981964    -1.6996E+01
  11.034068    -1.6488E+01
  11.086172    -1.5997E+01
  11.138277    -1.5524E+01
  11.190381    -1.5066E+01
  11.242485    -1.4625E+01
  11.294589    -1.4198E+01
  11.346693    -1.3786E+01
  11.398798    -1.3388E+01
  11.450902    -1.3003E+01
  11.503006    -1.2631E+01
  11.555110    -1.2272E+01
  11.607214    -1.1924E+01
  11.659319    -1.1588E+01
  11.711423    -1.1263E+01
  11.763527    -1.0948E+01
  11.815631    -1.0644E+01
  11.867735    -1.0349E+01
  11.919840    -1.0065E+01
  11.971944    -9.7888E+00
  12.024048    -9.5219E+00
  12.076152    -9.2634E+00
  12.128257    -9.0131E+00
  12.180361    -8.7707E+00
  12.232465    -8.5359E+00
  12.284569    -8.3085E+00
  12.336673    -8.0881E+00
  12.388778    -7.8745E+00
  12.440882    -7.6675E+00
  12.492986    -7.4668E+00
  12.545090    -7.2723E+00
  12.597194    -7.0837E+00
  12.649299    -6.9007E+00
  12.701403    -6.7233E+00
  12.753507    -6.5512E+00
  12.805611    -6.3843E+00
  12.857715    -6.2223E+00
  12.909820    -6.0651E+00
  12.961924    -5.9125E+00
  13.014028    -5.7644E+00
  13.066132    -5.6206E+00
  13.118236    -5.4810E+00
  13.170341    -5.3454E+00
  13.222445    -5.2137E+00
  13.274549    -5.0859E+00
  13.326653    -4.9616E+00
  13.378758    -4.8409E+00
  13.430862    -4.7237E+00
  13.482966    -4.6097E+00
  13.535070    -4.4989E+00
  13.587174    -4.3913E+00
  13.639279    -4.2866E+00
  13.691383    -4.1849E+00
  13.743487    -4.0859E+00
  13.795591    -3.9897E+00
  13.847695    -3.8962E+00
  13.899800    -3.8052E+00
  13.951904    -3.7166E+00
  14.004008    -3.6305E+00
  14.056112    -3.5467E+00
  14.108216    -3.4651E+00
  14.160321    -3.3857E+00
  14.212425    -3.3085E+00
  14.264529    -3.2333E+00
  14.316633    -3.1601E+00
  14.368737    -3.0888E+00
  14.420842    -3.0194E+00
  14.472946    -2.9518E+00
  14.525050    -2.8860E+00
  14.577154    -2.8219E+00
  14.629259    -2.7595E+00
  14.681363    -2.6987E+00
  14.733467    -2.6394E+00
  14.785571    -2.5816E+00
  14.837675    -2.5254E+00
  14.889780    -2.4705E+00
  14.941884    -2.4171E+00
  14.993988    -2.3650E+00
  15.046092    -2.3142E+00
  15.098196    -2.2646E+00
  15.150301    -2.2164E+00
  15.202405    -2.1693E+00
  15.254509    -2.1234E+00
  15.306613    -2.0786E+00
  15.358717    -2.0349E+00
  15.410822    -1.9923E+00
  15.462926    -1.9507E+00
  15.515030    -1.9102E+00
  15.567134    -1.8706E+00
  15.619238    -1.8320E+00
  15.671343    -1.7943E+00
  15.723447    -1.7576E+00
  15.775551    -1.7217E+00
  15.827655    -1.6866E+00
  15.879760    -1.6524E+00
  15.931864    -1.6190E+00
  15.983968    -1.5864E+00
  16.036072    -1.5546E+00
  16.088176    -1.5235E+00
  16.140281    -1.4931E+00
  16.192385    -1.4635E+00
  16.244489    -1.4345E+00
  16.296593    -1.4062E+00
  16.348697    -1.3786E+00
  16.400802    -1.3516E+00
  16.452906    -1.3252E+00
  16.505010    -1.2994E+00
  16.557114    -1.2742E+00
  16.609218    -1.2496E+00
  16.661323    -1.2255E+00
  16.713427    -1.2020E+00
  16.765531    -1.1790E+00
  16.817635    -1.1565E+00
  16.869739    -1.1345E+00
  16.921844    -1.1130E+00
  16.973948    -1.0920E+00
  17.026052    -1.0714E+00
  17.078156    -1.0513E+00
  17.130261    -1.0317E+00
  17.182365    -1.0125E+00
  17.234469    -9.9365E-01
  17.286573    -9.7525E-01
  17.338677    -9.5725E-01
  17.390782    -9.3964E-01
  17.442886    -9.2240E-01
  17.494990    -9.0554E-01
  17.547094    -8.8904E-01
  17.599198    -8.7289E-01
  17.651303    -8.5708E-01
  17.703407    -8.4161E-01
  17.755511    -8.2646E-01
  17.807615    -8.1164E-01
  17.859719    -7.9712E-01
  17.911824    -7.8291E-01
  17.963928    -7.6900E-01
  18.016032    -7.5538E-01
  18.068136    -7.4203E-01
  18.120240    -7.2897E-01
  18.172345    -7.1617E-01
  18.224449    -7.0364E-01
  18.276553    -6.9136E-01
  18.328657    -6.7933E-01
  18.380762    -6.6755E-01
  18.432866    -6.5601E-01
  18.484970    -6.4470E-01
  18.537074    -6.3362E-01
  18.589178    -6.2277E-01
  18.641283    -6.1213E-01
  18.693387    -6.0170E-01
  18.745491    -5.9148E-01
  18.797595    -5.8146E-01
  18.849699    -5.7165E-01
  18.901804    -5.6202E-01
  18.953908    -5.5259E-01
  19.006012    -5.4334E-01
  19.058116    -5.3428E-01
  19.110220    -5.2539E-01
  19.162325    -5.1667E-01
  19.214429    -5.0812E-01
  19.266533    -4.9974E-01
  19.318637    -4.9152E-01
  19.370741    -4.8346E-01
  19.422846    -4.7555E-01
  19.474950    -4.6779E-01
  19.527054    -4.6019E-01
  19.579158    -4.5272E-01
  19.631263    -4.4540E-01
  19.683367    -4.3822E-01
  19.735471    -4.3117E-01
  19.787575    -4.2426E-01
  19.839679    -4.1747E-01
  19.891784    -4.1081E-01
  19.943888    -4.0428E-01
  19.995992    -3.9787E-01
  20.048096    -3.9157E-01
  20.100200    -3.8540E-01
  20.152305    -3.7934E-01
  20.204409    -3.7338E-01
  20.256513    -3.6754E-01
  20.308617    -3.6181E-01
  20.360721    -3.5618E-01
  20.412826    -3.5065E-01
  20.464930    -3.4522E-01
  20.517034    -3.3989E-01
  20.569138    -3.3466E-01
  20.621242    -3.2952E-01
  20.673347    -3.2447E-01
  20.725451    -3.1952E-01
  20.777555    -3.1465E-01
  20.829659    -3.0987E-01
  20.881764    -3.0517E-01
  20.933868    -3.0056E-01
  20.985972    -2.9603E-01
  21.038076    -2.9158E-01
  21.090180    -2.8720E-01
  21.142285    -2.8291E-01
  21.194389    -2.7869E-01
  21.246493    -2.7454E-01
  21.298597    -2.7046E-01
  21.350701    -2.6646E-01
  21.402806    -2.6252E-01
  21.454910    -2.5866E-01
  21.507014    -2.5486E-01
  21.559118    -2.5112E-01
  21.611222    -2.4745E-01
  21.663327    -2.4384E-01
  21.715431    -2.4029E-01
  21.767535    -2.3681E-01
  21.819639    -2.3338E-01
  21.871743    -2.3001E-01
  21.923848    -2.2669E-01
  21.975952    -2.2344E-01
  22.028056    -2.2024E-01
  22.080160    -2.1709E-01
  22.132265    -2.1399E-01
  22.184369    -2.1095E-01
  22.236473    -2.0795E-01
  22.288577    -2.0501E-01
  22.340681    -2.0211E-01
  22.392786    -1.9926E-01
  22.444890    -1.9646E-01
  22.496994    -1.9371E-01
  22.549098    -1.9100E-01
  22.601202    -1.8833E-01
  22.653307    -1.8571E-01
  22.705411    -1.8313E-01
  22.757515    -1.8059E-01
  22.809619    -1.7810E-01
  22.861723    -1.7564E-01
  22.913828    -1.7322E-01
  22.965932    -1.7085E-01
  23.018036    -1.6851E-01
  23.070140    -1.6620E-01
  23.122244    -1.6394E-01
  23.174349    -1.6171E-01
  23.226453    -1.5952E-01
  23.278557    -1.5736E-01
  23.330661    -1.5523E-01
  23.382766    -1.5314E-01
  23.434870    -1.5108E-01
  23.486974    -1.4906E-01
  23.539078    -1.4706E-01
  23.591182    -1.4510E-01
  23.643287    -1.4317E-01
  23.695391    -1.4126E-01
  23.747495    -1.3939E-01
  23.799599    -1.3755E-01
  23.851703    -1.3573E-01
  23.903808    -1.3394E-01
  23.955912    -1.3218E-01
  24.008016    -1.3045E-01
  24.060120    -1.2874E-01
  24.112224    -1.2706E-01
  24.164329    -1.2541E-01
  24.216433    -1.2378E-01
  24.268537    -1.2217E-01
  24.320641    -1.2059E-01
  24.372745    -1.1903E-01
  24.424850    -1.1750E-01
  24.476954    -1.1599E-01
  24.529058    -1.1450E-01
  24.581162    -1.1304E-01
  24.633267    -1.1159E-01
  24.685371    -1.1017E-01
  24.737475    -1.0877E-01
  24.789579    -1.0739E-01
  24.841683    -1.0603E-01
  24.893788    -1.0469E-01
  24.945892    -1.0337E-01
  24.997996    -1.0207E-01
  25.050100    -1.0079E-01
  25.102204    -9.9530E-02
  25.154309    -9.8286E-02
  25.206413    -9.7060E-02
  25.258517    -9.5852E-02
  25.310621    -9.4662E-02
  25.362725    -9.3489E-02
  25.414830    -9.2333E-02
  25.466934    -9.1193E-02
  25.519038    -9.0070E-02
  25.571142    -8.8964E-02
  25.623246    -8.7873E-02
  25.675351    -8.6797E-02
  25.727455    -8.5737E-02
  25.779559    -8.4692E-02
  25.831663    -8.3662E-02
  25.883768    -8.2647E-02
  25.935872    -8.1646E-02
  25.987976    -8.0659E-02
  26.040080    -7.9686E-02
  26.092184    -7.8727E-02
  26.144289    -7.7781E-02
  26.196393    -7.6849E-02
  26.248497    -7.5929E-02
  26.300601    -7.5023E-02
  26.352705    -7.4129E-02
  26.404810    -7.3247E-02
  26.456914    -7.2378E-02
  26.509018    -7.1521E-02
  26.561122    -7.0675E-02
  26.613226    -6.9842E-02
  26.665331    -6.9019E-02
  26.717435    -6.8208E-02
  26.769539    -6.7409E-02
  26.821643    -6.6620E-02
  26.873747    -6.5842E-02
  26.925852    -6.5074E-02
  26.977956    -6.4317E-02
  27.030060    -6.3570E-02
  27.082164    -6.2834E-02
  27.134269    -6.2107E-02
  27.186373    -6.1390E-02
  27.238477    -6.0683E-02
  27.290581    -5.9985E-02
  27.342685    -5.9297E-02
  27.394790    -5.8618E-02
  27.446894    -5.7948E-02
  27.498998    -5.7287E-02
  27.551102    -5.6635E-02
  27.603206    -5.5991E-02
  27.655311    -5.5356E-02
  27.707415    -5.4729E-02
  27.759519    -5.4111E-02
  27.811623    -5.3501E-02
  27.863727    -5.2898E-02
  27.915832    -5.2304E-02
  27.967936    -5.1718E-02
  28.020040    -5.1139E-02
  28.072144    -5.0567E-02
  28.124248    -5.0004E-02
  28.176353    -4.9447E-02
  28.228457    -4.8898E-02
  28.280561    -4.8356E-02
  28.332665    -4.7821E-02
  28.384770    -4.7293E-02
  28.436874    -4.6771E-02
  28.488978    -4.6256E-02
  28.541082    -4.5748E-02
  28.593186    -4.5247E-02
  28.645291    -4.4752E-02
  28.697395    -4.4263E-02
  28.749499    -4.3780E-02
  28.801603    -4.3304E-02
  28.853707    -4.2833E-02
  28.905812    -4.2369E-02
  28.957916    -4.1910E-02
  29.010020    -4.1458E-02
  29.062124    -4.1011E-02
  29.114228    -4.0569E-02
  29.166333    -4.0133E-02
  29.218437    -3.9703E-02
  29.270541    -3.9278E-02
  29.322645    -3.8858E-02
  29.374749    -3.8444E-02
  29.426854    -3.8034E-02
  29.478958    -3.7630E-02
  29.531062    -3.7231E-02
  29.583166    -3.6837E-02
  29.635271    -3.6447E-02
  29.687375    -3.6063E-02
  29.739479    -3.5683E-02
  29.791583    -3.5308E-02
  29.843687    -3.4937E-02
  29.895792    -3.4571E-02
  29.947896    -3.4209E-02
  30.000000    -3.3852E-02
 129.49899800
   4.000000     3.8974E+04
   4.052104     3.5801E+04
   4.104208     3.2854E+04
   4.156313     3.0122E+04
   4.208417     2.7591E+04
   4.260521     2.5250E+04
   4.312625     2.3086E+04
   4.364729     2.1089E+04
   4.416834     1.9246E+04
   4.468938     1.7549E+04
   4.521042     1.5986E+04
   4.573146     1.4549E+04
   4.625251     1.3229E+04
   4.677355     1.2017E+04
   4.729459     1.0905E+04
   4.781563     9.8853E+03
   4.833667     8.9518E+03
   4.885772     8.0977E+03
   4.937876     7.3167E+03
   4.989980     6.6033E+03
   5.042084     5.9520E+03
   5.094188     5.3579E+03
   5.146293     4.8165E+03
   5.198397     4.3235E+03
   5.250501     3.8749E+03
   5.302605     3.4670E+03
   5.354709     3.0965E+03
   5.406814     2.7603E+03
   5.458918     2.4554E+03
   5.511022     2.1792E+03
   5.563126     1.9293E+03
   5.615230     1.7032E+03
   5.667335     1.4991E+03
   5.719439     1.3149E+03
   5.771543     1.1489E+03
   5.823647     9.9941E+02
   5.875752     8.6504E+02
   5.927856     7.4438E+02
   5.979960     6.3619E+02
   6.032064     5.3933E+02
   6.084168     4.5273E+02
   6.136273     3.7546E+02
   6.188377     3.0662E+02
   6.240481     2.4543E+02
   6.292585     1.9114E+02
   6.344689     1.4310E+02
   6.396794     1.0070E+02
   6.448898     6.3379E+01
   6.501002     3.0638E+01
   6.553106     2.0183E+00
   6.605210    -2.2897E+01
   6.657315    -4.4486E+01
   6.709419    -6.3094E+01
   6.761523    -7.9032E+01
   6.813627    -9.2583E+01
   6.865731    -1.0400E+02
   6.917836    -1.1352E+02
   6.969940    -1.2136E+02
   7.022044    -1.2769E+02
   7.074148    -1.3269E+02
   7.126253    -1.3652E+02
   7.178357    -1.3931E+02
   7.230461    -1.4120E+02
   7.282565    -1.4229E+02
   7.334669    -1.4268E+02
   7.386774    -1.4246E+02
   7.438878    -1.4172E+02
   7.490982    -1.4054E+02
   7.543086    -1.3896E+02
   7.595190    -1.3706E+02
   7.647295    -1.3488E+02
   7.699399    -1.3247E+02
   7.751503    -1.2988E+02
   7.803607    -1.2713E+02
   7.855711    -1.2426E+02
   7.907816    -1.2129E+02
   7.959920    -1.1826E+02
   8.012024    -1.1519E+02
   8.064128    -1.1208E+02
   8.116232    -1.0897E+02
   8.168337    -1.0586E+02
   8.220441    -1.0277E+02
   8.272545    -9.9702E+01
   8.324649    -9.6673E+01
   8.376754    -9.3687E+01
   8.428858    -9.0752E+01
   8.480962    -8.7873E+01
   8.533066    -8.5054E+01
   8.585170    -8.2298E+01
   8.637275    -7.9609E+01
   8.689379    -7.6988E+01
   8.741483    -7.4437E+01
   8.793587    -7.1956E+01
   8.845691    -6.9547E+01
   8.897796    -6.7209E+01
   8.949900    -6.4943E+01
   9.002004    -6.2747E+01
   9.054108    -6.0621E+01
   9.106212    -5.8564E+01
   9.158317    -5.6575E+01
   9.210421    -5.4653E+01
   9.262525    -5.2796E+01
   9.314629    -5.1002E+01
   9.366733    -4.9271E+01
   9.418838    -4.7600E+01
   9.470942    -4.5989E+01
   9.523046    -4.4434E+01
   9.575150    -4.2935E+01
   9.627255    -4.1490E+01
   9.679359    -4.0097E+01
   9.731463    -3.8755E+01
   9.783567    -3.7461E+01
   9.835671    -3.6214E+01
   9.887776    -3.5013E+01
   9.939880    -3.3855E+01
   9.991984    -3.2740E+01
  10.044088    -3.1666E+01
  10.096192    -3.0631E+01
  10.148297    -2.9634E+01
  10.200401    -2.8673E+01
  10.252505    -2.7747E+01
  10.304609    -2.6856E+01
  10.356713    -2.5996E+01
  10.408818    -2.5168E+01
  10.460922    -2.4370E+01
  10.513026    -2.3600E+01
  10.565130    -2.2859E+01
  10.617234    -2.2144E+01
  10.669339    -2.1454E+01
  10.721443    -2.0790E+01
  10.773547    -2.0149E+01
  10.825651    -1.9531E+01
  10.877756    -1.8934E+01
  10.929860    -1.8359E+01
  10.981964    -1.7804E+01
  11.034068    -1.7268E+01
  11.086172    -1.6751E+01
  11.138277    -1.6252E+01
  11.190381    -1.5771E+01
  11.242485    -1.5305E+01
  11.294589    -1.4856E+01
  11.346693    -1.4422E+01
  11.398798    -1.4003E+01
  11.450902    -1.3598E+01
  11.503006    -1.3207E+01
  11.555110    -1.2829E+01
  11.607214    -1.2463E+01
  11.659319    -1.2110E+01
  11.711423    -1.1768E+01
  11.763527    -1.1437E+01
  11.815631    -1.1118E+01
  11.867735    -1.0808E+01
  11.919840    -1.0509E+01
  11.971944    -1.0219E+01
  12.024048    -9.9392E+00
  12.076152    -9.6679E+00
  12.128257    -9.4053E+00
  12.180361    -9.1510E+00
  12.232465    -8.9047E+00
  12.284569    -8.6661E+00
  12.336673    -8.4350E+00
  12.388778    -8.2111E+00
  12.440882    -7.9941E+00
  12.492986    -7.7839E+00
  12.545090    -7.5800E+00
  12.597194    -7.3825E+00
  12.649299    -7.1909E+00
  12.701403    -7.0051E+00
  12.753507    -6.8249E+00
  12.805611    -6.6501E+00
  12.857715    -6.4806E+00
  12.909820    -6.3161E+00
  12.961924    -6.1564E+00
  13.014028    -6.0015E+00
  13.066132    -5.8511E+00
  13.118236    -5.7051E+00
  13.170341    -5.5634E+00
  13.222445    -5.4258E+00
  13.274549    -5.2921E+00
  13.326653    -5.1623E+00
  13.378758    -5.0362E+00
  13.430862    -4.9137E+00
  13.482966    -4.7946E+00
  13.535070    -4.6790E+00
  13.587174    -4.5665E+00
  13.639279    -4.4573E+00
  13.691383    -4.3511E+00
  13.743487    -4.2478E+00
  13.795591    -4.1474E+00
  13.847695    -4.0497E+00
  13.899800    -3.9548E+00
  13.951904    -3.8624E+00
  14.004008    -3.7726E+00
  14.056112    -3.6852E+00
  14.108216    -3.6001E+00
  14.160321    -3.5173E+00
  14.212425    -3.4368E+00
  14.264529    -3.3584E+00
  14.316633    -3.2821E+00
  14.368737    -3.2078E+00
  14.420842    -3.1355E+00
  14.472946    -3.0651E+00
  14.525050    -2.9965E+00
  14.577154    -2.9297E+00
  14.629259    -2.8647E+00
  14.681363    -2.8013E+00
  14.733467    -2.7396E+00
  14.785571    -2.6795E+00
  14.837675    -2.6209E+00
  14.889780    -2.5638E+00
  14.941884    -2.5081E+00
  14.993988    -2.4539E+00
  15.046092    -2.4010E+00
  15.098196    -2.3495E+00
  15.150301    -2.2992E+00
  15.202405    -2.2502E+00
  15.254509    -2.2024E+00
  15.306613    -2.1558E+00
  15.358717    -2.1104E+00
  15.410822    -2.0661E+00
  15.462926    -2.0228E+00
  15.515030    -1.9807E+00
  15.567134    -1.9395E+00
  15.619238    -1.8994E+00
  15.671343    -1.8602E+00
  15.723447    -1.8219E+00
  15.775551    -1.7846E+00
  15.827655    -1.7482E+00
  15.879760    -1.7126E+00
  15.931864    -1.6779E+00
  15.983968    -1.6440E+00
  16.036072    -1.6109E+00
  16.088176    -1.5786E+00
  16.140281    -1.5471E+00
  16.192385    -1.5163E+00
  16.244489    -1.4862E+00
  16.296593    -1.4568E+00
  16.348697    -1.4280E+00
  16.400802    -1.4000E+00
  16.452906    -1.3726E+00
  16.505010    -1.3458E+00
  16.557114    -1.3196E+00
  16.609218    -1.2940E+00
  16.661323    -1.2690E+00
  16.713427    -1.2446E+00
  16.765531    -1.2207E+00
  16.817635    -1.1973E+00
  16.869739    -1.1745E+00
  16.921844    -1.1522E+00
  16.973948    -1.1304E+00
  17.026052    -1.1090E+00
  17.078156    -1.0882E+00
  17.130261    -1.0678E+00
  17.182365    -1.0478E+00
  17.234469    -1.0283E+00
  17.286573    -1.0092E+00
  17.338677    -9.9048E-01
  17.390782    -9.7220E-01
  17.442886    -9.5432E-01
  17.494990    -9.3682E-01
  17.547094    -9.1969E-01
  17.599198    -9.0293E-01
  17.651303    -8.8653E-01
  17.703407    -8.7048E-01
  17.755511    -8.5477E-01
  17.807615    -8.3939E-01
  17.859719    -8.2433E-01
  17.911824    -8.0959E-01
  17.963928    -7.9516E-01
  18.016032    -7.8103E-01
  18.068136    -7.6719E-01
  18.120240    -7.5364E-01
  18.172345    -7.4037E-01
  18.224449    -7.2737E-01
  18.276553    -7.1464E-01
  18.328657    -7.0217E-01
  18.380762    -6.8995E-01
  18.432866    -6.7799E-01
  18.484970    -6.6626E-01
  18.537074    -6.5478E-01
  18.589178    -6.4352E-01
  18.641283    -6.3250E-01
  18.693387    -6.2169E-01
  18.745491    -6.1110E-01
  18.797595    -6.0072E-01
  18.849699    -5.9054E-01
  18.901804    -5.8057E-01
  18.953908    -5.7080E-01
  19.006012    -5.6122E-01
  19.058116    -5.5182E-01
  19.110220    -5.4261E-01
  19.162325    -5.3358E-01
  19.214429    -5.2473E-01
  19.266533    -5.1605E-01
  19.318637    -5.0753E-01
  19.370741    -4.9918E-01
  19.422846    -4.9099E-01
  19.474950    -4.8296E-01
  19.527054    -4.7508E-01
  19.579158    -4.6736E-01
  19.631263    -4.5977E-01
  19.683367    -4.5234E-01
  19.735471    -4.4504E-01
  19.787575    -4.3788E-01
  19.839679    -4.3086E-01
  19.891784    -4.2397E-01
  19.943888    -4.1721E-01
  19.995992    -4.1057E-01
  20.048096    -4.0406E-01
  20.100200    -3.9767E-01
  20.152305    -3.9139E-01
  20.204409    -3.8523E-01
  20.256513    -3.7919E-01
  20.308617    -3.7326E-01
  20.360721    -3.6743E-01
  20.412826    -3.6171E-01
  20.464930    -3.5610E-01
  20.517034    -3.5059E-01
  20.569138    -3.4517E-01
  20.621242    -3.3986E-01
  20.673347    -3.3464E-01
  20.725451    -3.2951E-01
  20.777555    -3.2448E-01
  20.829659    -3.1954E-01
  20.881764    -3.1468E-01
  20.933868    -3.0991E-01
  20.985972    -3.0523E-01
  21.038076    -3.0063E-01
  21.090180    -2.9611E-01
  21.142285    -2.9167E-01
  21.194389    -2.8730E-01
  21.246493    -2.8302E-01
  21.298597    -2.7880E-01
  21.350701    -2.7467E-01
  21.402806    -2.7060E-01
  21.454910    -2.6660E-01
  21.507014    -2.6268E-01
  21.559118    -2.5882E-01
  21.611222    -2.5502E-01
  21.663327    -2.5130E-01
  21.715431    -2.4763E-01
  21.767535    -2.4403E-01
  21.819639    -2.4049E-01
  21.871743    -2.3701E-01
  21.923848    -2.3359E-01
  21.975952    -2.3022E-01
  22.028056    -2.2692E-01
  22.080160    -2.2366E-01
  22.132265    -2.2047E-01
  22.184369    -2.1732E-01
  22.236473    -2.1423E-01
  22.288577    -2.1119E-01
  22.340681    -2.0820E-01
  22.392786    -2.0526E-01
  22.444890    -2.0237E-01
  22.496994    -1.9953E-01
  22.549098    -1.9673E-01
  22.601202    -1.9398E-01
  22.653307    -1.9128E-01
  22.705411    -1.8861E-01
  22.757515    -1.8600E-01
  22.809619    -1.8342E-01
  22.861723    -1.8089E-01
  22.913828    -1.7839E-01
  22.965932    -1.7594E-01
  23.018036    -1.7353E-01
  23.070140    -1.7115E-01
  23.122244    -1.6881E-01
  23.174349    -1.6651E-01
  23.226453    -1.6425E-01
  23.278557    -1.6203E-01
  23.330661    -1.5983E-01
  23.382766    -1.5768E-01
  23.434870    -1.5555E-01
  23.486974    -1.5346E-01
  23.539078    -1.5141E-01
  23.591182    -1.4938E-01
  23.643287    -1.4739E-01
  23.695391    -1.4543E-01
  23.747495    -1.4350E-01
  23.799599    -1.4160E-01
  23.851703    -1.3972E-01
  23.903808    -1.3788E-01
  23.955912    -1.3607E-01
  24.008016    -1.3428E-01
  24.060120    -1.3252E-01
  24.112224    -1.3079E-01
  24.164329    -1.2908E-01
  24.216433    -1.2740E-01
  24.268537    -1.2575E-01
  24.320641    -1.2412E-01
  24.372745    -1.2252E-01
  24.424850    -1.2094E-01
  24.476954    -1.1938E-01
  24.529058    -1.1785E-01
  24.581162    -1.1634E-01
  24.633267    -1.1485E-01
  24.685371    -1.1339E-01
  24.737475    -1.1194E-01
  24.789579    -1.1052E-01
  24.841683    -1.0912E-01
  24.893788    -1.0774E-01
  24.945892    -1.0638E-01
  24.997996    -1.0504E-01
  25.050100    -1.0372E-01
  25.102204    -1.0242E-01
  25.154309    -1.0114E-01
  25.206413    -9.9880E-02
  25.258517    -9.8636E-02
  25.310621    -9.7410E-02
  25.362725    -9.6202E-02
  25.414830    -9.5012E-02
  25.466934    -9.3839E-02
  25.519038    -9.2682E-02
  25.571142    -9.1543E-02
  25.623246    -9.0419E-02
  25.675351    -8.9312E-02
  25.727455    -8.8221E-02
  25.779559    -8.7145E-02
  25.831663    -8.6085E-02
  25.883768    -8.5039E-02
  25.935872    -8.4009E-02
  25.987976    -8.2993E-02
  26.040080    -8.1991E-02
  26.092184    -8.1004E-02
  26.144289    -8.0030E-02
  26.196393    -7.9071E-02
  26.248497    -7.8124E-02
  26.300601    -7.7191E-02
  26.352705    -7.6271E-02
  26.404810    -7.5364E-02
  26.456914    -7.4469E-02
  26.509018    -7.3587E-02
  26.561122    -7.2717E-02
  26.613226    -7.1859E-02
  26.665331    -7.1013E-02
  26.717435    -7.0178E-02
  26.769539    -6.9355E-02
  26.821643    -6.8543E-02
  26.873747    -6.7743E-02
  26.925852    -6.6953E-02
  26.977956    -6.6174E-02
  27.030060    -6.5406E-02
  27.082164    -6.4648E-02
  27.134269    -6.3900E-02
  27.186373    -6.3162E-02
  27.238477    -6.2435E-02
  27.290581    -6.1717E-02
  27.342685    -6.1009E-02
  27.394790    -6.0310E-02
  27.446894    -5.9621E-02
  27.498998    -5.8941E-02
  27.551102    -5.8269E-02
  27.603206    -5.7607E-02
  27.655311    -5.6954E-02
  27.707415    -5.6309E-02
  27.759519    -5.5673E-02
  27.811623    -5.5045E-02
  27.863727    -5.4426E-02
  27.915832    -5.3815E-02
  27.967936    -5.3211E-02
  28.020040    -5.2616E-02
  28.072144    -5.2028E-02
  28.124248    -5.1448E-02
  28.176353    -5.0876E-02
  28.228457    -5.0311E-02
  28.280561    -4.9754E-02
  28.332665    -4.9203E-02
  28.384770    -4.8660E-02
  28.436874    -4.8124E-02
  28.488978    -4.7594E-02
  28.541082    -4.7072E-02
  28.593186    -4.6556E-02
  28.645291    -4.6047E-02
  28.697395    -4.5544E-02
  28.749499    -4.5048E-02
  28.801603    -4.4558E-02
  28.853707    -4.4074E-02
  28.905812    -4.3596E-02
  28.957916    -4.3125E-02
  29.010020    -4.2659E-02
  29.062124    -4.2199E-02
  29.114228    -4.1745E-02
  29.166333    -4.1297E-02
  29.218437    -4.0854E-02
  29.270541    -4.0417E-02
  29.322645    -3.9986E-02
  29.374749    -3.9560E-02
  29.426854    -3.9139E-02
  29.478958    -3.8723E-02
  29.531062    -3.8312E-02
  29.583166    -3.7907E-02
  29.635271    -3.7507E-02
  29.687375    -3.7111E-02
  29.739479    -3.6720E-02
  29.791583    -3.6335E-02
  29.843687    -3.5954E-02
  29.895792    -3.5577E-02
  29.947896    -3.5205E-02
  30.000000    -3.4838E-02
 133.10621242
   4.000000     4.4911E+04
   4.052104     4.1190E+04
   4.104208     3.7757E+04
   4.156313     3.4591E+04
   4.208417     3.1672E+04
   4.260521     2.8980E+04
   4.312625     2.6500E+04
   4.364729     2.4215E+04
   4.416834     2.2111E+04
   4.468938     2.0174E+04
   4.521042     1.8392E+04
   4.573146     1.6755E+04
   4.625251     1.5249E+04
   4.677355     1.3867E+04
   4.729459     1.2599E+04
   4.781563     1.1436E+04
   4.833667     1.0370E+04
   4.885772     9.3931E+03
   4.937876     8.4993E+03
   4.989980     7.6819E+03
   5.042084     6.9348E+03
   5.094188     6.2526E+03
   5.146293     5.6301E+03
   5.198397     5.0624E+03
   5.250501     4.5453E+03
   5.302605     4.0745E+03
   5.354709     3.6463E+03
   5.406814     3.2572E+03
   5.458918     2.9039E+03
   5.511022     2.5834E+03
   5.563126     2.2929E+03
   5.615230     2.0300E+03
   5.667335     1.7922E+03
   5.719439     1.5774E+03
   5.771543     1.3835E+03
   5.823647     1.2087E+03
   5.875752     1.0514E+03
   5.927856     9.0995E+02
   5.979960     7.8293E+02
   6.032064     6.6905E+02
   6.084168     5.6710E+02
   6.136273     4.7597E+02
   6.188377     3.9468E+02
   6.240481     3.2228E+02
   6.292585     2.5794E+02
   6.344689     2.0089E+02
   6.396794     1.5043E+02
   6.448898     1.0591E+02
   6.501002     6.6747E+01
   6.553106     3.2416E+01
   6.605210     2.4286E+00
   6.657315    -2.3655E+01
   6.709419    -4.6237E+01
   6.761523    -6.5679E+01
   6.813627    -8.2312E+01
   6.865731    -9.6435E+01
   6.917836    -1.0832E+02
   6.969940    -1.1821E+02
   7.022044    -1.2632E+02
   7.074148    -1.3287E+02
   7.126253    -1.3802E+02
   7.178357    -1.4195E+02
   7.230461    -1.4479E+02
   7.282565    -1.4668E+02
   7.334669    -1.4774E+02
   7.386774    -1.4808E+02
   7.438878    -1.4779E+02
   7.490982    -1.4696E+02
   7.543086    -1.4566E+02
   7.595190    -1.4396E+02
   7.647295    -1.4192E+02
   7.699399    -1.3960E+02
   7.751503    -1.3704E+02
   7.803607    -1.3429E+02
   7.855711    -1.3139E+02
   7.907816    -1.2837E+02
   7.959920    -1.2525E+02
   8.012024    -1.2207E+02
   8.064128    -1.1884E+02
   8.116232    -1.1559E+02
   8.168337    -1.1233E+02
   8.220441    -1.0908E+02
   8.272545    -1.0585E+02
   8.324649    -1.0265E+02
   8.376754    -9.9496E+01
   8.428858    -9.6388E+01
   8.480962    -9.3334E+01
   8.533066    -9.0340E+01
   8.585170    -8.7411E+01
   8.637275    -8.4550E+01
   8.689379    -8.1760E+01
   8.741483    -7.9042E+01
   8.793587    -7.6399E+01
   8.845691    -7.3830E+01
   8.897796    -7.1337E+01
   8.949900    -6.8919E+01
   9.002004    -6.6576E+01
   9.054108    -6.4307E+01
   9.106212    -6.2112E+01
   9.158317    -5.9989E+01
   9.210421    -5.7937E+01
   9.262525    -5.5955E+01
   9.314629    -5.4041E+01
   9.366733    -5.2193E+01
   9.418838    -5.0411E+01
   9.470942    -4.8691E+01
   9.523046    -4.7033E+01
   9.575150    -4.5434E+01
   9.627255    -4.3893E+01
   9.679359    -4.2407E+01
   9.731463    -4.0976E+01
   9.783567    -3.9597E+01
   9.835671    -3.8269E+01
   9.887776    -3.6989E+01
   9.939880    -3.5756E+01
   9.991984    -3.4569E+01
  10.044088    -3.3425E+01
  10.096192    -3.2324E+01
  10.148297    -3.1263E+01
  10.200401    -3.0241E+01
  10.252505    -2.9257E+01
  10.304609    -2.8309E+01
  10.356713    -2.7395E+01
  10.408818    -2.6515E+01
  10.460922    -2.5668E+01
  10.513026    -2.4851E+01
  10.565130    -2.4064E+01
  10.617234    -2.3305E+01
  10.669339    -2.2574E+01
  10.721443    -2.1869E+01
  10.773547    -2.1189E+01
  10.825651    -2.0534E+01
  10.877756    -1.9902E+01
  10.929860    -1.9293E+01
  10.981964    -1.8705E+01
  11.034068    -1.8138E+01
  11.086172    -1.7591E+01
  11.138277    -1.7063E+01
  11.190381    -1.6553E+01
  11.242485    -1.6062E+01
  11.294589    -1.5587E+01
  11.346693    -1.5128E+01
  11.398798    -1.4685E+01
  11.450902    -1.4257E+01
  11.503006    -1.3844E+01
  11.555110    -1.3445E+01
  11.607214    -1.3059E+01
  11.659319    -1.2686E+01
  11.711423    -1.2326E+01
  11.763527    -1.1977E+01
  11.815631    -1.1640E+01
  11.867735    -1.1314E+01
  11.919840    -1.0999E+01
  11.971944    -1.0694E+01
  12.024048    -1.0399E+01
  12.076152    -1.0113E+01
  12.128257    -9.8368E+00
  12.180361    -9.5691E+00
  12.232465    -9.3100E+00
  12.284569    -9.0591E+00
  12.336673    -8.8161E+00
  12.388778    -8.5807E+00
  12.440882    -8.3527E+00
  12.492986    -8.1317E+00
  12.545090    -7.9176E+00
  12.597194    -7.7100E+00
  12.649299    -7.5088E+00
  12.701403    -7.3138E+00
  12.753507    -7.1247E+00
  12.805611    -6.9412E+00
  12.857715    -6.7633E+00
  12.909820    -6.5908E+00
  12.961924    -6.4233E+00
  13.014028    -6.2609E+00
  13.066132    -6.1032E+00
  13.118236    -5.9502E+00
  13.170341    -5.8017E+00
  13.222445    -5.6574E+00
  13.274549    -5.5174E+00
  13.326653    -5.3814E+00
  13.378758    -5.2494E+00
  13.430862    -5.1211E+00
  13.482966    -4.9965E+00
  13.535070    -4.8754E+00
  13.587174    -4.7578E+00
  13.639279    -4.6434E+00
  13.691383    -4.5323E+00
  13.743487    -4.4243E+00
  13.795591    -4.3192E+00
  13.847695    -4.2171E+00
  13.899800    -4.1178E+00
  13.951904    -4.0213E+00
  14.004008    -3.9274E+00
  14.056112    -3.8360E+00
  14.108216    -3.7471E+00
  14.160321    -3.6607E+00
  14.212425    -3.5765E+00
  14.264529    -3.4946E+00
  14.316633    -3.4149E+00
  14.368737    -3.3374E+00
  14.420842    -3.2618E+00
  14.472946    -3.1883E+00
  14.525050    -3.1167E+00
  14.577154    -3.0470E+00
  14.629259    -2.9791E+00
  14.681363    -2.9130E+00
  14.733467    -2.8486E+00
  14.785571    -2.7858E+00
  14.837675    -2.7247E+00
  14.889780    -2.6651E+00
  14.941884    -2.6071E+00
  14.993988    -2.5505E+00
  15.046092    -2.4954E+00
  15.098196    -2.4416E+00
  15.150301    -2.3892E+00
  15.202405    -2.3381E+00
  15.254509    -2.2883E+00
  15.306613    -2.2398E+00
  15.358717    -2.1924E+00
  15.410822    -2.1462E+00
  15.462926    -2.1011E+00
  15.515030    -2.0572E+00
  15.567134    -2.0143E+00
  15.619238    -1.9725E+00
  15.671343    -1.9316E+00
  15.723447    -1.8918E+00
  15.775551    -1.8529E+00
  15.827655    -1.8150E+00
  15.879760    -1.7780E+00
  15.931864    -1.7418E+00
  15.983968    -1.7065E+00
  16.036072    -1.6720E+00
  16.088176    -1.6384E+00
  16.140281    -1.6055E+00
  16.192385    -1.5735E+00
  16.244489    -1.5421E+00
  16.296593    -1.5115E+00
  16.348697    -1.4816E+00
  16.400802    -1.4524E+00
  16.452906    -1.4239E+00
  16.505010    -1.3960E+00
  16.557114    -1.3688E+00
  16.609218    -1.3421E+00
  16.661323    -1.3161E+00
  16.713427    -1.2907E+00
  16.765531    -1.2658E+00
  16.817635    -1.2415E+00
  16.869739    -1.2178E+00
  16.921844    -1.1946E+00
  16.973948    -1.1719E+00
  17.026052    -1.1497E+00
  17.078156    -1.1280E+00
  17.130261    -1.1068E+00
  17.182365    -1.0860E+00
  17.234469    -1.0657E+00
  17.286573    -1.0458E+00
  17.338677    -1.0264E+00
  17.390782    -1.0074E+00
  17.442886    -9.8880E-01
  17.494990    -9.7061E-01
  17.547094    -9.5281E-01
  17.599198    -9.3539E-01
  17.651303    -9.1834E-01
  17.703407    -9.0166E-01
  17.755511    -8.8533E-01
  17.807615    -8.6934E-01
  17.859719    -8.5370E-01
  17.911824    -8.3838E-01
  17.963928    -8.2338E-01
  18.016032    -8.0870E-01
  18.068136    -7.9433E-01
  18.120240    -7.8025E-01
  18.172345    -7.6646E-01
  18.224449    -7.5296E-01
  18.276553    -7.3974E-01
  18.328657    -7.2679E-01
  18.380762    -7.1410E-01
  18.432866    -7.0168E-01
  18.484970    -6.8950E-01
  18.537074    -6.7757E-01
  18.589178    -6.6589E-01
  18.641283    -6.5444E-01
  18.693387    -6.4322E-01
  18.745491    -6.3222E-01
  18.797595    -6.2145E-01
  18.849699    -6.1089E-01
  18.901804    -6.0054E-01
  18.953908    -5.9039E-01
  19.006012    -5.8045E-01
  19.058116    -5.7070E-01
  19.110220    -5.6114E-01
  19.162325    -5.5178E-01
  19.214429    -5.4259E-01
  19.266533    -5.3358E-01
  19.318637    -5.2475E-01
  19.370741    -5.1609E-01
  19.422846    -5.0759E-01
  19.474950    -4.9926E-01
  19.527054    -4.9109E-01
  19.579158    -4.8308E-01
  19.631263    -4.7522E-01
  19.683367    -4.6750E-01
  19.735471    -4.5994E-01
  19.787575    -4.5252E-01
  19.839679    -4.4524E-01
  19.891784    -4.3809E-01
  19.943888    -4.3108E-01
  19.995992    -4.2420E-01
  20.048096    -4.1745E-01
  20.100200    -4.1083E-01
  20.152305    -4.0432E-01
  20.204409    -3.9794E-01
  20.256513    -3.9168E-01
  20.308617    -3.8553E-01
  20.360721    -3.7950E-01
  20.412826    -3.7357E-01
  20.464930    -3.6775E-01
  20.517034    -3.6204E-01
  20.569138    -3.5644E-01
  20.621242    -3.5093E-01
  20.673347    -3.4553E-01
  20.725451    -3.4022E-01
  20.777555    -3.3501E-01
  20.829659    -3.2989E-01
  20.881764    -3.2486E-01
  20.933868    -3.1992E-01
  20.985972    -3.1507E-01
  21.038076    -3.1031E-01
  21.090180    -3.0563E-01
  21.142285    -3.0103E-01
  21.194389    -2.9652E-01
  21.246493    -2.9208E-01
  21.298597    -2.8772E-01
  21.350701    -2.8344E-01
  21.402806    -2.7923E-01
  21.454910    -2.7510E-01
  21.507014    -2.7103E-01
  21.559118    -2.6704E-01
  21.611222    -2.6311E-01
  21.663327    -2.5926E-01
  21.715431    -2.5547E-01
  21.767535    -2.5174E-01
  21.819639    -2.4808E-01
  21.871743    -2.4448E-01
  21.923848    -2.4094E-01
  21.975952    -2.3746E-01
  22.028056    -2.3404E-01
  22.080160    -2.3068E-01
  22.132265    -2.2738E-01
  22.184369    -2.2413E-01
  22.236473    -2.2093E-01
  22.288577    -2.1779E-01
  22.340681    -2.1470E-01
  22.392786    -2.1166E-01
  22.444890    -2.0867E-01
  22.496994    -2.0573E-01
  22.549098    -2.0284E-01
  22.601202    -2.0000E-01
  22.653307    -1.9720E-01
  22.705411    -1.9445E-01
  22.757515    -1.9175E-01
  22.809619    -1.8909E-01
  22.861723    -1.8647E-01
  22.913828    -1.8389E-01
  22.965932    -1.8136E-01
  23.018036    -1.7887E-01
  23.070140    -1.7641E-01
  23.122244    -1.7400E-01
  23.174349    -1.7162E-01
  23.226453    -1.6929E-01
  23.278557    -1.6699E-01
  23.330661    -1.6472E-01
  23.382766    -1.6250E-01
  23.434870    -1.6030E-01
  23.486974    -1.5815E-01
  23.539078    -1.5602E-01
  23.591182    -1.5393E-01
  23.643287    -1.5188E-01
  23.695391    -1.4985E-01
  23.747495    -1.4786E-01
  23.799599    -1.4590E-01
  23.851703    -1.4396E-01
  23.903808    -1.4206E-01
  23.955912    -1.4019E-01
  24.008016    -1.3835E-01
  24.060120    -1.3653E-01
  24.112224    -1.3474E-01
  24.164329    -1.3298E-01
  24.216433    -1.3125E-01
  24.268537    -1.2954E-01
  24.320641    -1.2786E-01
  24.372745    -1.2621E-01
  24.424850    -1.2458E-01
  24.476954    -1.2297E-01
  24.529058    -1.2139E-01
  24.581162    -1.1983E-01
  24.633267    -1.1830E-01
  24.685371    -1.1679E-01
  24.737475    -1.1530E-01
  24.789579    -1.1383E-01
  24.841683    -1.1239E-01
  24.893788    -1.1097E-01
  24.945892    -1.0957E-01
  24.997996    -1.0819E-01
  25.050100    -1.0682E-01
  25.102204    -1.0548E-01
  25.154309    -1.0416E-01
  25.206413    -1.0286E-01
  25.258517    -1.0158E-01
  25.310621    -1.0032E-01
  25.362725    -9.9070E-02
  25.414830    -9.7842E-02
  25.466934    -9.6633E-02
  25.519038    -9.5441E-02
  25.571142    -9.4266E-02
  25.623246    -9.3108E-02
  25.675351    -9.1967E-02
  25.727455    -9.0842E-02
  25.779559    -8.9734E-02
  25.831663    -8.8641E-02
  25.883768    -8.7564E-02
  25.935872    -8.6502E-02
  25.987976    -8.5455E-02
  26.040080    -8.4423E-02
  26.092184    -8.3405E-02
  26.144289    -8.2402E-02
  26.196393    -8.1413E-02
  26.248497    -8.0438E-02
  26.300601    -7.9477E-02
  26.352705    -7.8529E-02
  26.404810    -7.7594E-02
  26.456914    -7.6672E-02
  26.509018    -7.5763E-02
  26.561122    -7.4867E-02
  26.613226    -7.3983E-02
  26.665331    -7.3112E-02
  26.717435    -7.2252E-02
  26.769539    -7.1404E-02
  26.821643    -7.0568E-02
  26.873747    -6.9743E-02
  26.925852    -6.8930E-02
  26.977956    -6.8128E-02
  27.030060    -6.7336E-02
  27.082164    -6.6556E-02
  27.134269    -6.5786E-02
  27.186373    -6.5026E-02
  27.238477    -6.4277E-02
  27.290581    -6.3537E-02
  27.342685    -6.2808E-02
  27.394790    -6.2089E-02
  27.446894    -6.1379E-02
  27.498998    -6.0678E-02
  27.551102    -5.9987E-02
  27.603206    -5.9306E-02
  27.655311    -5.8633E-02
  27.707415    -5.7969E-02
  27.759519    -5.7314E-02
  27.811623    -5.6668E-02
  27.863727    -5.6030E-02
  27.915832    -5.5401E-02
  27.967936    -5.4780E-02
  28.020040    -5.4167E-02
  28.072144    -5.3562E-02
  28.124248    -5.2965E-02
  28.176353    -5.2375E-02
  28.228457    -5.1794E-02
  28.280561    -5.1220E-02
  28.332665    -5.0653E-02
  28.384770    -5.0094E-02
  28.436874    -4.9542E-02
  28.488978    -4.8997E-02
  28.541082    -4.8459E-02
  28.593186    -4.7928E-02
  28.645291    -4.7404E-02
  28.697395    -4.6887E-02
  28.749499    -4.6376E-02
  28.801603    -4.5871E-02
  28.853707    -4.5374E-02
  28.905812    -4.4882E-02
  28.957916    -4.4397E-02
  29.010020    -4.3917E-02
  29.062124    -4.3444E-02
  29.114228    -4.2977E-02
  29.166333    -4.2516E-02
  29.218437    -4.2060E-02
  29.270541    -4.1610E-02
  29.322645    -4.1166E-02
  29.374749    -4.0727E-02
  29.426854    -4.0294E-02
  29.478958    -3.9866E-02
  29.531062    -3.9444E-02
  29.583166    -3.9027E-02
  29.635271    -3.8615E-02
  29.687375    -3.8208E-02
  29.739479    -3.7806E-02
  29.791583    -3.7409E-02
  29.843687    -3.7017E-02
  29.895792    -3.6629E-02
  29.947896    -3.6247E-02
  30.000000    -3.5869E-02
 136.71342685
   4.000000     5.1450E+04
   4.052104     4.7247E+04
   4.104208     4.3363E+04
   4.156313     3.9774E+04
   4.208417     3.6459E+04
   4.260521     3.3398E+04
   4.312625     3.0572E+04
   4.364729     2.7966E+04
   4.416834     2.5562E+04
   4.468938     2.3348E+04
   4.521042     2.1308E+04
   4.573146     1.9430E+04
   4.625251     1.7702E+04
   4.677355     1.6114E+04
   4.729459     1.4656E+04
   4.781563     1.3316E+04
   4.833667     1.2088E+04
   4.885772     1.0961E+04
   4.937876     9.9295E+03
   4.989980     8.9849E+03
   5.042084     8.1208E+03
   5.094188     7.3311E+03
   5.146293     6.6098E+03
   5.198397     5.9515E+03
   5.250501     5.3513E+03
   5.302605     4.8044E+03
   5.354709     4.3066E+03
   5.406814     3.8538E+03
   5.458918     3.4423E+03
   5.511022     3.0688E+03
   5.563126     2.7299E+03
   5.615230     2.4229E+03
   5.667335     2.1449E+03
   5.719439     1.8936E+03
   5.771543     1.6665E+03
   5.823647     1.4616E+03
   5.875752     1.2769E+03
   5.927856     1.1107E+03
   5.979960     9.6126E+02
   6.032064     8.2711E+02
   6.084168     7.0684E+02
   6.136273     5.9920E+02
   6.188377     5.0301E+02
   6.240481     4.1721E+02
   6.292585     3.4082E+02
   6.344689     2.7295E+02
   6.396794     2.1279E+02
   6.448898     1.5959E+02
   6.501002     1.1267E+02
   6.553106     7.1413E+01
   6.605210     3.5257E+01
   6.657315     3.6895E+00
   6.709419    -2.3757E+01
   6.761523    -4.7506E+01
   6.813627    -6.7942E+01
   6.865731    -8.5415E+01
   6.917836    -1.0024E+02
   6.969940    -1.1270E+02
   7.022044    -1.2307E+02
   7.074148    -1.3156E+02
   7.126253    -1.3840E+02
   7.178357    -1.4378E+02
   7.230461    -1.4786E+02
   7.282565    -1.5080E+02
   7.334669    -1.5275E+02
   7.386774    -1.5383E+02
   7.438878    -1.5414E+02
   7.490982    -1.5380E+02
   7.543086    -1.5289E+02
   7.595190    -1.5148E+02
   7.647295    -1.4967E+02
   7.699399    -1.4750E+02
   7.751503    -1.4503E+02
   7.803607    -1.4233E+02
   7.855711    -1.3942E+02
   7.907816    -1.3635E+02
   7.959920    -1.3316E+02
   8.012024    -1.2988E+02
   8.064128    -1.2652E+02
   8.116232    -1.2313E+02
   8.168337    -1.1971E+02
   8.220441    -1.1629E+02
   8.272545    -1.1287E+02
   8.324649    -1.0949E+02
   8.376754    -1.0613E+02
   8.428858    -1.0282E+02
   8.480962    -9.9569E+01
   8.533066    -9.6374E+01
   8.585170    -9.3243E+01
   8.637275    -9.0182E+01
   8.689379    -8.7194E+01
   8.741483    -8.4282E+01
   8.793587    -8.1447E+01
   8.845691    -7.8691E+01
   8.897796    -7.6015E+01
   8.949900    -7.3419E+01
   9.002004    -7.0903E+01
   9.054108    -6.8466E+01
   9.106212    -6.6108E+01
   9.158317    -6.3828E+01
   9.210421    -6.1624E+01
   9.262525    -5.9495E+01
   9.314629    -5.7440E+01
   9.366733    -5.5456E+01
   9.418838    -5.3543E+01
   9.470942    -5.1697E+01
   9.523046    -4.9918E+01
   9.575150    -4.8203E+01
   9.627255    -4.6551E+01
   9.679359    -4.4959E+01
   9.731463    -4.3425E+01
   9.783567    -4.1949E+01
   9.835671    -4.0526E+01
   9.887776    -3.9157E+01
   9.939880    -3.7839E+01
   9.991984    -3.6569E+01
  10.044088    -3.5347E+01
  10.096192    -3.4171E+01
  10.148297    -3.3038E+01
  10.200401    -3.1947E+01
  10.252505    -3.0897E+01
  10.304609    -2.9886E+01
  10.356713    -2.8913E+01
  10.408818    -2.7976E+01
  10.460922    -2.7073E+01
  10.513026    -2.6204E+01
  10.565130    -2.5366E+01
  10.617234    -2.4560E+01
  10.669339    -2.3782E+01
  10.721443    -2.3034E+01
  10.773547    -2.2312E+01
  10.825651    -2.1617E+01
  10.877756    -2.0946E+01
  10.929860    -2.0300E+01
  10.981964    -1.9677E+01
  11.034068    -1.9076E+01
  11.086172    -1.8496E+01
  11.138277    -1.7937E+01
  11.190381    -1.7398E+01
  11.242485    -1.6877E+01
  11.294589    -1.6375E+01
  11.346693    -1.5890E+01
  11.398798    -1.5422E+01
  11.450902    -1.4970E+01
  11.503006    -1.4533E+01
  11.555110    -1.4112E+01
  11.607214    -1.3704E+01
  11.659319    -1.3311E+01
  11.711423    -1.2930E+01
  11.763527    -1.2563E+01
  11.815631    -1.2207E+01
  11.867735    -1.1864E+01
  11.919840    -1.1531E+01
  11.971944    -1.1210E+01
  12.024048    -1.0899E+01
  12.076152    -1.0598E+01
  12.128257    -1.0307E+01
  12.180361    -1.0025E+01
  12.232465    -9.7521E+00
  12.284569    -9.4880E+00
  12.336673    -9.2322E+00
  12.388778    -8.9846E+00
  12.440882    -8.7446E+00
  12.492986    -8.5122E+00
  12.545090    -8.2870E+00
  12.597194    -8.0688E+00
  12.649299    -7.8572E+00
  12.701403    -7.6522E+00
  12.753507    -7.4534E+00
  12.805611    -7.2606E+00
  12.857715    -7.0737E+00
  12.909820    -6.8924E+00
  12.961924    -6.7165E+00
  13.014028    -6.5459E+00
  13.066132    -6.3803E+00
  13.118236    -6.2196E+00
  13.170341    -6.0636E+00
  13.222445    -5.9122E+00
  13.274549    -5.7652E+00
  13.326653    -5.6225E+00
  13.378758    -5.4839E+00
  13.430862    -5.3493E+00
  13.482966    -5.2185E+00
  13.535070    -5.0915E+00
  13.587174    -4.9680E+00
  13.639279    -4.8481E+00
  13.691383    -4.7315E+00
  13.743487    -4.6182E+00
  13.795591    -4.5081E+00
  13.847695    -4.4010E+00
  13.899800    -4.2969E+00
  13.951904    -4.1957E+00
  14.004008    -4.0973E+00
  14.056112    -4.0015E+00
  14.108216    -3.9084E+00
  14.160321    -3.8177E+00
  14.212425    -3.7296E+00
  14.264529    -3.6438E+00
  14.316633    -3.5603E+00
  14.368737    -3.4790E+00
  14.420842    -3.3999E+00
  14.472946    -3.3229E+00
  14.525050    -3.2479E+00
  14.577154    -3.1749E+00
  14.629259    -3.1039E+00
  14.681363    -3.0346E+00
  14.733467    -2.9672E+00
  14.785571    -2.9015E+00
  14.837675    -2.8375E+00
  14.889780    -2.7752E+00
  14.941884    -2.7145E+00
  14.993988    -2.6553E+00
  15.046092    -2.5976E+00
  15.098196    -2.5414E+00
  15.150301    -2.4866E+00
  15.202405    -2.4331E+00
  15.254509    -2.3810E+00
  15.306613    -2.3303E+00
  15.358717    -2.2807E+00
  15.410822    -2.2324E+00
  15.462926    -2.1853E+00
  15.515030    -2.1394E+00
  15.567134    -2.0946E+00
  15.619238    -2.0509E+00
  15.671343    -2.0082E+00
  15.723447    -1.9666E+00
  15.775551    -1.9260E+00
  15.827655    -1.8864E+00
  15.879760    -1.8477E+00
  15.931864    -1.8099E+00
  15.983968    -1.7731E+00
  16.036072    -1.7371E+00
  16.088176    -1.7020E+00
  16.140281    -1.6677E+00
  16.192385    -1.6342E+00
  16.244489    -1.6015E+00
  16.296593    -1.5696E+00
  16.348697    -1.5384E+00
  16.400802    -1.5079E+00
  16.452906    -1.4781E+00
  16.505010    -1.4491E+00
  16.557114    -1.4207E+00
  16.609218    -1.3929E+00
  16.661323    -1.3658E+00
  16.713427    -1.3393E+00
  16.765531    -1.3134E+00
  16.817635    -1.2880E+00
  16.869739    -1.2633E+00
  16.921844    -1.2391E+00
  16.973948    -1.2154E+00
  17.026052    -1.1923E+00
  17.078156    -1.1697E+00
  17.130261    -1.1476E+00
  17.182365    -1.1260E+00
  17.234469    -1.1048E+00
  17.286573    -1.0842E+00
  17.338677    -1.0639E+00
  17.390782    -1.0441E+00
  17.442886    -1.0248E+00
  17.494990    -1.0059E+00
  17.547094    -9.8733E-01
  17.599198    -9.6920E-01
  17.651303    -9.5146E-01
  17.703407    -9.3410E-01
  17.755511    -9.1711E-01
  17.807615    -9.0049E-01
  17.859719    -8.8421E-01
  17.911824    -8.6828E-01
  17.963928    -8.5269E-01
  18.016032    -8.3742E-01
  18.068136    -8.2248E-01
  18.120240    -8.0784E-01
  18.172345    -7.9351E-01
  18.224449    -7.7948E-01
  18.276553    -7.6574E-01
  18.328657    -7.5228E-01
  18.380762    -7.3910E-01
  18.432866    -7.2618E-01
  18.484970    -7.1354E-01
  18.537074    -7.0115E-01
  18.589178    -6.8901E-01
  18.641283    -6.7712E-01
  18.693387    -6.6547E-01
  18.745491    -6.5405E-01
  18.797595    -6.4286E-01
  18.849699    -6.3190E-01
  18.901804    -6.2115E-01
  18.953908    -6.1062E-01
  19.006012    -6.0030E-01
  19.058116    -5.9018E-01
  19.110220    -5.8027E-01
  19.162325    -5.7054E-01
  19.214429    -5.6101E-01
  19.266533    -5.5167E-01
  19.318637    -5.4250E-01
  19.370741    -5.3352E-01
  19.422846    -5.2471E-01
  19.474950    -5.1607E-01
  19.527054    -5.0759E-01
  19.579158    -4.9928E-01
  19.631263    -4.9113E-01
  19.683367    -4.8313E-01
  19.735471    -4.7529E-01
  19.787575    -4.6760E-01
  19.839679    -4.6005E-01
  19.891784    -4.5264E-01
  19.943888    -4.4538E-01
  19.995992    -4.3825E-01
  20.048096    -4.3125E-01
  20.100200    -4.2439E-01
  20.152305    -4.1765E-01
  20.204409    -4.1104E-01
  20.256513    -4.0455E-01
  20.308617    -3.9818E-01
  20.360721    -3.9193E-01
  20.412826    -3.8579E-01
  20.464930    -3.7977E-01
  20.517034    -3.7386E-01
  20.569138    -3.6805E-01
  20.621242    -3.6235E-01
  20.673347    -3.5675E-01
  20.725451    -3.5126E-01
  20.777555    -3.4586E-01
  20.829659    -3.4056E-01
  20.881764    -3.3536E-01
  20.933868    -3.3025E-01
  20.985972    -3.2523E-01
  21.038076    -3.2030E-01
  21.090180    -3.1545E-01
  21.142285    -3.1070E-01
  21.194389    -3.0602E-01
  21.246493    -3.0143E-01
  21.298597    -2.9692E-01
  21.350701    -2.9249E-01
  21.402806    -2.8814E-01
  21.454910    -2.8386E-01
  21.507014    -2.7966E-01
  21.559118    -2.7553E-01
  21.611222    -2.7147E-01
  21.663327    -2.6748E-01
  21.715431    -2.6356E-01
  21.767535    -2.5971E-01
  21.819639    -2.5592E-01
  21.871743    -2.5220E-01
  21.923848    -2.4854E-01
  21.975952    -2.4495E-01
  22.028056    -2.4141E-01
  22.080160    -2.3793E-01
  22.132265    -2.3452E-01
  22.184369    -2.3116E-01
  22.236473    -2.2786E-01
  22.288577    -2.2461E-01
  22.340681    -2.2141E-01
  22.392786    -2.1827E-01
  22.444890    -2.1519E-01
  22.496994    -2.1215E-01
  22.549098    -2.0916E-01
  22.601202    -2.0622E-01
  22.653307    -2.0334E-01
  22.705411    -2.0049E-01
  22.757515    -1.9770E-01
  22.809619    -1.9495E-01
  22.861723    -1.9224E-01
  22.913828    -1.8958E-01
  22.965932    -1.8697E-01
  23.018036    -1.8439E-01
  23.070140    -1.8186E-01
  23.122244    -1.7937E-01
  23.174349    -1.7691E-01
  23.226453    -1.7450E-01
  23.278557    -1.7212E-01
  23.330661    -1.6979E-01
  23.382766    -1.6749E-01
  23.434870    -1.6522E-01
  23.486974    -1.6300E-01
  23.539078    -1.6080E-01
  23.591182    -1.5865E-01
  23.643287    -1.5652E-01
  23.695391    -1.5443E-01
  23.747495    -1.5237E-01
  23.799599    -1.5035E-01
  23.851703    -1.4835E-01
  23.903808    -1.4639E-01
  23.955912    -1.4446E-01
  24.008016    -1.4256E-01
  24.060120    -1.4068E-01
  24.112224    -1.3884E-01
  24.164329    -1.3702E-01
  24.216433    -1.3523E-01
  24.268537    -1.3347E-01
  24.320641    -1.3174E-01
  24.372745    -1.3003E-01
  24.424850    -1.2835E-01
  24.476954    -1.2669E-01
  24.529058    -1.2506E-01
  24.581162    -1.2345E-01
  24.633267    -1.2187E-01
  24.685371    -1.2031E-01
  24.737475    -1.1878E-01
  24.789579    -1.1726E-01
  24.841683    -1.1577E-01
  24.893788    -1.1431E-01
  24.945892    -1.1286E-01
  24.997996    -1.1144E-01
  25.050100    -1.1003E-01
  25.102204    -1.0865E-01
  25.154309    -1.0729E-01
  25.206413    -1.0595E-01
  25.258517    -1.0462E-01
  25.310621    -1.0332E-01
  25.362725    -1.0204E-01
  25.414830    -1.0077E-01
  25.466934    -9.9523E-02
  25.519038    -9.8294E-02
  25.571142    -9.7082E-02
  25.623246    -9.5888E-02
  25.675351    -9.4712E-02
  25.727455    -9.3552E-02
  25.779559    -9.2409E-02
  25.831663    -9.1282E-02
  25.883768    -9.0172E-02
  25.935872    -8.9077E-02
  25.987976    -8.7997E-02
  26.040080    -8.6934E-02
  26.092184    -8.5885E-02
  26.144289    -8.4851E-02
  26.196393    -8.3831E-02
  26.248497    -8.2826E-02
  26.300601    -8.1835E-02
  26.352705    -8.0858E-02
  26.404810    -7.9895E-02
  26.456914    -7.8945E-02
  26.509018    -7.8008E-02
  26.561122    -7.7084E-02
  26.613226    -7.6173E-02
  26.665331    -7.5275E-02
  26.717435    -7.4389E-02
  26.769539    -7.3515E-02
  26.821643    -7.2654E-02
  26.873747    -7.1804E-02
  26.925852    -7.0965E-02
  26.977956    -7.0139E-02
  27.030060    -6.9323E-02
  27.082164    -6.8519E-02
  27.134269    -6.7725E-02
  27.186373    -6.6943E-02
  27.238477    -6.6171E-02
  27.290581    -6.5409E-02
  27.342685    -6.4658E-02
  27.394790    -6.3916E-02
  27.446894    -6.3185E-02
  27.498998    -6.2463E-02
  27.551102    -6.1752E-02
  27.603206    -6.1049E-02
  27.655311    -6.0356E-02
  27.707415    -5.9672E-02
  27.759519    -5.8998E-02
  27.811623    -5.8332E-02
  27.863727    -5.7675E-02
  27.915832    -5.7026E-02
  27.967936    -5.6387E-02
  28.020040    -5.5755E-02
  28.072144    -5.5132E-02
  28.124248    -5.4517E-02
  28.176353    -5.3910E-02
  28.228457    -5.3311E-02
  28.280561    -5.2720E-02
  28.332665    -5.2136E-02
  28.384770    -5.1560E-02
  28.436874    -5.0992E-02
  28.488978    -5.0431E-02
  28.541082    -4.9877E-02
  28.593186    -4.9330E-02
  28.645291    -4.8790E-02
  28.697395    -4.8257E-02
  28.749499    -4.7731E-02
  28.801603    -4.7212E-02
  28.853707    -4.6699E-02
  28.905812    -4.6193E-02
  28.957916    -4.5693E-02
  29.010020    -4.5199E-02
  29.062124    -4.4712E-02
  29.114228    -4.4231E-02
  29.166333    -4.3756E-02
  29.218437    -4.3287E-02
  29.270541    -4.2824E-02
  29.322645    -4.2366E-02
  29.374749    -4.1915E-02
  29.426854    -4.1469E-02
  29.478958    -4.1028E-02
  29.531062    -4.0593E-02
  29.583166    -4.0164E-02
  29.635271    -3.9739E-02
  29.687375    -3.9320E-02
  29.739479    -3.8906E-02
  29.791583    -3.8498E-02
  29.843687    -3.8094E-02
  29.895792    -3.7695E-02
  29.947896    -3.7301E-02
  30.000000    -3.6912E-02
 140.32064128
   4.000000     5.8589E+04
   4.052104     5.4016E+04
   4.104208     4.9745E+04
   4.156313     4.5762E+04
   4.208417     4.2055E+04
   4.260521     3.8610E+04
   4.312625     3.5412E+04
   4.364729     3.2447E+04
   4.416834     2.9702E+04
   4.468938     2.7164E+04
   4.521042     2.4819E+04
   4.573146     2.2655E+04
   4.625251     2.0661E+04
   4.677355     1.8824E+04
   4.729459     1.7134E+04
   4.781563     1.5580E+04
   4.833667     1.4154E+04
   4.885772     1.2845E+04
   4.937876     1.1645E+04
   4.989980     1.0545E+04
   5.042084     9.5391E+03
   5.094188     8.6190E+03
   5.146293     7.7783E+03
   5.198397     7.0108E+03
   5.250501     6.3107E+03
   5.302605     5.6725E+03
   5.354709     5.0913E+03
   5.406814     4.5625E+03
   5.458918     4.0818E+03
   5.511022     3.6451E+03
   5.563126     3.2488E+03
   5.615230     2.8895E+03
   5.667335     2.5640E+03
   5.719439     2.2695E+03
   5.771543     2.0033E+03
   5.823647     1.7629E+03
   5.875752     1.5460E+03
   5.927856     1.3506E+03
   5.979960     1.1748E+03
   6.032064     1.0167E+03
   6.084168     8.7491E+02
   6.136273     7.4779E+02
   6.188377     6.3404E+02
   6.240481     5.3241E+02
   6.292585     4.4178E+02
   6.344689     3.6110E+02
   6.396794     2.8943E+02
   6.448898     2.2591E+02
   6.501002     1.6975E+02
   6.553106     1.2023E+02
   6.605210     7.6689E+01
   6.657315     3.8541E+01
   6.709419     5.2388E+00
   6.761523    -2.3710E+01
   6.813627    -4.8753E+01
   6.865731    -7.0298E+01
   6.917836    -8.8713E+01
   6.969940    -1.0433E+02
   7.022044    -1.1746E+02
   7.074148    -1.2837E+02
   7.126253    -1.3730E+02
   7.178357    -1.4449E+02
   7.230461    -1.5013E+02
   7.282565    -1.5441E+02
   7.334669    -1.5749E+02
   7.386774    -1.5952E+02
   7.438878    -1.6063E+02
   7.490982    -1.6093E+02
   7.543086    -1.6054E+02
   7.595190    -1.5956E+02
   7.647295    -1.5805E+02
   7.699399    -1.5611E+02
   7.751503    -1.5381E+02
   7.803607    -1.5119E+02
   7.855711    -1.4831E+02
   7.907816    -1.4523E+02
   7.959920    -1.4198E+02
   8.012024    -1.3860E+02
   8.064128    -1.3512E+02
   8.116232    -1.3158E+02
   8.168337    -1.2799E+02
   8.220441    -1.2438E+02
   8.272545    -1.2077E+02
   8.324649    -1.1717E+02
   8.376754    -1.1360E+02
   8.428858    -1.1006E+02
   8.480962    -1.0658E+02
   8.533066    -1.0316E+02
   8.585170    -9.9795E+01
   8.637275    -9.6504E+01
   8.689379    -9.3289E+01
   8.741483    -9.0152E+01
   8.793587    -8.7096E+01
   8.845691    -8.4124E+01
   8.897796    -8.1237E+01
   8.949900    -7.8435E+01
   9.002004    -7.5719E+01
   9.054108    -7.3088E+01
   9.106212    -7.0542E+01
   9.158317    -6.8080E+01
   9.210421    -6.5701E+01
   9.262525    -6.3403E+01
   9.314629    -6.1184E+01
   9.366733    -5.9044E+01
   9.418838    -5.6980E+01
   9.470942    -5.4991E+01
   9.523046    -5.3073E+01
   9.575150    -5.1226E+01
   9.627255    -4.9447E+01
   9.679359    -4.7734E+01
   9.731463    -4.6085E+01
   9.783567    -4.4497E+01
   9.835671    -4.2970E+01
   9.887776    -4.1499E+01
   9.939880    -4.0084E+01
   9.991984    -3.8723E+01
  10.044088    -3.7413E+01
  10.096192    -3.6153E+01
  10.148297    -3.4941E+01
  10.200401    -3.3774E+01
  10.252505    -3.2652E+01
  10.304609    -3.1572E+01
  10.356713    -3.0533E+01
  10.408818    -2.9533E+01
  10.460922    -2.8570E+01
  10.513026    -2.7644E+01
  10.565130    -2.6752E+01
  10.617234    -2.5893E+01
  10.669339    -2.5066E+01
  10.721443    -2.4270E+01
  10.773547    -2.3504E+01
  10.825651    -2.2765E+01
  10.877756    -2.2054E+01
  10.929860    -2.1368E+01
  10.981964    -2.0707E+01
  11.034068    -2.0070E+01
  11.086172    -1.9456E+01
  11.138277    -1.8864E+01
  11.190381    -1.8293E+01
  11.242485    -1.7743E+01
  11.294589    -1.7212E+01
  11.346693    -1.6699E+01
  11.398798    -1.6204E+01
  11.450902    -1.5727E+01
  11.503006    -1.5266E+01
  11.555110    -1.4821E+01
  11.607214    -1.4391E+01
  11.659319    -1.3976E+01
  11.711423    -1.3574E+01
  11.763527    -1.3187E+01
  11.815631    -1.2812E+01
  11.867735    -1.2450E+01
  11.919840    -1.2100E+01
  11.971944    -1.1761E+01
  12.024048    -1.1433E+01
  12.076152    -1.1117E+01
  12.128257    -1.0810E+01
  12.180361    -1.0513E+01
  12.232465    -1.0226E+01
  12.284569    -9.9482E+00
  12.336673    -9.6790E+00
  12.388778    -9.4184E+00
  12.440882    -9.1660E+00
  12.492986    -8.9215E+00
  12.545090    -8.6846E+00
  12.597194    -8.4551E+00
  12.649299    -8.2326E+00
  12.701403    -8.0170E+00
  12.753507    -7.8079E+00
  12.805611    -7.6053E+00
  12.857715    -7.4087E+00
  12.909820    -7.2181E+00
  12.961924    -7.0332E+00
  13.014028    -6.8538E+00
  13.066132    -6.6797E+00
  13.118236    -6.5108E+00
  13.170341    -6.3469E+00
  13.222445    -6.1877E+00
  13.274549    -6.0332E+00
  13.326653    -5.8832E+00
  13.378758    -5.7376E+00
  13.430862    -5.5961E+00
  13.482966    -5.4587E+00
  13.535070    -5.3252E+00
  13.587174    -5.1955E+00
  13.639279    -5.0695E+00
  13.691383    -4.9470E+00
  13.743487    -4.8280E+00
  13.795591    -4.7123E+00
  13.847695    -4.5998E+00
  13.899800    -4.4905E+00
  13.951904    -4.3841E+00
  14.004008    -4.2807E+00
  14.056112    -4.1801E+00
  14.108216    -4.0823E+00
  14.160321    -3.9871E+00
  14.212425    -3.8946E+00
  14.264529    -3.8045E+00
  14.316633    -3.7168E+00
  14.368737    -3.6315E+00
  14.420842    -3.5485E+00
  14.472946    -3.4676E+00
  14.525050    -3.3889E+00
  14.577154    -3.3123E+00
  14.629259    -3.2377E+00
  14.681363    -3.1651E+00
  14.733467    -3.0943E+00
  14.785571    -3.0254E+00
  14.837675    -2.9583E+00
  14.889780    -2.8929E+00
  14.941884    -2.8292E+00
  14.993988    -2.7671E+00
  15.046092    -2.7066E+00
  15.098196    -2.6477E+00
  15.150301    -2.5902E+00
  15.202405    -2.5342E+00
  15.254509    -2.4796E+00
  15.306613    -2.4264E+00
  15.358717    -2.3745E+00
  15.410822    -2.3239E+00
  15.462926    -2.2746E+00
  15.515030    -2.2264E+00
  15.567134    -2.1795E+00
  15.619238    -2.1337E+00
  15.671343    -2.0891E+00
  15.723447    -2.0455E+00
  15.775551    -2.0030E+00
  15.827655    -1.9615E+00
  15.879760    -1.9210E+00
  15.931864    -1.8815E+00
  15.983968    -1.8430E+00
  16.036072    -1.8053E+00
  16.088176    -1.7686E+00
  16.140281    -1.7328E+00
  16.192385    -1.6977E+00
  16.244489    -1.6636E+00
  16.296593    -1.6302E+00
  16.348697    -1.5976E+00
  16.400802    -1.5657E+00
  16.452906    -1.5346E+00
  16.505010    -1.5043E+00
  16.557114    -1.4746E+00
  16.609218    -1.4456E+00
  16.661323    -1.4173E+00
  16.713427    -1.3896E+00
  16.765531    -1.3626E+00
  16.817635    -1.3361E+00
  16.869739    -1.3103E+00
  16.921844    -1.2851E+00
  16.973948    -1.2604E+00
  17.026052    -1.2363E+00
  17.078156    -1.2127E+00
  17.130261    -1.1897E+00
  17.182365    -1.1671E+00
  17.234469    -1.1451E+00
  17.286573    -1.1235E+00
  17.338677    -1.1025E+00
  17.390782    -1.0818E+00
  17.442886    -1.0617E+00
  17.494990    -1.0420E+00
  17.547094    -1.0227E+00
  17.599198    -1.0038E+00
  17.651303    -9.8531E-01
  17.703407    -9.6724E-01
  17.755511    -9.4956E-01
  17.807615    -9.3226E-01
  17.859719    -9.1533E-01
  17.911824    -8.9876E-01
  17.963928    -8.8253E-01
  18.016032    -8.6666E-01
  18.068136    -8.5111E-01
  18.120240    -8.3590E-01
  18.172345    -8.2100E-01
  18.224449    -8.0641E-01
  18.276553    -7.9213E-01
  18.328657    -7.7814E-01
  18.380762    -7.6445E-01
  18.432866    -7.5103E-01
  18.484970    -7.3789E-01
  18.537074    -7.2503E-01
  18.589178    -7.1242E-01
  18.641283    -7.0007E-01
  18.693387    -6.8797E-01
  18.745491    -6.7612E-01
  18.797595    -6.6451E-01
  18.849699    -6.5313E-01
  18.901804    -6.4198E-01
  18.953908    -6.3105E-01
  19.006012    -6.2034E-01
  19.058116    -6.0985E-01
  19.110220    -5.9956E-01
  19.162325    -5.8947E-01
  19.214429    -5.7959E-01
  19.266533    -5.6990E-01
  19.318637    -5.6040E-01
  19.370741    -5.5108E-01
  19.422846    -5.4195E-01
  19.474950    -5.3299E-01
  19.527054    -5.2421E-01
  19.579158    -5.1560E-01
  19.631263    -5.0715E-01
  19.683367    -4.9887E-01
  19.735471    -4.9074E-01
  19.787575    -4.8277E-01
  19.839679    -4.7495E-01
  19.891784    -4.6728E-01
  19.943888    -4.5976E-01
  19.995992    -4.5237E-01
  20.048096    -4.4513E-01
  20.100200    -4.3802E-01
  20.152305    -4.3105E-01
  20.204409    -4.2420E-01
  20.256513    -4.1749E-01
  20.308617    -4.1090E-01
  20.360721    -4.0443E-01
  20.412826    -3.9808E-01
  20.464930    -3.9184E-01
  20.517034    -3.8572E-01
  20.569138    -3.7972E-01
  20.621242    -3.7382E-01
  20.673347    -3.6803E-01
  20.725451    -3.6235E-01
  20.777555    -3.5677E-01
  20.829659    -3.5128E-01
  20.881764    -3.4590E-01
  20.933868    -3.4062E-01
  20.985972    -3.3543E-01
  21.038076    -3.3033E-01
  21.090180    -3.2532E-01
  21.142285    -3.2041E-01
  21.194389    -3.1558E-01
  21.246493    -3.1083E-01
  21.298597    -3.0617E-01
  21.350701    -3.0159E-01
  21.402806    -2.9709E-01
  21.454910    -2.9267E-01
  21.507014    -2.8833E-01
  21.559118    -2.8406E-01
  21.611222    -2.7987E-01
  21.663327    -2.7575E-01
  21.715431    -2.7170E-01
  21.767535    -2.6772E-01
  21.819639    -2.6380E-01
  21.871743    -2.5996E-01
  21.923848    -2.5618E-01
  21.975952    -2.5247E-01
  22.028056    -2.4882E-01
  22.080160    -2.4523E-01
  22.132265    -2.4170E-01
  22.184369    -2.3823E-01
  22.236473    -2.3482E-01
  22.288577    -2.3146E-01
  22.340681    -2.2817E-01
  22.392786    -2.2493E-01
  22.444890    -2.2174E-01
  22.496994    -2.1860E-01
  22.549098    -2.1552E-01
  22.601202    -2.1249E-01
  22.653307    -2.0950E-01
  22.705411    -2.0657E-01
  22.757515    -2.0369E-01
  22.809619    -2.0085E-01
  22.861723    -1.9806E-01
  22.913828    -1.9531E-01
  22.965932    -1.9261E-01
  23.018036    -1.8995E-01
  23.070140    -1.8734E-01
  23.122244    -1.8477E-01
  23.174349    -1.8224E-01
  23.226453    -1.7975E-01
  23.278557    -1.7730E-01
  23.330661    -1.7488E-01
  23.382766    -1.7251E-01
  23.434870    -1.7018E-01
  23.486974    -1.6788E-01
  23.539078    -1.6562E-01
  23.591182    -1.6339E-01
  23.643287    -1.6120E-01
  23.695391    -1.5905E-01
  23.747495    -1.5692E-01
  23.799599    -1.5483E-01
  23.851703    -1.5278E-01
  23.903808    -1.5075E-01
  23.955912    -1.4876E-01
  24.008016    -1.4680E-01
  24.060120    -1.4487E-01
  24.112224    -1.4296E-01
  24.164329    -1.4109E-01
  24.216433    -1.3925E-01
  24.268537    -1.3743E-01
  24.320641    -1.3564E-01
  24.372745    -1.3388E-01
  24.424850    -1.3215E-01
  24.476954    -1.3044E-01
  24.529058    -1.2876E-01
  24.581162    -1.2710E-01
  24.633267    -1.2547E-01
  24.685371    -1.2386E-01
  24.737475    -1.2228E-01
  24.789579    -1.2072E-01
  24.841683    -1.1919E-01
  24.893788    -1.1767E-01
  24.945892    -1.1618E-01
  24.997996    -1.1471E-01
  25.050100    -1.1327E-01
  25.102204    -1.1184E-01
  25.154309    -1.1044E-01
  25.206413    -1.0906E-01
  25.258517    -1.0769E-01
  25.310621    -1.0635E-01
  25.362725    -1.0503E-01
  25.414830    -1.0372E-01
  25.466934    -1.0244E-01
  25.519038    -1.0117E-01
  25.571142    -9.9921E-02
  25.623246    -9.8691E-02
  25.675351    -9.7479E-02
  25.727455    -9.6284E-02
  25.779559    -9.5106E-02
  25.831663    -9.3945E-02
  25.883768    -9.2800E-02
  25.935872    -9.1672E-02
  25.987976    -9.0561E-02
  26.040080    -8.9464E-02
  26.092184    -8.8384E-02
  26.144289    -8.7318E-02
  26.196393    -8.6268E-02
  26.248497    -8.5233E-02
  26.300601    -8.4212E-02
  26.352705    -8.3205E-02
  26.404810    -8.2213E-02
  26.456914    -8.1234E-02
  26.509018    -8.0269E-02
  26.561122    -7.9318E-02
  26.613226    -7.8379E-02
  26.665331    -7.7454E-02
  26.717435    -7.6542E-02
  26.769539    -7.5642E-02
  26.821643    -7.4754E-02
  26.873747    -7.3879E-02
  26.925852    -7.3016E-02
  26.977956    -7.2164E-02
  27.030060    -7.1324E-02
  27.082164    -7.0496E-02
  27.134269    -6.9679E-02
  27.186373    -6.8873E-02
  27.238477    -6.8077E-02
  27.290581    -6.7293E-02
  27.342685    -6.6519E-02
  27.394790    -6.5756E-02
  27.446894    -6.5003E-02
  27.498998    -6.4260E-02
  27.551102    -6.3527E-02
  27.603206    -6.2803E-02
  27.655311    -6.2090E-02
  27.707415    -6.1386E-02
  27.759519    -6.0691E-02
  27.811623    -6.0005E-02
  27.863727    -5.9329E-02
  27.915832    -5.8661E-02
  27.967936    -5.8002E-02
  28.020040    -5.7352E-02
  28.072144    -5.6711E-02
  28.124248    -5.6078E-02
  28.176353    -5.5453E-02
  28.228457    -5.4836E-02
  28.280561    -5.4227E-02
  28.332665    -5.3626E-02
  28.384770    -5.3033E-02
  28.436874    -5.2448E-02
  28.488978    -5.1870E-02
  28.541082    -5.1300E-02
  28.593186    -5.0737E-02
  28.645291    -5.0181E-02
  28.697395    -4.9633E-02
  28.749499    -4.9091E-02
  28.801603    -4.8557E-02
  28.853707    -4.8029E-02
  28.905812    -4.7508E-02
  28.957916    -4.6993E-02
  29.010020    -4.6485E-02
  29.062124    -4.5984E-02
  29.114228    -4.5488E-02
  29.166333    -4.4999E-02
  29.218437    -4.4517E-02
  29.270541    -4.4040E-02
  29.322645    -4.3569E-02
  29.374749    -4.3104E-02
  29.426854    -4.2645E-02
  29.478958    -4.2192E-02
  29.531062    -4.1744E-02
  29.583166    -4.1302E-02
  29.635271    -4.0865E-02
  29.687375    -4.0434E-02
  29.739479    -4.0008E-02
  29.791583    -3.9587E-02
  29.843687    -3.9172E-02
  29.895792    -3.8762E-02
  29.947896    -3.8356E-02
  30.000000    -3.7956E-02
 143.92785571
   4.000000     6.7224E+04
   4.052104     6.2183E+04
   4.104208     5.7428E+04
   4.156313     5.2958E+04
   4.208417     4.8769E+04
   4.260521     4.4853E+04
   4.312625     4.1201E+04
   4.364729     3.7802E+04
   4.416834     3.4644E+04
   4.468938     3.1715E+04
   4.521042     2.9003E+04
   4.573146     2.6496E+04
   4.625251     2.4181E+04
   4.677355     2.2046E+04
   4.729459     2.0079E+04
   4.781563     1.8270E+04
   4.833667     1.6607E+04
   4.885772     1.5081E+04
   4.937876     1.3680E+04
   4.989980     1.2397E+04
   5.042084     1.1222E+04
   5.094188     1.0147E+04
   5.146293     9.1641E+03
   5.198397     8.2668E+03
   5.250501     7.4481E+03
   5.302605     6.7017E+03
   5.354709     6.0217E+03
   5.406814     5.4028E+03
   5.458918     4.8400E+03
   5.511022     4.3286E+03
   5.563126     3.8643E+03
   5.615230     3.4432E+03
   5.667335     3.0615E+03
   5.719439     2.7160E+03
   5.771543     2.4034E+03
   5.823647     2.1210E+03
   5.875752     1.8661E+03
   5.927856     1.6362E+03
   5.979960     1.4292E+03
   6.032064     1.2429E+03
   6.084168     1.0756E+03
   6.136273     9.2546E+02
   6.188377     7.9095E+02
   6.240481     6.7061E+02
   6.292585     5.6313E+02
   6.344689     4.6730E+02
   6.396794     3.8202E+02
   6.448898     3.0629E+02
   6.501002     2.3918E+02
   6.553106     1.7987E+02
   6.605210     1.2759E+02
   6.657315     8.1633E+01
   6.709419     4.1382E+01
   6.761523     6.2569E+00
   6.813627    -2.4264E+01
   6.865731    -5.0657E+01
   6.917836    -7.3350E+01
   6.969940    -9.2736E+01
   7.022044    -1.0917E+02
   7.074148    -1.2297E+02
   7.126253    -1.3442E+02
   7.178357    -1.4379E+02
   7.230461    -1.5132E+02
   7.282565    -1.5722E+02
   7.334669    -1.6168E+02
   7.386774    -1.6487E+02
   7.438878    -1.6696E+02
   7.490982    -1.6807E+02
   7.543086    -1.6835E+02
   7.595190    -1.6789E+02
   7.647295    -1.6680E+02
   7.699399    -1.6517E+02
   7.751503    -1.6308E+02
   7.803607    -1.6061E+02
   7.855711    -1.5781E+02
   7.907816    -1.5474E+02
   7.959920    -1.5146E+02
   8.012024    -1.4800E+02
   8.064128    -1.4441E+02
   8.116232    -1.4073E+02
   8.168337    -1.3697E+02
   8.220441    -1.3317E+02
   8.272545    -1.2935E+02
   8.324649    -1.2553E+02
   8.376754    -1.2172E+02
   8.428858    -1.1795E+02
   8.480962    -1.1423E+02
   8.533066    -1.1055E+02
   8.585170    -1.0694E+02
   8.637275    -1.0340E+02
   8.689379    -9.9941E+01
   8.741483    -9.6560E+01
   8.793587    -9.3264E+01
   8.845691    -9.0056E+01
   8.897796    -8.6937E+01
   8.949900    -8.3910E+01
   9.002004    -8.0974E+01
   9.054108    -7.8130E+01
   9.106212    -7.5377E+01
   9.158317    -7.2715E+01
   9.210421    -7.0143E+01
   9.262525    -6.7659E+01
   9.314629    -6.5261E+01
   9.366733    -6.2949E+01
   9.418838    -6.0719E+01
   9.470942    -5.8571E+01
   9.523046    -5.6501E+01
   9.575150    -5.4508E+01
   9.627255    -5.2589E+01
   9.679359    -5.0742E+01
   9.731463    -4.8965E+01
   9.783567    -4.7256E+01
   9.835671    -4.5612E+01
   9.887776    -4.4030E+01
   9.939880    -4.2509E+01
   9.991984    -4.1047E+01
  10.044088    -3.9640E+01
  10.096192    -3.8288E+01
  10.148297    -3.6988E+01
  10.200401    -3.5738E+01
  10.252505    -3.4536E+01
  10.304609    -3.3380E+01
  10.356713    -3.2269E+01
  10.408818    -3.1200E+01
  10.460922    -3.0172E+01
  10.513026    -2.9183E+01
  10.565130    -2.8232E+01
  10.617234    -2.7316E+01
  10.669339    -2.6435E+01
  10.721443    -2.5588E+01
  10.773547    -2.4772E+01
  10.825651    -2.3986E+01
  10.877756    -2.3230E+01
  10.929860    -2.2501E+01
  10.981964    -2.1800E+01
  11.034068    -2.1124E+01
  11.086172    -2.0473E+01
  11.138277    -1.9845E+01
  11.190381    -1.9240E+01
  11.242485    -1.8657E+01
  11.294589    -1.8095E+01
  11.346693    -1.7552E+01
  11.398798    -1.7029E+01
  11.450902    -1.6524E+01
  11.503006    -1.6037E+01
  11.555110    -1.5566E+01
  11.607214    -1.5112E+01
  11.659319    -1.4674E+01
  11.711423    -1.4250E+01
  11.763527    -1.3841E+01
  11.815631    -1.3446E+01
  11.867735    -1.3064E+01
  11.919840    -1.2695E+01
  11.971944    -1.2338E+01
  12.024048    -1.1993E+01
  12.076152    -1.1659E+01
  12.128257    -1.1336E+01
  12.180361    -1.1023E+01
  12.232465    -1.0721E+01
  12.284569    -1.0428E+01
  12.336673    -1.0145E+01
  12.388778    -9.8708E+00
  12.440882    -9.6052E+00
  12.492986    -9.3479E+00
  12.545090    -9.0987E+00
  12.597194    -8.8573E+00
  12.649299    -8.6233E+00
  12.701403    -8.3965E+00
  12.753507    -8.1767E+00
  12.805611    -7.9636E+00
  12.857715    -7.7570E+00
  12.909820    -7.5566E+00
  12.961924    -7.3622E+00
  13.014028    -7.1736E+00
  13.066132    -6.9907E+00
  13.118236    -6.8131E+00
  13.170341    -6.6409E+00
  13.222445    -6.4736E+00
  13.274549    -6.3113E+00
  13.326653    -6.1537E+00
  13.378758    -6.0007E+00
  13.430862    -5.8520E+00
  13.482966    -5.7077E+00
  13.535070    -5.5674E+00
  13.587174    -5.4312E+00
  13.639279    -5.2989E+00
  13.691383    -5.1702E+00
  13.743487    -5.0452E+00
  13.795591    -4.9237E+00
  13.847695    -4.8056E+00
  13.899800    -4.6908E+00
  13.951904    -4.5791E+00
  14.004008    -4.4706E+00
  14.056112    -4.3650E+00
  14.108216    -4.2623E+00
  14.160321    -4.1624E+00
  14.212425    -4.0652E+00
  14.264529    -3.9707E+00
  14.316633    -3.8787E+00
  14.368737    -3.7891E+00
  14.420842    -3.7020E+00
  14.472946    -3.6172E+00
  14.525050    -3.5346E+00
  14.577154    -3.4543E+00
  14.629259    -3.3760E+00
  14.681363    -3.2998E+00
  14.733467    -3.2256E+00
  14.785571    -3.1533E+00
  14.837675    -3.0830E+00
  14.889780    -3.0144E+00
  14.941884    -2.9476E+00
  14.993988    -2.8825E+00
  15.046092    -2.8191E+00
  15.098196    -2.7574E+00
  15.150301    -2.6972E+00
  15.202405    -2.6385E+00
  15.254509    -2.5813E+00
  15.306613    -2.5255E+00
  15.358717    -2.4712E+00
  15.410822    -2.4182E+00
  15.462926    -2.3665E+00
  15.515030    -2.3161E+00
  15.567134    -2.2670E+00
  15.619238    -2.2191E+00
  15.671343    -2.1723E+00
  15.723447    -2.1268E+00
  15.775551    -2.0823E+00
  15.827655    -2.0389E+00
  15.879760    -1.9965E+00
  15.931864    -1.9552E+00
  15.983968    -1.9149E+00
  16.036072    -1.8756E+00
  16.088176    -1.8372E+00
  16.140281    -1.7997E+00
  16.192385    -1.7631E+00
  16.244489    -1.7274E+00
  16.296593    -1.6925E+00
  16.348697    -1.6584E+00
  16.400802    -1.6252E+00
  16.452906    -1.5927E+00
  16.505010    -1.5610E+00
  16.557114    -1.5300E+00
  16.609218    -1.4997E+00
  16.661323    -1.4702E+00
  16.713427    -1.4413E+00
  16.765531    -1.4131E+00
  16.817635    -1.3855E+00
  16.869739    -1.3586E+00
  16.921844    -1.3322E+00
  16.973948    -1.3065E+00
  17.026052    -1.2814E+00
  17.078156    -1.2568E+00
  17.130261    -1.2328E+00
  17.182365    -1.2093E+00
  17.234469    -1.1863E+00
  17.286573    -1.1638E+00
  17.338677    -1.1419E+00
  17.390782    -1.1204E+00
  17.442886    -1.0994E+00
  17.494990    -1.0789E+00
  17.547094    -1.0588E+00
  17.599198    -1.0391E+00
  17.651303    -1.0199E+00
  17.703407    -1.0011E+00
  17.755511    -9.8272E-01
  17.807615    -9.6471E-01
  17.859719    -9.4710E-01
  17.911824    -9.2986E-01
  17.963928    -9.1299E-01
  18.016032    -8.9648E-01
  18.068136    -8.8032E-01
  18.120240    -8.6451E-01
  18.172345    -8.4902E-01
  18.224449    -8.3386E-01
  18.276553    -8.1902E-01
  18.328657    -8.0449E-01
  18.380762    -7.9026E-01
  18.432866    -7.7633E-01
  18.484970    -7.6269E-01
  18.537074    -7.4932E-01
  18.589178    -7.3623E-01
  18.641283    -7.2341E-01
  18.693387    -7.1086E-01
  18.745491    -6.9856E-01
  18.797595    -6.8650E-01
  18.849699    -6.7470E-01
  18.901804    -6.6313E-01
  18.953908    -6.5179E-01
  19.006012    -6.4068E-01
  19.058116    -6.2980E-01
  19.110220    -6.1913E-01
  19.162325    -6.0867E-01
  19.214429    -5.9842E-01
  19.266533    -5.8838E-01
  19.318637    -5.7853E-01
  19.370741    -5.6887E-01
  19.422846    -5.5941E-01
  19.474950    -5.5013E-01
  19.527054    -5.4103E-01
  19.579158    -5.3211E-01
  19.631263    -5.2336E-01
  19.683367    -5.1478E-01
  19.735471    -5.0636E-01
  19.787575    -4.9811E-01
  19.839679    -4.9001E-01
  19.891784    -4.8207E-01
  19.943888    -4.7428E-01
  19.995992    -4.6664E-01
  20.048096    -4.5914E-01
  20.100200    -4.5178E-01
  20.152305    -4.4457E-01
  20.204409    -4.3748E-01
  20.256513    -4.3053E-01
  20.308617    -4.2371E-01
  20.360721    -4.1702E-01
  20.412826    -4.1045E-01
  20.464930    -4.0400E-01
  20.517034    -3.9768E-01
  20.569138    -3.9146E-01
  20.621242    -3.8537E-01
  20.673347    -3.7938E-01
  20.725451    -3.7350E-01
  20.777555    -3.6773E-01
  20.829659    -3.6207E-01
  20.881764    -3.5650E-01
  20.933868    -3.5104E-01
  20.985972    -3.4568E-01
  21.038076    -3.4041E-01
  21.090180    -3.3524E-01
  21.142285    -3.3015E-01
  21.194389    -3.2516E-01
  21.246493    -3.2026E-01
  21.298597    -3.1545E-01
  21.350701    -3.1071E-01
  21.402806    -3.0607E-01
  21.454910    -3.0150E-01
  21.507014    -2.9702E-01
  21.559118    -2.9261E-01
  21.611222    -2.8828E-01
  21.663327    -2.8402E-01
  21.715431    -2.7984E-01
  21.767535    -2.7573E-01
  21.819639    -2.7169E-01
  21.871743    -2.6773E-01
  21.923848    -2.6383E-01
  21.975952    -2.5999E-01
  22.028056    -2.5622E-01
  22.080160    -2.5252E-01
  22.132265    -2.4888E-01
  22.184369    -2.4530E-01
  22.236473    -2.4178E-01
  22.288577    -2.3832E-01
  22.340681    -2.3491E-01
  22.392786    -2.3157E-01
  22.444890    -2.2828E-01
  22.496994    -2.2505E-01
  22.549098    -2.2187E-01
  22.601202    -2.1874E-01
  22.653307    -2.1566E-01
  22.705411    -2.1264E-01
  22.757515    -2.0966E-01
  22.809619    -2.0673E-01
  22.861723    -2.0386E-01
  22.913828    -2.0102E-01
  22.965932    -1.9824E-01
  23.018036    -1.9550E-01
  23.070140    -1.9280E-01
  23.122244    -1.9015E-01
  23.174349    -1.8754E-01
  23.226453    -1.8497E-01
  23.278557    -1.8245E-01
  23.330661    -1.7996E-01
  23.382766    -1.7752E-01
  23.434870    -1.7511E-01
  23.486974    -1.7274E-01
  23.539078    -1.7041E-01
  23.591182    -1.6812E-01
  23.643287    -1.6586E-01
  23.695391    -1.6364E-01
  23.747495    -1.6145E-01
  23.799599    -1.5930E-01
  23.851703    -1.5718E-01
  23.903808    -1.5509E-01
  23.955912    -1.5304E-01
  24.008016    -1.5101E-01
  24.060120    -1.4902E-01
  24.112224    -1.4706E-01
  24.164329    -1.4513E-01
  24.216433    -1.4324E-01
  24.268537    -1.4136E-01
  24.320641    -1.3952E-01
  24.372745    -1.3771E-01
  24.424850    -1.3592E-01
  24.476954    -1.3416E-01
  24.529058    -1.3243E-01
  24.581162    -1.3072E-01
  24.633267    -1.2904E-01
  24.685371    -1.2739E-01
  24.737475    -1.2576E-01
  24.789579    -1.2415E-01
  24.841683    -1.2257E-01
  24.893788    -1.2101E-01
  24.945892    -1.1948E-01
  24.997996    -1.1797E-01
  25.050100    -1.1648E-01
  25.102204    -1.1501E-01
  25.154309    -1.1357E-01
  25.206413    -1.1214E-01
  25.258517    -1.1074E-01
  25.310621    -1.0935E-01
  25.362725    -1.0799E-01
  25.414830    -1.0665E-01
  25.466934    -1.0533E-01
  25.519038    -1.0402E-01
  25.571142    -1.0274E-01
  25.623246    -1.0147E-01
  25.675351    -1.0022E-01
  25.727455    -9.8992E-02
  25.779559    -9.7780E-02
  25.831663    -9.6585E-02
  25.883768    -9.5407E-02
  25.935872    -9.4246E-02
  25.987976    -9.3101E-02
  26.040080    -9.1973E-02
  26.092184    -9.0861E-02
  26.144289    -8.9765E-02
  26.196393    -8.8684E-02
  26.248497    -8.7618E-02
  26.300601    -8.6568E-02
  26.352705    -8.5532E-02
  26.404810    -8.4510E-02
  26.456914    -8.3503E-02
  26.509018    -8.2510E-02
  26.561122    -8.1531E-02
  26.613226    -8.0566E-02
  26.665331    -7.9614E-02
  26.717435    -7.8675E-02
  26.769539    -7.7749E-02
  26.821643    -7.6836E-02
  26.873747    -7.5935E-02
  26.925852    -7.5047E-02
  26.977956    -7.4171E-02
  27.030060    -7.3307E-02
  27.082164    -7.2454E-02
  27.134269    -7.1614E-02
  27.186373    -7.0784E-02
  27.238477    -6.9966E-02
  27.290581    -6.9160E-02
  27.342685    -6.8364E-02
  27.394790    -6.7578E-02
  27.446894    -6.6804E-02
  27.498998    -6.6039E-02
  27.551102    -6.5285E-02
  27.603206    -6.4541E-02
  27.655311    -6.3807E-02
  27.707415    -6.3083E-02
  27.759519    -6.2368E-02
  27.811623    -6.1663E-02
  27.863727    -6.0967E-02
  27.915832    -6.0281E-02
  27.967936    -5.9603E-02
  28.020040    -5.8935E-02
  28.072144    -5.8275E-02
  28.124248    -5.7624E-02
  28.176353    -5.6981E-02
  28.228457    -5.6347E-02
  28.280561    -5.5721E-02
  28.332665    -5.5103E-02
  28.384770    -5.4493E-02
  28.436874    -5.3891E-02
  28.488978    -5.3297E-02
  28.541082    -5.2710E-02
  28.593186    -5.2132E-02
  28.645291    -5.1560E-02
  28.697395    -5.0996E-02
  28.749499    -5.0439E-02
  28.801603    -4.9889E-02
  28.853707    -4.9347E-02
  28.905812    -4.8811E-02
  28.957916    -4.8282E-02
  29.010020    -4.7760E-02
  29.062124    -4.7244E-02
  29.114228    -4.6735E-02
  29.166333    -4.6232E-02
  29.218437    -4.5736E-02
  29.270541    -4.5245E-02
  29.322645    -4.4761E-02
  29.374749    -4.4283E-02
  29.426854    -4.3811E-02
  29.478958    -4.3345E-02
  29.531062    -4.2885E-02
  29.583166    -4.2431E-02
  29.635271    -4.1982E-02
  29.687375    -4.1538E-02
  29.739479    -4.1100E-02
  29.791583    -4.0668E-02
  29.843687    -4.0241E-02
  29.895792    -3.9819E-02
  29.947896    -3.9402E-02
  30.000000    -3.8991E-02
 147.53507014
   4.000000     7.8588E+04
   4.052104     7.2673E+04
   4.104208     6.7104E+04
   4.156313     6.1876E+04
   4.208417     5.6981E+04
   4.260521     5.2408E+04
   4.312625     4.8147E+04
   4.364729     4.4182E+04
   4.416834     4.0500E+04
   4.468938     3.7086E+04
   4.521042     3.3925E+04
   4.573146     3.1003E+04
   4.625251     2.8306E+04
   4.677355     2.5817E+04
   4.729459     2.3525E+04
   4.781563     2.1416E+04
   4.833667     1.9477E+04
   4.885772     1.7697E+04
   4.937876     1.6063E+04
   4.989980     1.4565E+04
   5.042084     1.3194E+04
   5.094188     1.1938E+04
   5.146293     1.0791E+04
   5.198397     9.7421E+03
   5.250501     8.7851E+03
   5.302605     7.9121E+03
   5.354709     7.1166E+03
   5.406814     6.3923E+03
   5.458918     5.7332E+03
   5.511022     5.1341E+03
   5.563126     4.5899E+03
   5.615230     4.0960E+03
   5.667335     3.6482E+03
   5.719439     3.2426E+03
   5.771543     2.8754E+03
   5.823647     2.5435E+03
   5.875752     2.2437E+03
   5.927856     1.9732E+03
   5.979960     1.7293E+03
   6.032064     1.5098E+03
   6.084168     1.3124E+03
   6.136273     1.1352E+03
   6.188377     9.7620E+02
   6.240481     8.3384E+02
   6.292585     7.0655E+02
   6.344689     5.9293E+02
   6.396794     4.9168E+02
   6.448898     4.0163E+02
   6.501002     3.2171E+02
   6.553106     2.5094E+02
   6.605210     1.8842E+02
   6.657315     1.3336E+02
   6.709419     8.5004E+01
   6.761523     4.2682E+01
   6.813627     5.7829E+00
   6.865731    -2.6248E+01
   6.917836    -5.3916E+01
   6.969940    -7.7679E+01
   7.022044    -9.7950E+01
   7.074148    -1.1511E+02
   7.126253    -1.2949E+02
   7.178357    -1.4140E+02
   7.230461    -1.5112E+02
   7.282565    -1.5891E+02
   7.334669    -1.6498E+02
   7.386774    -1.6954E+02
   7.438878    -1.7278E+02
   7.490982    -1.7485E+02
   7.543086    -1.7591E+02
   7.595190    -1.7609E+02
   7.647295    -1.7551E+02
   7.699399    -1.7427E+02
   7.751503    -1.7247E+02
   7.803607    -1.7020E+02
   7.855711    -1.6752E+02
   7.907816    -1.6452E+02
   7.959920    -1.6123E+02
   8.012024    -1.5773E+02
   8.064128    -1.5405E+02
   8.116232    -1.5024E+02
   8.168337    -1.4632E+02
   8.220441    -1.4234E+02
   8.272545    -1.3832E+02
   8.324649    -1.3429E+02
   8.376754    -1.3026E+02
   8.428858    -1.2625E+02
   8.480962    -1.2228E+02
   8.533066    -1.1835E+02
   8.585170    -1.1449E+02
   8.637275    -1.1070E+02
   8.689379    -1.0699E+02
   8.741483    -1.0336E+02
   8.793587    -9.9814E+01
   8.845691    -9.6363E+01
   8.897796    -9.3006E+01
   8.949900    -8.9745E+01
   9.002004    -8.6582E+01
   9.054108    -8.3516E+01
   9.106212    -8.0548E+01
   9.158317    -7.7677E+01
   9.210421    -7.4903E+01
   9.262525    -7.2224E+01
   9.314629    -6.9638E+01
   9.366733    -6.7144E+01
   9.418838    -6.4740E+01
   9.470942    -6.2423E+01
   9.523046    -6.0192E+01
   9.575150    -5.8044E+01
   9.627255    -5.5976E+01
   9.679359    -5.3987E+01
   9.731463    -5.2074E+01
   9.783567    -5.0234E+01
   9.835671    -4.8464E+01
   9.887776    -4.6763E+01
   9.939880    -4.5128E+01
   9.991984    -4.3556E+01
  10.044088    -4.2045E+01
  10.096192    -4.0594E+01
  10.148297    -3.9198E+01
  10.200401    -3.7857E+01
  10.252505    -3.6568E+01
  10.304609    -3.5330E+01
  10.356713    -3.4139E+01
  10.408818    -3.2995E+01
  10.460922    -3.1895E+01
  10.513026    -3.0837E+01
  10.565130    -2.9820E+01
  10.617234    -2.8842E+01
  10.669339    -2.7901E+01
  10.721443    -2.6996E+01
  10.773547    -2.6126E+01
  10.825651    -2.5289E+01
  10.877756    -2.4483E+01
  10.929860    -2.3707E+01
  10.981964    -2.2960E+01
  11.034068    -2.2241E+01
  11.086172    -2.1548E+01
  11.138277    -2.0881E+01
  11.190381    -2.0238E+01
  11.242485    -1.9619E+01
  11.294589    -1.9022E+01
  11.346693    -1.8446E+01
  11.398798    -1.7891E+01
  11.450902    -1.7356E+01
  11.503006    -1.6840E+01
  11.555110    -1.6342E+01
  11.607214    -1.5861E+01
  11.659319    -1.5397E+01
  11.711423    -1.4949E+01
  11.763527    -1.4517E+01
  11.815631    -1.4099E+01
  11.867735    -1.3695E+01
  11.919840    -1.3305E+01
  11.971944    -1.2928E+01
  12.024048    -1.2564E+01
  12.076152    -1.2212E+01
  12.128257    -1.1871E+01
  12.180361    -1.1542E+01
  12.232465    -1.1223E+01
  12.284569    -1.0915E+01
  12.336673    -1.0616E+01
  12.388778    -1.0327E+01
  12.440882    -1.0048E+01
  12.492986    -9.7770E+00
  12.545090    -9.5148E+00
  12.597194    -9.2607E+00
  12.649299    -9.0147E+00
  12.701403    -8.7762E+00
  12.753507    -8.5451E+00
  12.805611    -8.3212E+00
  12.857715    -8.1040E+00
  12.909820    -7.8935E+00
  12.961924    -7.6894E+00
  13.014028    -7.4914E+00
  13.066132    -7.2993E+00
  13.118236    -7.1129E+00
  13.170341    -6.9321E+00
  13.222445    -6.7567E+00
  13.274549    -6.5864E+00
  13.326653    -6.4211E+00
  13.378758    -6.2606E+00
  13.430862    -6.1047E+00
  13.482966    -5.9534E+00
  13.535070    -5.8064E+00
  13.587174    -5.6636E+00
  13.639279    -5.5249E+00
  13.691383    -5.3901E+00
  13.743487    -5.2592E+00
  13.795591    -5.1319E+00
  13.847695    -5.0082E+00
  13.899800    -4.8880E+00
  13.951904    -4.7711E+00
  14.004008    -4.6574E+00
  14.056112    -4.5469E+00
  14.108216    -4.4394E+00
  14.160321    -4.3349E+00
  14.212425    -4.2332E+00
  14.264529    -4.1343E+00
  14.316633    -4.0381E+00
  14.368737    -3.9444E+00
  14.420842    -3.8533E+00
  14.472946    -3.7646E+00
  14.525050    -3.6783E+00
  14.577154    -3.5943E+00
  14.629259    -3.5125E+00
  14.681363    -3.4328E+00
  14.733467    -3.3553E+00
  14.785571    -3.2798E+00
  14.837675    -3.2062E+00
  14.889780    -3.1346E+00
  14.941884    -3.0648E+00
  14.993988    -2.9968E+00
  15.046092    -2.9306E+00
  15.098196    -2.8661E+00
  15.150301    -2.8032E+00
  15.202405    -2.7420E+00
  15.254509    -2.6823E+00
  15.306613    -2.6241E+00
  15.358717    -2.5673E+00
  15.410822    -2.5120E+00
  15.462926    -2.4581E+00
  15.515030    -2.4055E+00
  15.567134    -2.3543E+00
  15.619238    -2.3043E+00
  15.671343    -2.2555E+00
  15.723447    -2.2079E+00
  15.775551    -2.1616E+00
  15.827655    -2.1163E+00
  15.879760    -2.0722E+00
  15.931864    -2.0291E+00
  15.983968    -1.9870E+00
  16.036072    -1.9460E+00
  16.088176    -1.9060E+00
  16.140281    -1.8669E+00
  16.192385    -1.8288E+00
  16.244489    -1.7916E+00
  16.296593    -1.7552E+00
  16.348697    -1.7197E+00
  16.400802    -1.6851E+00
  16.452906    -1.6513E+00
  16.505010    -1.6182E+00
  16.557114    -1.5860E+00
  16.609218    -1.5545E+00
  16.661323    -1.5237E+00
  16.713427    -1.4936E+00
  16.765531    -1.4642E+00
  16.817635    -1.4356E+00
  16.869739    -1.4075E+00
  16.921844    -1.3801E+00
  16.973948    -1.3533E+00
  17.026052    -1.3272E+00
  17.078156    -1.3016E+00
  17.130261    -1.2766E+00
  17.182365    -1.2522E+00
  17.234469    -1.2283E+00
  17.286573    -1.2049E+00
  17.338677    -1.1821E+00
  17.390782    -1.1598E+00
  17.442886    -1.1379E+00
  17.494990    -1.1166E+00
  17.547094    -1.0957E+00
  17.599198    -1.0753E+00
  17.651303    -1.0553E+00
  17.703407    -1.0358E+00
  17.755511    -1.0166E+00
  17.807615    -9.9794E-01
  17.859719    -9.7964E-01
  17.911824    -9.6173E-01
  17.963928    -9.4421E-01
  18.016032    -9.2706E-01
  18.068136    -9.1028E-01
  18.120240    -8.9385E-01
  18.172345    -8.7778E-01
  18.224449    -8.6204E-01
  18.276553    -8.4663E-01
  18.328657    -8.3155E-01
  18.380762    -8.1678E-01
  18.432866    -8.0232E-01
  18.484970    -7.8816E-01
  18.537074    -7.7429E-01
  18.589178    -7.6071E-01
  18.641283    -7.4741E-01
  18.693387    -7.3438E-01
  18.745491    -7.2162E-01
  18.797595    -7.0912E-01
  18.849699    -6.9687E-01
  18.901804    -6.8488E-01
  18.953908    -6.7312E-01
  19.006012    -6.6160E-01
  19.058116    -6.5032E-01
  19.110220    -6.3926E-01
  19.162325    -6.2842E-01
  19.214429    -6.1779E-01
  19.266533    -6.0738E-01
  19.318637    -5.9718E-01
  19.370741    -5.8717E-01
  19.422846    -5.7736E-01
  19.474950    -5.6775E-01
  19.527054    -5.5832E-01
  19.579158    -5.4908E-01
  19.631263    -5.4001E-01
  19.683367    -5.3113E-01
  19.735471    -5.2241E-01
  19.787575    -5.1386E-01
  19.839679    -5.0548E-01
  19.891784    -4.9726E-01
  19.943888    -4.8919E-01
  19.995992    -4.8128E-01
  20.048096    -4.7352E-01
  20.100200    -4.6591E-01
  20.152305    -4.5844E-01
  20.204409    -4.5111E-01
  20.256513    -4.4391E-01
  20.308617    -4.3686E-01
  20.360721    -4.2993E-01
  20.412826    -4.2314E-01
  20.464930    -4.1647E-01
  20.517034    -4.0992E-01
  20.569138    -4.0349E-01
  20.621242    -3.9719E-01
  20.673347    -3.9100E-01
  20.725451    -3.8492E-01
  20.777555    -3.7895E-01
  20.829659    -3.7309E-01
  20.881764    -3.6734E-01
  20.933868    -3.6169E-01
  20.985972    -3.5615E-01
  21.038076    -3.5070E-01
  21.090180    -3.4535E-01
  21.142285    -3.4010E-01
  21.194389    -3.3494E-01
  21.246493    -3.2988E-01
  21.298597    -3.2490E-01
  21.350701    -3.2001E-01
  21.402806    -3.1521E-01
  21.454910    -3.1050E-01
  21.507014    -3.0586E-01
  21.559118    -3.0131E-01
  21.611222    -2.9684E-01
  21.663327    -2.9244E-01
  21.715431    -2.8812E-01
  21.767535    -2.8388E-01
  21.819639    -2.7971E-01
  21.871743    -2.7561E-01
  21.923848    -2.7158E-01
  21.975952    -2.6763E-01
  22.028056    -2.6373E-01
  22.080160    -2.5991E-01
  22.132265    -2.5615E-01
  22.184369    -2.5246E-01
  22.236473    -2.4882E-01
  22.288577    -2.4525E-01
  22.340681    -2.4174E-01
  22.392786    -2.3829E-01
  22.444890    -2.3489E-01
  22.496994    -2.3156E-01
  22.549098    -2.2828E-01
  22.601202    -2.2505E-01
  22.653307    -2.2188E-01
  22.705411    -2.1875E-01
  22.757515    -2.1568E-01
  22.809619    -2.1267E-01
  22.861723    -2.0970E-01
  22.913828    -2.0678E-01
  22.965932    -2.0390E-01
  23.018036    -2.0108E-01
  23.070140    -1.9830E-01
  23.122244    -1.9556E-01
  23.174349    -1.9287E-01
  23.226453    -1.9023E-01
  23.278557    -1.8762E-01
  23.330661    -1.8506E-01
  23.382766    -1.8254E-01
  23.434870    -1.8006E-01
  23.486974    -1.7762E-01
  23.539078    -1.7521E-01
  23.591182    -1.7285E-01
  23.643287    -1.7052E-01
  23.695391    -1.6823E-01
  23.747495    -1.6598E-01
  23.799599    -1.6376E-01
  23.851703    -1.6158E-01
  23.903808    -1.5943E-01
  23.955912    -1.5731E-01
  24.008016    -1.5523E-01
  24.060120    -1.5318E-01
  24.112224    -1.5116E-01
  24.164329    -1.4917E-01
  24.216433    -1.4721E-01
  24.268537    -1.4529E-01
  24.320641    -1.4339E-01
  24.372745    -1.4152E-01
  24.424850    -1.3968E-01
  24.476954    -1.3787E-01
  24.529058    -1.3609E-01
  24.581162    -1.3433E-01
  24.633267    -1.3260E-01
  24.685371    -1.3089E-01
  24.737475    -1.2922E-01
  24.789579    -1.2756E-01
  24.841683    -1.2593E-01
  24.893788    -1.2433E-01
  24.945892    -1.2275E-01
  24.997996    -1.2119E-01
  25.050100    -1.1966E-01
  25.102204    -1.1815E-01
  25.154309    -1.1666E-01
  25.206413    -1.1520E-01
  25.258517    -1.1375E-01
  25.310621    -1.1233E-01
  25.362725    -1.1093E-01
  25.414830    -1.0954E-01
  25.466934    -1.0818E-01
  25.519038    -1.0684E-01
  25.571142    -1.0552E-01
  25.623246    -1.0422E-01
  25.675351    -1.0293E-01
  25.727455    -1.0167E-01
  25.779559    -1.0042E-01
  25.831663    -9.9190E-02
  25.883768    -9.7978E-02
  25.935872    -9.6784E-02
  25.987976    -9.5606E-02
  26.040080    -9.4446E-02
  26.092184    -9.3302E-02
  26.144289    -9.2174E-02
  26.196393    -9.1062E-02
  26.248497    -8.9966E-02
  26.300601    -8.8886E-02
  26.352705    -8.7821E-02
  26.404810    -8.6770E-02
  26.456914    -8.5735E-02
  26.509018    -8.4714E-02
  26.561122    -8.3707E-02
  26.613226    -8.2714E-02
  26.665331    -8.1735E-02
  26.717435    -8.0770E-02
  26.769539    -7.9818E-02
  26.821643    -7.8879E-02
  26.873747    -7.7953E-02
  26.925852    -7.7040E-02
  26.977956    -7.6139E-02
  27.030060    -7.5251E-02
  27.082164    -7.4375E-02
  27.134269    -7.3510E-02
  27.186373    -7.2658E-02
  27.238477    -7.1817E-02
  27.290581    -7.0988E-02
  27.342685    -7.0170E-02
  27.394790    -6.9363E-02
  27.446894    -6.8566E-02
  27.498998    -6.7781E-02
  27.551102    -6.7006E-02
  27.603206    -6.6241E-02
  27.655311    -6.5487E-02
  27.707415    -6.4743E-02
  27.759519    -6.4008E-02
  27.811623    -6.3284E-02
  27.863727    -6.2569E-02
  27.915832    -6.1863E-02
  27.967936    -6.1167E-02
  28.020040    -6.0480E-02
  28.072144    -5.9802E-02
  28.124248    -5.9133E-02
  28.176353    -5.8473E-02
  28.228457    -5.7821E-02
  28.280561    -5.7178E-02
  28.332665    -5.6543E-02
  28.384770    -5.5917E-02
  28.436874    -5.5299E-02
  28.488978    -5.4688E-02
  28.541082    -5.4086E-02
  28.593186    -5.3491E-02
  28.645291    -5.2904E-02
  28.697395    -5.2325E-02
  28.749499    -5.1753E-02
  28.801603    -5.1188E-02
  28.853707    -5.0631E-02
  28.905812    -5.0080E-02
  28.957916    -4.9537E-02
  29.010020    -4.9001E-02
  29.062124    -4.8471E-02
  29.114228    -4.7948E-02
  29.166333    -4.7432E-02
  29.218437    -4.6922E-02
  29.270541    -4.6419E-02
  29.322645    -4.5922E-02
  29.374749    -4.5431E-02
  29.426854    -4.4946E-02
  29.478958    -4.4468E-02
  29.531062    -4.3995E-02
  29.583166    -4.3528E-02
  29.635271    -4.3067E-02
  29.687375    -4.2612E-02
  29.739479    -4.2163E-02
  29.791583    -4.1719E-02
  29.843687    -4.1280E-02
  29.895792    -4.0847E-02
  29.947896    -4.0419E-02
  30.000000    -3.9996E-02
 151.14228457
   4.000000     9.3399E+04
   4.052104     8.6065E+04
   4.104208     7.9237E+04
   4.156313     7.2888E+04
   4.208417     6.6990E+04
   4.260521     6.1518E+04
   4.312625     5.6445E+04
   4.364729     5.1747E+04
   4.416834     4.7400E+04
   4.468938     4.3383E+04
   4.521042     3.9673E+04
   4.573146     3.6249E+04
   4.625251     3.3094E+04
   4.677355     3.0187E+04
   4.729459     2.7512E+04
   4.781563     2.5052E+04
   4.833667     2.2791E+04
   4.885772     2.0716E+04
   4.937876     1.8812E+04
   4.989980     1.7067E+04
   5.042084     1.5468E+04
   5.094188     1.4005E+04
   5.146293     1.2667E+04
   5.198397     1.1444E+04
   5.250501     1.0328E+04
   5.302605     9.3090E+03
   5.354709     8.3802E+03
   5.406814     7.5341E+03
   5.458918     6.7639E+03
   5.511022     6.0635E+03
   5.563126     5.4270E+03
   5.615230     4.8491E+03
   5.667335     4.3248E+03
   5.719439     3.8497E+03
   5.771543     3.4195E+03
   5.823647     3.0303E+03
   5.875752     2.6786E+03
   5.927856     2.3611E+03
   5.979960     2.0748E+03
   6.032064     1.8169E+03
   6.084168     1.5849E+03
   6.136273     1.3764E+03
   6.188377     1.1893E+03
   6.240481     1.0216E+03
   6.292585     8.7161E+02
   6.344689     7.3756E+02
   6.396794     6.1801E+02
   6.448898     5.1158E+02
   6.501002     4.1701E+02
   6.553106     3.3316E+02
   6.605210     2.5899E+02
   6.657315     1.9356E+02
   6.709419     1.3599E+02
   6.761523     8.5491E+01
   6.813627     4.1358E+01
   6.865731     2.9369E+00
   6.917836    -3.0362E+01
   6.969940    -5.9076E+01
   7.022044    -8.3688E+01
   7.074148    -1.0464E+02
   7.126253    -1.2233E+02
   7.178357    -1.3711E+02
   7.230461    -1.4932E+02
   7.282565    -1.5924E+02
   7.334669    -1.6714E+02
   7.386774    -1.7326E+02
   7.438878    -1.7781E+02
   7.490982    -1.8098E+02
   7.543086    -1.8295E+02
   7.595190    -1.8388E+02
   7.647295    -1.8389E+02
   7.699399    -1.8313E+02
   7.751503    -1.8169E+02
   7.803607    -1.7968E+02
   7.855711    -1.7718E+02
   7.907816    -1.7427E+02
   7.959920    -1.7103E+02
   8.012024    -1.6751E+02
   8.064128    -1.6377E+02
   8.116232    -1.5986E+02
   8.168337    -1.5581E+02
   8.220441    -1.5167E+02
   8.272545    -1.4747E+02
   8.324649    -1.4323E+02
   8.376754    -1.3898E+02
   8.428858    -1.3475E+02
   8.480962    -1.3054E+02
   8.533066    -1.2638E+02
   8.585170    -1.2227E+02
   8.637275    -1.1823E+02
   8.689379    -1.1427E+02
   8.741483    -1.1039E+02
   8.793587    -1.0660E+02
   8.845691    -1.0291E+02
   8.897796    -9.9315E+01
   8.949900    -9.5820E+01
   9.002004    -9.2428E+01
   9.054108    -8.9140E+01
   9.106212    -8.5954E+01
   9.158317    -8.2872E+01
   9.210421    -7.9893E+01
   9.262525    -7.7015E+01
   9.314629    -7.4237E+01
   9.366733    -7.1557E+01
   9.418838    -6.8974E+01
   9.470942    -6.6484E+01
   9.523046    -6.4086E+01
   9.575150    -6.1778E+01
   9.627255    -5.9556E+01
   9.679359    -5.7419E+01
   9.731463    -5.5363E+01
   9.783567    -5.3387E+01
   9.835671    -5.1486E+01
   9.887776    -4.9659E+01
   9.939880    -4.7904E+01
   9.991984    -4.6216E+01
  10.044088    -4.4595E+01
  10.096192    -4.3038E+01
  10.148297    -4.1541E+01
  10.200401    -4.0103E+01
  10.252505    -3.8722E+01
  10.304609    -3.7394E+01
  10.356713    -3.6119E+01
  10.408818    -3.4893E+01
  10.460922    -3.3715E+01
  10.513026    -3.2584E+01
  10.565130    -3.1496E+01
  10.617234    -3.0450E+01
  10.669339    -2.9445E+01
  10.721443    -2.8478E+01
  10.773547    -2.7548E+01
  10.825651    -2.6654E+01
  10.877756    -2.5794E+01
  10.929860    -2.4967E+01
  10.981964    -2.4171E+01
  11.034068    -2.3404E+01
  11.086172    -2.2667E+01
  11.138277    -2.1956E+01
  11.190381    -2.1272E+01
  11.242485    -2.0613E+01
  11.294589    -1.9979E+01
  11.346693    -1.9367E+01
  11.398798    -1.8778E+01
  11.450902    -1.8210E+01
  11.503006    -1.7662E+01
  11.555110    -1.7133E+01
  11.607214    -1.6624E+01
  11.659319    -1.6132E+01
  11.711423    -1.5658E+01
  11.763527    -1.5200E+01
  11.815631    -1.4758E+01
  11.867735    -1.4331E+01
  11.919840    -1.3918E+01
  11.971944    -1.3520E+01
  12.024048    -1.3135E+01
  12.076152    -1.2764E+01
  12.128257    -1.2404E+01
  12.180361    -1.2057E+01
  12.232465    -1.1721E+01
  12.284569    -1.1396E+01
  12.336673    -1.1081E+01
  12.388778    -1.0777E+01
  12.440882    -1.0483E+01
  12.492986    -1.0198E+01
  12.545090    -9.9220E+00
  12.597194    -9.6550E+00
  12.649299    -9.3964E+00
  12.701403    -9.1459E+00
  12.753507    -8.9033E+00
  12.805611    -8.6682E+00
  12.857715    -8.4403E+00
  12.909820    -8.2195E+00
  12.961924    -8.0055E+00
  13.014028    -7.7979E+00
  13.066132    -7.5967E+00
  13.118236    -7.4015E+00
  13.170341    -7.2121E+00
  13.222445    -7.0285E+00
  13.274549    -6.8502E+00
  13.326653    -6.6773E+00
  13.378758    -6.5094E+00
  13.430862    -6.3465E+00
  13.482966    -6.1883E+00
  13.535070    -6.0347E+00
  13.587174    -5.8855E+00
  13.639279    -5.7406E+00
  13.691383    -5.5999E+00
  13.743487    -5.4632E+00
  13.795591    -5.3304E+00
  13.847695    -5.2013E+00
  13.899800    -5.0759E+00
  13.951904    -4.9540E+00
  14.004008    -4.8354E+00
  14.056112    -4.7202E+00
  14.108216    -4.6082E+00
  14.160321    -4.4992E+00
  14.212425    -4.3933E+00
  14.264529    -4.2902E+00
  14.316633    -4.1900E+00
  14.368737    -4.0925E+00
  14.420842    -3.9976E+00
  14.472946    -3.9052E+00
  14.525050    -3.8154E+00
  14.577154    -3.7279E+00
  14.629259    -3.6428E+00
  14.681363    -3.5599E+00
  14.733467    -3.4793E+00
  14.785571    -3.4007E+00
  14.837675    -3.3242E+00
  14.889780    -3.2497E+00
  14.941884    -3.1772E+00
  14.993988    -3.1065E+00
  15.046092    -3.0377E+00
  15.098196    -2.9706E+00
  15.150301    -2.9052E+00
  15.202405    -2.8416E+00
  15.254509    -2.7795E+00
  15.306613    -2.7190E+00
  15.358717    -2.6601E+00
  15.410822    -2.6026E+00
  15.462926    -2.5466E+00
  15.515030    -2.4920E+00
  15.567134    -2.4388E+00
  15.619238    -2.3868E+00
  15.671343    -2.3362E+00
  15.723447    -2.2868E+00
  15.775551    -2.2387E+00
  15.827655    -2.1917E+00
  15.879760    -2.1458E+00
  15.931864    -2.1011E+00
  15.983968    -2.0575E+00
  16.036072    -2.0149E+00
  16.088176    -1.9733E+00
  16.140281    -1.9328E+00
  16.192385    -1.8932E+00
  16.244489    -1.8546E+00
  16.296593    -1.8169E+00
  16.348697    -1.7800E+00
  16.400802    -1.7441E+00
  16.452906    -1.7090E+00
  16.505010    -1.6747E+00
  16.557114    -1.6412E+00
  16.609218    -1.6086E+00
  16.661323    -1.5766E+00
  16.713427    -1.5454E+00
  16.765531    -1.5150E+00
  16.817635    -1.4852E+00
  16.869739    -1.4561E+00
  16.921844    -1.4277E+00
  16.973948    -1.3999E+00
  17.026052    -1.3728E+00
  17.078156    -1.3463E+00
  17.130261    -1.3203E+00
  17.182365    -1.2950E+00
  17.234469    -1.2702E+00
  17.286573    -1.2460E+00
  17.338677    -1.2223E+00
  17.390782    -1.1992E+00
  17.442886    -1.1765E+00
  17.494990    -1.1544E+00
  17.547094    -1.1327E+00
  17.599198    -1.1116E+00
  17.651303    -1.0909E+00
  17.703407    -1.0706E+00
  17.755511    -1.0508E+00
  17.807615    -1.0314E+00
  17.859719    -1.0124E+00
  17.911824    -9.9387E-01
  17.963928    -9.7571E-01
  18.016032    -9.5794E-01
  18.068136    -9.4054E-01
  18.120240    -9.2352E-01
  18.172345    -9.0686E-01
  18.224449    -8.9055E-01
  18.276553    -8.7458E-01
  18.328657    -8.5895E-01
  18.380762    -8.4365E-01
  18.432866    -8.2866E-01
  18.484970    -8.1399E-01
  18.537074    -7.9963E-01
  18.589178    -7.8556E-01
  18.641283    -7.7178E-01
  18.693387    -7.5828E-01
  18.745491    -7.4506E-01
  18.797595    -7.3212E-01
  18.849699    -7.1943E-01
  18.901804    -7.0701E-01
  18.953908    -6.9483E-01
  19.006012    -6.8290E-01
  19.058116    -6.7121E-01
  19.110220    -6.5976E-01
  19.162325    -6.4854E-01
  19.214429    -6.3754E-01
  19.266533    -6.2676E-01
  19.318637    -6.1619E-01
  19.370741    -6.0583E-01
  19.422846    -5.9568E-01
  19.474950    -5.8572E-01
  19.527054    -5.7596E-01
  19.579158    -5.6640E-01
  19.631263    -5.5702E-01
  19.683367    -5.4782E-01
  19.735471    -5.3880E-01
  19.787575    -5.2995E-01
  19.839679    -5.2127E-01
  19.891784    -5.1277E-01
  19.943888    -5.0442E-01
  19.995992    -4.9623E-01
  20.048096    -4.8820E-01
  20.100200    -4.8033E-01
  20.152305    -4.7260E-01
  20.204409    -4.6501E-01
  20.256513    -4.5758E-01
  20.308617    -4.5028E-01
  20.360721    -4.4311E-01
  20.412826    -4.3608E-01
  20.464930    -4.2919E-01
  20.517034    -4.2242E-01
  20.569138    -4.1577E-01
  20.621242    -4.0925E-01
  20.673347    -4.0285E-01
  20.725451    -3.9656E-01
  20.777555    -3.9039E-01
  20.829659    -3.8434E-01
  20.881764    -3.7839E-01
  20.933868    -3.7255E-01
  20.985972    -3.6682E-01
  21.038076    -3.6119E-01
  21.090180    -3.5567E-01
  21.142285    -3.5024E-01
  21.194389    -3.4491E-01
  21.246493    -3.3967E-01
  21.298597    -3.3453E-01
  21.350701    -3.2948E-01
  21.402806    -3.2452E-01
  21.454910    -3.1965E-01
  21.507014    -3.1486E-01
  21.559118    -3.1016E-01
  21.611222    -3.0554E-01
  21.663327    -3.0100E-01
  21.715431    -2.9654E-01
  21.767535    -2.9215E-01
  21.819639    -2.8785E-01
  21.871743    -2.8361E-01
  21.923848    -2.7945E-01
  21.975952    -2.7537E-01
  22.028056    -2.7135E-01
  22.080160    -2.6740E-01
  22.132265    -2.6352E-01
  22.184369    -2.5971E-01
  22.236473    -2.5596E-01
  22.288577    -2.5227E-01
  22.340681    -2.4865E-01
  22.392786    -2.4508E-01
  22.444890    -2.4158E-01
  22.496994    -2.3814E-01
  22.549098    -2.3475E-01
  22.601202    -2.3142E-01
  22.653307    -2.2815E-01
  22.705411    -2.2493E-01
  22.757515    -2.2176E-01
  22.809619    -2.1865E-01
  22.861723    -2.1558E-01
  22.913828    -2.1257E-01
  22.965932    -2.0961E-01
  23.018036    -2.0669E-01
  23.070140    -2.0383E-01
  23.122244    -2.0101E-01
  23.174349    -1.9823E-01
  23.226453    -1.9550E-01
  23.278557    -1.9282E-01
  23.330661    -1.9018E-01
  23.382766    -1.8758E-01
  23.434870    -1.8502E-01
  23.486974    -1.8250E-01
  23.539078    -1.8003E-01
  23.591182    -1.7759E-01
  23.643287    -1.7519E-01
  23.695391    -1.7283E-01
  23.747495    -1.7051E-01
  23.799599    -1.6822E-01
  23.851703    -1.6597E-01
  23.903808    -1.6375E-01
  23.955912    -1.6157E-01
  24.008016    -1.5943E-01
  24.060120    -1.5732E-01
  24.112224    -1.5524E-01
  24.164329    -1.5319E-01
  24.216433    -1.5117E-01
  24.268537    -1.4919E-01
  24.320641    -1.4723E-01
  24.372745    -1.4531E-01
  24.424850    -1.4342E-01
  24.476954    -1.4155E-01
  24.529058    -1.3971E-01
  24.581162    -1.3790E-01
  24.633267    -1.3612E-01
  24.685371    -1.3437E-01
  24.737475    -1.3264E-01
  24.789579    -1.3094E-01
  24.841683    -1.2926E-01
  24.893788    -1.2761E-01
  24.945892    -1.2598E-01
  24.997996    -1.2438E-01
  25.050100    -1.2280E-01
  25.102204    -1.2125E-01
  25.154309    -1.1972E-01
  25.206413    -1.1821E-01
  25.258517    -1.1672E-01
  25.310621    -1.1526E-01
  25.362725    -1.1382E-01
  25.414830    -1.1239E-01
  25.466934    -1.1099E-01
  25.519038    -1.0961E-01
  25.571142    -1.0825E-01
  25.623246    -1.0691E-01
  25.675351    -1.0559E-01
  25.727455    -1.0429E-01
  25.779559    -1.0301E-01
  25.831663    -1.0174E-01
  25.883768    -1.0050E-01
  25.935872    -9.9268E-02
  25.987976    -9.8058E-02
  26.040080    -9.6864E-02
  26.092184    -9.5688E-02
  26.144289    -9.4528E-02
  26.196393    -9.3385E-02
  26.248497    -9.2259E-02
  26.300601    -9.1148E-02
  26.352705    -9.0053E-02
  26.404810    -8.8973E-02
  26.456914    -8.7908E-02
  26.509018    -8.6859E-02
  26.561122    -8.5824E-02
  26.613226    -8.4804E-02
  26.665331    -8.3797E-02
  26.717435    -8.2805E-02
  26.769539    -8.1827E-02
  26.821643    -8.0862E-02
  26.873747    -7.9911E-02
  26.925852    -7.8972E-02
  26.977956    -7.8047E-02
  27.030060    -7.7134E-02
  27.082164    -7.6234E-02
  27.134269    -7.5346E-02
  27.186373    -7.4471E-02
  27.238477    -7.3607E-02
  27.290581    -7.2755E-02
  27.342685    -7.1914E-02
  27.394790    -7.1085E-02
  27.446894    -7.0267E-02
  27.498998    -6.9461E-02
  27.551102    -6.8665E-02
  27.603206    -6.7880E-02
  27.655311    -6.7105E-02
  27.707415    -6.6341E-02
  27.759519    -6.5586E-02
  27.811623    -6.4842E-02
  27.863727    -6.4108E-02
  27.915832    -6.3384E-02
  27.967936    -6.2669E-02
  28.020040    -6.1964E-02
  28.072144    -6.1268E-02
  28.124248    -6.0581E-02
  28.176353    -5.9903E-02
  28.228457    -5.9234E-02
  28.280561    -5.8574E-02
  28.332665    -5.7922E-02
  28.384770    -5.7279E-02
  28.436874    -5.6645E-02
  28.488978    -5.6018E-02
  28.541082    -5.5400E-02
  28.593186    -5.4790E-02
  28.645291    -5.4187E-02
  28.697395    -5.3593E-02
  28.749499    -5.3006E-02
  28.801603    -5.2426E-02
  28.853707    -5.1854E-02
  28.905812    -5.1289E-02
  28.957916    -5.0732E-02
  29.010020    -5.0182E-02
  29.062124    -4.9638E-02
  29.114228    -4.9102E-02
  29.166333    -4.8572E-02
  29.218437    -4.8049E-02
  29.270541    -4.7533E-02
  29.322645    -4.7023E-02
  29.374749    -4.6519E-02
  29.426854    -4.6022E-02
  29.478958    -4.5531E-02
  29.531062    -4.5046E-02
  29.583166    -4.4568E-02
  29.635271    -4.4095E-02
  29.687375    -4.3628E-02
  29.739479    -4.3167E-02
  29.791583    -4.2712E-02
  29.843687    -4.2262E-02
  29.895792    -4.1818E-02
  29.947896    -4.1379E-02
  30.000000    -4.0946E-02
 154.74949900
   4.000000     1.1189E+05
   4.052104     1.0265E+05
   4.104208     9.4150E+04
   4.156313     8.6324E+04
   4.208417     7.9119E+04
   4.260521     7.2483E+04
   4.312625     6.6372E+04
   4.364729     6.0745E+04
   4.416834     5.5563E+04
   4.468938     5.0794E+04
   4.521042     4.6405E+04
   4.573146     4.2367E+04
   4.625251     3.8654E+04
   4.677355     3.5242E+04
   4.729459     3.2107E+04
   4.781563     2.9228E+04
   4.833667     2.6586E+04
   4.885772     2.4164E+04
   4.937876     2.1943E+04
   4.989980     1.9908E+04
   5.042084     1.8046E+04
   5.094188     1.6342E+04
   5.146293     1.4784E+04
   5.198397     1.3361E+04
   5.250501     1.2062E+04
   5.302605     1.0876E+04
   5.354709     9.7957E+03
   5.406814     8.8113E+03
   5.458918     7.9153E+03
   5.511022     7.1004E+03
   5.563126     6.3599E+03
   5.615230     5.6874E+03
   5.667335     5.0774E+03
   5.719439     4.5244E+03
   5.771543     4.0237E+03
   5.823647     3.5706E+03
   5.875752     3.1611E+03
   5.927856     2.7913E+03
   5.979960     2.4578E+03
   6.032064     2.1573E+03
   6.084168     1.8869E+03
   6.136273     1.6438E+03
   6.188377     1.4255E+03
   6.240481     1.2299E+03
   6.292585     1.0547E+03
   6.344689     8.9816E+02
   6.396794     7.5844E+02
   6.448898     6.3395E+02
   6.501002     5.2326E+02
   6.553106     4.2503E+02
   6.605210     3.3804E+02
   6.657315     2.6120E+02
   6.709419     1.9350E+02
   6.761523     1.3402E+02
   6.813627     8.1941E+01
   6.865731     3.6499E+01
   6.917836    -2.9891E+00
   6.969940    -3.7145E+01
   7.022044    -6.6533E+01
   7.074148    -9.1661E+01
   7.126253    -1.1299E+02
   7.178357    -1.3094E+02
   7.230461    -1.4589E+02
   7.282565    -1.5818E+02
   7.334669    -1.6811E+02
   7.386774    -1.7596E+02
   7.438878    -1.8198E+02
   7.490982    -1.8638E+02
   7.543086    -1.8939E+02
   7.595190    -1.9116E+02
   7.647295    -1.9186E+02
   7.699399    -1.9164E+02
   7.751503    -1.9063E+02
   7.803607    -1.8894E+02
   7.855711    -1.8667E+02
   7.907816    -1.8391E+02
   7.959920    -1.8074E+02
   8.012024    -1.7724E+02
   8.064128    -1.7347E+02
   8.116232    -1.6948E+02
   8.168337    -1.6532E+02
   8.220441    -1.6103E+02
   8.272545    -1.5666E+02
   8.324649    -1.5224E+02
   8.376754    -1.4778E+02
   8.428858    -1.4333E+02
   8.480962    -1.3889E+02
   8.533066    -1.3449E+02
   8.585170    -1.3014E+02
   8.637275    -1.2586E+02
   8.689379    -1.2165E+02
   8.741483    -1.1753E+02
   8.793587    -1.1349E+02
   8.845691    -1.0956E+02
   8.897796    -1.0573E+02
   8.949900    -1.0200E+02
   9.002004    -9.8374E+01
   9.054108    -9.4861E+01
   9.106212    -9.1456E+01
   9.158317    -8.8161E+01
   9.210421    -8.4974E+01
   9.262525    -8.1895E+01
   9.314629    -7.8922E+01
   9.366733    -7.6053E+01
   9.418838    -7.3288E+01
   9.470942    -7.0622E+01
   9.523046    -6.8055E+01
   9.575150    -6.5583E+01
   9.627255    -6.3204E+01
   9.679359    -6.0916E+01
   9.731463    -5.8715E+01
   9.783567    -5.6598E+01
   9.835671    -5.4564E+01
   9.887776    -5.2608E+01
   9.939880    -5.0729E+01
   9.991984    -4.8924E+01
  10.044088    -4.7189E+01
  10.096192    -4.5523E+01
  10.148297    -4.3923E+01
  10.200401    -4.2385E+01
  10.252505    -4.0908E+01
  10.304609    -3.9490E+01
  10.356713    -3.8127E+01
  10.408818    -3.6818E+01
  10.460922    -3.5560E+01
  10.513026    -3.4352E+01
  10.565130    -3.3191E+01
  10.617234    -3.2076E+01
  10.669339    -3.1004E+01
  10.721443    -2.9973E+01
  10.773547    -2.8983E+01
  10.825651    -2.8030E+01
  10.877756    -2.7114E+01
  10.929860    -2.6234E+01
  10.981964    -2.5387E+01
  11.034068    -2.4572E+01
  11.086172    -2.3787E+01
  11.138277    -2.3033E+01
  11.190381    -2.2306E+01
  11.242485    -2.1607E+01
  11.294589    -2.0933E+01
  11.346693    -2.0285E+01
  11.398798    -1.9660E+01
  11.450902    -1.9058E+01
  11.503006    -1.8478E+01
  11.555110    -1.7918E+01
  11.607214    -1.7379E+01
  11.659319    -1.6859E+01
  11.711423    -1.6357E+01
  11.763527    -1.5873E+01
  11.815631    -1.5407E+01
  11.867735    -1.4956E+01
  11.919840    -1.4521E+01
  11.971944    -1.4101E+01
  12.024048    -1.3695E+01
  12.076152    -1.3303E+01
  12.128257    -1.2925E+01
  12.180361    -1.2559E+01
  12.232465    -1.2206E+01
  12.284569    -1.1864E+01
  12.336673    -1.1533E+01
  12.388778    -1.1214E+01
  12.440882    -1.0905E+01
  12.492986    -1.0606E+01
  12.545090    -1.0316E+01
  12.597194    -1.0036E+01
  12.649299    -9.7650E+00
  12.701403    -9.5026E+00
  12.753507    -9.2484E+00
  12.805611    -9.0022E+00
  12.857715    -8.7638E+00
  12.909820    -8.5328E+00
  12.961924    -8.3089E+00
  13.014028    -8.0919E+00
  13.066132    -7.8816E+00
  13.118236    -7.6777E+00
  13.170341    -7.4800E+00
  13.222445    -7.2883E+00
  13.274549    -7.1023E+00
  13.326653    -6.9219E+00
  13.378758    -6.7468E+00
  13.430862    -6.5769E+00
  13.482966    -6.4121E+00
  13.535070    -6.2520E+00
  13.587174    -6.0967E+00
  13.639279    -5.9458E+00
  13.691383    -5.7994E+00
  13.743487    -5.6571E+00
  13.795591    -5.5189E+00
  13.847695    -5.3847E+00
  13.899800    -5.2542E+00
  13.951904    -5.1275E+00
  14.004008    -5.0043E+00
  14.056112    -4.8846E+00
  14.108216    -4.7682E+00
  14.160321    -4.6550E+00
  14.212425    -4.5450E+00
  14.264529    -4.4380E+00
  14.316633    -4.3340E+00
  14.368737    -4.2328E+00
  14.420842    -4.1343E+00
  14.472946    -4.0385E+00
  14.525050    -3.9453E+00
  14.577154    -3.8546E+00
  14.629259    -3.7664E+00
  14.681363    -3.6805E+00
  14.733467    -3.5968E+00
  14.785571    -3.5154E+00
  14.837675    -3.4361E+00
  14.889780    -3.3589E+00
  14.941884    -3.2838E+00
  14.993988    -3.2106E+00
  15.046092    -3.1393E+00
  15.098196    -3.0698E+00
  15.150301    -3.0021E+00
  15.202405    -2.9362E+00
  15.254509    -2.8719E+00
  15.306613    -2.8093E+00
  15.358717    -2.7483E+00
  15.410822    -2.6888E+00
  15.462926    -2.6308E+00
  15.515030    -2.5743E+00
  15.567134    -2.5192E+00
  15.619238    -2.4655E+00
  15.671343    -2.4131E+00
  15.723447    -2.3620E+00
  15.775551    -2.3122E+00
  15.827655    -2.2635E+00
  15.879760    -2.2161E+00
  15.931864    -2.1699E+00
  15.983968    -2.1247E+00
  16.036072    -2.0807E+00
  16.088176    -2.0377E+00
  16.140281    -1.9958E+00
  16.192385    -1.9548E+00
  16.244489    -1.9149E+00
  16.296593    -1.8759E+00
  16.348697    -1.8378E+00
  16.400802    -1.8006E+00
  16.452906    -1.7643E+00
  16.505010    -1.7289E+00
  16.557114    -1.6943E+00
  16.609218    -1.6604E+00
  16.661323    -1.6274E+00
  16.713427    -1.5952E+00
  16.765531    -1.5637E+00
  16.817635    -1.5329E+00
  16.869739    -1.5028E+00
  16.921844    -1.4734E+00
  16.973948    -1.4447E+00
  17.026052    -1.4167E+00
  17.078156    -1.3893E+00
  17.130261    -1.3625E+00
  17.182365    -1.3363E+00
  17.234469    -1.3107E+00
  17.286573    -1.2856E+00
  17.338677    -1.2611E+00
  17.390782    -1.2372E+00
  17.442886    -1.2138E+00
  17.494990    -1.1909E+00
  17.547094    -1.1685E+00
  17.599198    -1.1467E+00
  17.651303    -1.1253E+00
  17.703407    -1.1043E+00
  17.755511    -1.0838E+00
  17.807615    -1.0638E+00
  17.859719    -1.0442E+00
  17.911824    -1.0250E+00
  17.963928    -1.0062E+00
  18.016032    -9.8786E-01
  18.068136    -9.6988E-01
  18.120240    -9.5229E-01
  18.172345    -9.3507E-01
  18.224449    -9.1821E-01
  18.276553    -9.0171E-01
  18.328657    -8.8556E-01
  18.380762    -8.6974E-01
  18.432866    -8.5426E-01
  18.484970    -8.3910E-01
  18.537074    -8.2425E-01
  18.589178    -8.0971E-01
  18.641283    -7.9548E-01
  18.693387    -7.8153E-01
  18.745491    -7.6787E-01
  18.797595    -7.5449E-01
  18.849699    -7.4139E-01
  18.901804    -7.2855E-01
  18.953908    -7.1597E-01
  19.006012    -7.0365E-01
  19.058116    -6.9157E-01
  19.110220    -6.7974E-01
  19.162325    -6.6814E-01
  19.214429    -6.5678E-01
  19.266533    -6.4564E-01
  19.318637    -6.3472E-01
  19.370741    -6.2402E-01
  19.422846    -6.1353E-01
  19.474950    -6.0325E-01
  19.527054    -5.9317E-01
  19.579158    -5.8329E-01
  19.631263    -5.7360E-01
  19.683367    -5.6410E-01
  19.735471    -5.5478E-01
  19.787575    -5.4565E-01
  19.839679    -5.3669E-01
  19.891784    -5.2790E-01
  19.943888    -5.1928E-01
  19.995992    -5.1083E-01
  20.048096    -5.0254E-01
  20.100200    -4.9440E-01
  20.152305    -4.8643E-01
  20.204409    -4.7860E-01
  20.256513    -4.7092E-01
  20.308617    -4.6338E-01
  20.360721    -4.5598E-01
  20.412826    -4.4873E-01
  20.464930    -4.4161E-01
  20.517034    -4.3462E-01
  20.569138    -4.2776E-01
  20.621242    -4.2103E-01
  20.673347    -4.1442E-01
  20.725451    -4.0794E-01
  20.777555    -4.0157E-01
  20.829659    -3.9532E-01
  20.881764    -3.8918E-01
  20.933868    -3.8316E-01
  20.985972    -3.7724E-01
  21.038076    -3.7144E-01
  21.090180    -3.6573E-01
  21.142285    -3.6013E-01
  21.194389    -3.5463E-01
  21.246493    -3.4923E-01
  21.298597    -3.4393E-01
  21.350701    -3.3872E-01
  21.402806    -3.3360E-01
  21.454910    -3.2857E-01
  21.507014    -3.2364E-01
  21.559118    -3.1879E-01
  21.611222    -3.1402E-01
  21.663327    -3.0934E-01
  21.715431    -3.0474E-01
  21.767535    -3.0022E-01
  21.819639    -2.9578E-01
  21.871743    -2.9142E-01
  21.923848    -2.8713E-01
  21.975952    -2.8291E-01
  22.028056    -2.7877E-01
  22.080160    -2.7470E-01
  22.132265    -2.7070E-01
  22.184369    -2.6677E-01
  22.236473    -2.6290E-01
  22.288577    -2.5911E-01
  22.340681    -2.5537E-01
  22.392786    -2.5170E-01
  22.444890    -2.4809E-01
  22.496994    -2.4454E-01
  22.549098    -2.4105E-01
  22.601202    -2.3762E-01
  22.653307    -2.3425E-01
  22.705411    -2.3093E-01
  22.757515    -2.2767E-01
  22.809619    -2.2446E-01
  22.861723    -2.2130E-01
  22.913828    -2.1820E-01
  22.965932    -2.1515E-01
  23.018036    -2.1215E-01
  23.070140    -2.0919E-01
  23.122244    -2.0629E-01
  23.174349    -2.0343E-01
  23.226453    -2.0062E-01
  23.278557    -1.9786E-01
  23.330661    -1.9514E-01
  23.382766    -1.9246E-01
  23.434870    -1.8983E-01
  23.486974    -1.8724E-01
  23.539078    -1.8469E-01
  23.591182    -1.8218E-01
  23.643287    -1.7971E-01
  23.695391    -1.7728E-01
  23.747495    -1.7489E-01
  23.799599    -1.7254E-01
  23.851703    -1.7022E-01
  23.903808    -1.6794E-01
  23.955912    -1.6570E-01
  24.008016    -1.6349E-01
  24.060120    -1.6131E-01
  24.112224    -1.5917E-01
  24.164329    -1.5707E-01
  24.216433    -1.5499E-01
  24.268537    -1.5295E-01
  24.320641    -1.5094E-01
  24.372745    -1.4896E-01
  24.424850    -1.4702E-01
  24.476954    -1.4510E-01
  24.529058    -1.4321E-01
  24.581162    -1.4135E-01
  24.633267    -1.3951E-01
  24.685371    -1.3771E-01
  24.737475    -1.3593E-01
  24.789579    -1.3418E-01
  24.841683    -1.3246E-01
  24.893788    -1.3076E-01
  24.945892    -1.2909E-01
  24.997996    -1.2744E-01
  25.050100    -1.2582E-01
  25.102204    -1.2422E-01
  25.154309    -1.2265E-01
  25.206413    -1.2110E-01
  25.258517    -1.1957E-01
  25.310621    -1.1807E-01
  25.362725    -1.1658E-01
  25.414830    -1.1512E-01
  25.466934    -1.1368E-01
  25.519038    -1.1227E-01
  25.571142    -1.1087E-01
  25.623246    -1.0949E-01
  25.675351    -1.0813E-01
  25.727455    -1.0680E-01
  25.779559    -1.0548E-01
  25.831663    -1.0418E-01
  25.883768    -1.0290E-01
  25.935872    -1.0164E-01
  25.987976    -1.0040E-01
  26.040080    -9.9170E-02
  26.092184    -9.7962E-02
  26.144289    -9.6771E-02
  26.196393    -9.5598E-02
  26.248497    -9.4441E-02
  26.300601    -9.3300E-02
  26.352705    -9.2176E-02
  26.404810    -9.1067E-02
  26.456914    -8.9974E-02
  26.509018    -8.8897E-02
  26.561122    -8.7835E-02
  26.613226    -8.6787E-02
  26.665331    -8.5755E-02
  26.717435    -8.4736E-02
  26.769539    -8.3732E-02
  26.821643    -8.2742E-02
  26.873747    -8.1766E-02
  26.925852    -8.0803E-02
  26.977956    -7.9853E-02
  27.030060    -7.8917E-02
  27.082164    -7.7993E-02
  27.134269    -7.7082E-02
  27.186373    -7.6184E-02
  27.238477    -7.5298E-02
  27.290581    -7.4424E-02
  27.342685    -7.3561E-02
  27.394790    -7.2711E-02
  27.446894    -7.1872E-02
  27.498998    -7.1045E-02
  27.551102    -7.0228E-02
  27.603206    -6.9423E-02
  27.655311    -6.8629E-02
  27.707415    -6.7845E-02
  27.759519    -6.7071E-02
  27.811623    -6.6308E-02
  27.863727    -6.5556E-02
  27.915832    -6.4813E-02
  27.967936    -6.4080E-02
  28.020040    -6.3357E-02
  28.072144    -6.2643E-02
  28.124248    -6.1939E-02
  28.176353    -6.1244E-02
  28.228457    -6.0559E-02
  28.280561    -5.9882E-02
  28.332665    -5.9214E-02
  28.384770    -5.8555E-02
  28.436874    -5.7905E-02
  28.488978    -5.7263E-02
  28.541082    -5.6629E-02
  28.593186    -5.6003E-02
  28.645291    -5.5386E-02
  28.697395    -5.4777E-02
  28.749499    -5.4175E-02
  28.801603    -5.3582E-02
  28.853707    -5.2996E-02
  28.905812    -5.2417E-02
  28.957916    -5.1846E-02
  29.010020    -5.1282E-02
  29.062124    -5.0725E-02
  29.114228    -5.0176E-02
  29.166333    -4.9633E-02
  29.218437    -4.9098E-02
  29.270541    -4.8569E-02
  29.322645    -4.8046E-02
  29.374749    -4.7531E-02
  29.426854    -4.7022E-02
  29.478958    -4.6519E-02
  29.531062    -4.6022E-02
  29.583166    -4.5532E-02
  29.635271    -4.5048E-02
  29.687375    -4.4570E-02
  29.739479    -4.4098E-02
  29.791583    -4.3632E-02
  29.843687    -4.3171E-02
  29.895792    -4.2716E-02
  29.947896    -4.2267E-02
  30.000000    -4.1824E-02
 158.35671343
   4.000000     1.3491E+05
   4.052104     1.2325E+05
   4.104208     1.1261E+05
   4.156313     1.0289E+05
   4.208417     9.3995E+04
   4.260521     8.5860E+04
   4.312625     7.8410E+04
   4.364729     7.1587E+04
   4.416834     6.5334E+04
   4.468938     5.9604E+04
   4.521042     5.4353E+04
   4.573146     4.9540E+04
   4.625251     4.5129E+04
   4.677355     4.1088E+04
   4.729459     3.7385E+04
   4.781563     3.3995E+04
   4.833667     3.0891E+04
   4.885772     2.8050E+04
   4.937876     2.5452E+04
   4.989980     2.3076E+04
   5.042084     2.0904E+04
   5.094188     1.8921E+04
   5.146293     1.7110E+04
   5.198397     1.5457E+04
   5.250501     1.3951E+04
   5.302605     1.2578E+04
   5.354709     1.1327E+04
   5.406814     1.0189E+04
   5.458918     9.1538E+03
   5.511022     8.2130E+03
   5.563126     7.3586E+03
   5.615230     6.5832E+03
   5.667335     5.8801E+03
   5.719439     5.2431E+03
   5.771543     4.6664E+03
   5.823647     4.1448E+03
   5.875752     3.6735E+03
   5.927856     3.2479E+03
   5.979960     2.8642E+03
   6.032064     2.5184E+03
   6.084168     2.2073E+03
   6.136273     1.9276E+03
   6.188377     1.6764E+03
   6.240481     1.4512E+03
   6.292585     1.2495E+03
   6.344689     1.0692E+03
   6.396794     9.0821E+02
   6.448898     7.6469E+02
   6.501002     6.3699E+02
   6.553106     5.2358E+02
   6.605210     4.2306E+02
   6.657315     3.3418E+02
   6.709419     2.5578E+02
   6.761523     1.8680E+02
   6.813627     1.2631E+02
   6.865731     7.3422E+01
   6.917836     2.7365E+01
   6.969940    -1.2576E+01
   7.022044    -4.7046E+01
   7.074148    -7.6629E+01
   7.126253    -1.0185E+02
   7.178357    -1.2319E+02
   7.230461    -1.4109E+02
   7.282565    -1.5591E+02
   7.334669    -1.6803E+02
   7.386774    -1.7775E+02
   7.438878    -1.8536E+02
   7.490982    -1.9112E+02
   7.543086    -1.9524E+02
   7.595190    -1.9795E+02
   7.647295    -1.9942E+02
   7.699399    -1.9981E+02
   7.751503    -1.9928E+02
   7.803607    -1.9795E+02
   7.855711    -1.9595E+02
   7.907816    -1.9337E+02
   7.959920    -1.9031E+02
   8.012024    -1.8685E+02
   8.064128    -1.8306E+02
   8.116232    -1.7901E+02
   8.168337    -1.7475E+02
   8.220441    -1.7033E+02
   8.272545    -1.6579E+02
   8.324649    -1.6118E+02
   8.376754    -1.5652E+02
   8.428858    -1.5185E+02
   8.480962    -1.4719E+02
   8.533066    -1.4255E+02
   8.585170    -1.3796E+02
   8.637275    -1.3343E+02
   8.689379    -1.2897E+02
   8.741483    -1.2460E+02
   8.793587    -1.2032E+02
   8.845691    -1.1614E+02
   8.897796    -1.1206E+02
   8.949900    -1.0809E+02
   9.002004    -1.0424E+02
   9.054108    -1.0050E+02
   9.106212    -9.6870E+01
   9.158317    -9.3358E+01
   9.210421    -8.9962E+01
   9.262525    -8.6679E+01
   9.314629    -8.3510E+01
   9.366733    -8.0452E+01
   9.418838    -7.7503E+01
   9.470942    -7.4661E+01
   9.523046    -7.1924E+01
   9.575150    -6.9288E+01
   9.627255    -6.6752E+01
   9.679359    -6.4313E+01
   9.731463    -6.1967E+01
   9.783567    -5.9712E+01
   9.835671    -5.7545E+01
   9.887776    -5.5462E+01
   9.939880    -5.3461E+01
   9.991984    -5.1539E+01
  10.044088    -4.9692E+01
  10.096192    -4.7919E+01
  10.148297    -4.6217E+01
  10.200401    -4.4581E+01
  10.252505    -4.3011E+01
  10.304609    -4.1504E+01
  10.356713    -4.0056E+01
  10.408818    -3.8666E+01
  10.460922    -3.7330E+01
  10.513026    -3.6048E+01
  10.565130    -3.4816E+01
  10.617234    -3.3633E+01
  10.669339    -3.2497E+01
  10.721443    -3.1405E+01
  10.773547    -3.0355E+01
  10.825651    -2.9347E+01
  10.877756    -2.8378E+01
  10.929860    -2.7446E+01
  10.981964    -2.6550E+01
  11.034068    -2.5688E+01
  11.086172    -2.4860E+01
  11.138277    -2.4062E+01
  11.190381    -2.3295E+01
  11.242485    -2.2557E+01
  11.294589    -2.1846E+01
  11.346693    -2.1162E+01
  11.398798    -2.0504E+01
  11.450902    -1.9869E+01
  11.503006    -1.9258E+01
  11.555110    -1.8669E+01
  11.607214    -1.8102E+01
  11.659319    -1.7555E+01
  11.711423    -1.7027E+01
  11.763527    -1.6519E+01
  11.815631    -1.6028E+01
  11.867735    -1.5555E+01
  11.919840    -1.5098E+01
  11.971944    -1.4658E+01
  12.024048    -1.4232E+01
  12.076152    -1.3821E+01
  12.128257    -1.3425E+01
  12.180361    -1.3041E+01
  12.232465    -1.2671E+01
  12.284569    -1.2313E+01
  12.336673    -1.1968E+01
  12.388778    -1.1633E+01
  12.440882    -1.1310E+01
  12.492986    -1.0997E+01
  12.545090    -1.0695E+01
  12.597194    -1.0402E+01
  12.649299    -1.0119E+01
  12.701403    -9.8454E+00
  12.753507    -9.5801E+00
  12.805611    -9.3234E+00
  12.857715    -9.0747E+00
  12.909820    -8.8339E+00
  12.961924    -8.6006E+00
  13.014028    -8.3745E+00
  13.066132    -8.1555E+00
  13.118236    -7.9432E+00
  13.170341    -7.7374E+00
  13.222445    -7.5379E+00
  13.274549    -7.3444E+00
  13.326653    -7.1568E+00
  13.378758    -6.9748E+00
  13.430862    -6.7983E+00
  13.482966    -6.6269E+00
  13.535070    -6.4607E+00
  13.587174    -6.2993E+00
  13.639279    -6.1427E+00
  13.691383    -5.9906E+00
  13.743487    -5.8430E+00
  13.795591    -5.6996E+00
  13.847695    -5.5603E+00
  13.899800    -5.4250E+00
  13.951904    -5.2936E+00
  14.004008    -5.1659E+00
  14.056112    -5.0418E+00
  14.108216    -4.9212E+00
  14.160321    -4.8039E+00
  14.212425    -4.6899E+00
  14.264529    -4.5791E+00
  14.316633    -4.4714E+00
  14.368737    -4.3666E+00
  14.420842    -4.2646E+00
  14.472946    -4.1655E+00
  14.525050    -4.0690E+00
  14.577154    -3.9752E+00
  14.629259    -3.8838E+00
  14.681363    -3.7950E+00
  14.733467    -3.7085E+00
  14.785571    -3.6243E+00
  14.837675    -3.5423E+00
  14.889780    -3.4625E+00
  14.941884    -3.3848E+00
  14.993988    -3.3091E+00
  15.046092    -3.2354E+00
  15.098196    -3.1636E+00
  15.150301    -3.0937E+00
  15.202405    -3.0255E+00
  15.254509    -2.9591E+00
  15.306613    -2.8945E+00
  15.358717    -2.8314E+00
  15.410822    -2.7700E+00
  15.462926    -2.7101E+00
  15.515030    -2.6517E+00
  15.567134    -2.5948E+00
  15.619238    -2.5394E+00
  15.671343    -2.4853E+00
  15.723447    -2.4325E+00
  15.775551    -2.3811E+00
  15.827655    -2.3309E+00
  15.879760    -2.2819E+00
  15.931864    -2.2342E+00
  15.983968    -2.1876E+00
  16.036072    -2.1421E+00
  16.088176    -2.0978E+00
  16.140281    -2.0545E+00
  16.192385    -2.0123E+00
  16.244489    -1.9711E+00
  16.296593    -1.9308E+00
  16.348697    -1.8915E+00
  16.400802    -1.8532E+00
  16.452906    -1.8158E+00
  16.505010    -1.7792E+00
  16.557114    -1.7435E+00
  16.609218    -1.7086E+00
  16.661323    -1.6746E+00
  16.713427    -1.6413E+00
  16.765531    -1.6088E+00
  16.817635    -1.5771E+00
  16.869739    -1.5461E+00
  16.921844    -1.5158E+00
  16.973948    -1.4862E+00
  17.026052    -1.4573E+00
  17.078156    -1.4290E+00
  17.130261    -1.4014E+00
  17.182365    -1.3744E+00
  17.234469    -1.3480E+00
  17.286573    -1.3222E+00
  17.338677    -1.2969E+00
  17.390782    -1.2723E+00
  17.442886    -1.2481E+00
  17.494990    -1.2246E+00
  17.547094    -1.2015E+00
  17.599198    -1.1789E+00
  17.651303    -1.1569E+00
  17.703407    -1.1353E+00
  17.755511    -1.1142E+00
  17.807615    -1.0935E+00
  17.859719    -1.0733E+00
  17.911824    -1.0536E+00
  17.963928    -1.0342E+00
  18.016032    -1.0153E+00
  18.068136    -9.9678E-01
  18.120240    -9.7866E-01
  18.172345    -9.6092E-01
  18.224449    -9.4355E-01
  18.276553    -9.2656E-01
  18.328657    -9.0992E-01
  18.380762    -8.9363E-01
  18.432866    -8.7768E-01
  18.484970    -8.6206E-01
  18.537074    -8.4677E-01
  18.589178    -8.3180E-01
  18.641283    -8.1714E-01
  18.693387    -8.0277E-01
  18.745491    -7.8871E-01
  18.797595    -7.7493E-01
  18.849699    -7.6144E-01
  18.901804    -7.4821E-01
  18.953908    -7.3526E-01
  19.006012    -7.2257E-01
  19.058116    -7.1014E-01
  19.110220    -6.9796E-01
  19.162325    -6.8602E-01
  19.214429    -6.7432E-01
  19.266533    -6.6285E-01
  19.318637    -6.5162E-01
  19.370741    -6.4060E-01
  19.422846    -6.2981E-01
  19.474950    -6.1922E-01
  19.527054    -6.0885E-01
  19.579158    -5.9868E-01
  19.631263    -5.8871E-01
  19.683367    -5.7893E-01
  19.735471    -5.6934E-01
  19.787575    -5.5994E-01
  19.839679    -5.5072E-01
  19.891784    -5.4168E-01
  19.943888    -5.3281E-01
  19.995992    -5.2411E-01
  20.048096    -5.1558E-01
  20.100200    -5.0721E-01
  20.152305    -4.9900E-01
  20.204409    -4.9095E-01
  20.256513    -4.8305E-01
  20.308617    -4.7530E-01
  20.360721    -4.6769E-01
  20.412826    -4.6023E-01
  20.464930    -4.5290E-01
  20.517034    -4.4571E-01
  20.569138    -4.3866E-01
  20.621242    -4.3174E-01
  20.673347    -4.2494E-01
  20.725451    -4.1827E-01
  20.777555    -4.1173E-01
  20.829659    -4.0530E-01
  20.881764    -3.9899E-01
  20.933868    -3.9280E-01
  20.985972    -3.8672E-01
  21.038076    -3.8075E-01
  21.090180    -3.7488E-01
  21.142285    -3.6913E-01
  21.194389    -3.6347E-01
  21.246493    -3.5792E-01
  21.298597    -3.5247E-01
  21.350701    -3.4711E-01
  21.402806    -3.4185E-01
  21.454910    -3.3669E-01
  21.507014    -3.3161E-01
  21.559118    -3.2663E-01
  21.611222    -3.2173E-01
  21.663327    -3.1692E-01
  21.715431    -3.1220E-01
  21.767535    -3.0755E-01
  21.819639    -3.0299E-01
  21.871743    -2.9851E-01
  21.923848    -2.9410E-01
  21.975952    -2.8977E-01
  22.028056    -2.8552E-01
  22.080160    -2.8134E-01
  22.132265    -2.7723E-01
  22.184369    -2.7319E-01
  22.236473    -2.6922E-01
  22.288577    -2.6532E-01
  22.340681    -2.6148E-01
  22.392786    -2.5771E-01
  22.444890    -2.5400E-01
  22.496994    -2.5036E-01
  22.549098    -2.4678E-01
  22.601202    -2.4325E-01
  22.653307    -2.3979E-01
  22.705411    -2.3639E-01
  22.757515    -2.3304E-01
  22.809619    -2.2974E-01
  22.861723    -2.2650E-01
  22.913828    -2.2332E-01
  22.965932    -2.2019E-01
  23.018036    -2.1711E-01
  23.070140    -2.1407E-01
  23.122244    -2.1109E-01
  23.174349    -2.0816E-01
  23.226453    -2.0528E-01
  23.278557    -2.0244E-01
  23.330661    -1.9965E-01
  23.382766    -1.9690E-01
  23.434870    -1.9420E-01
  23.486974    -1.9154E-01
  23.539078    -1.8893E-01
  23.591182    -1.8635E-01
  23.643287    -1.8382E-01
  23.695391    -1.8133E-01
  23.747495    -1.7888E-01
  23.799599    -1.7646E-01
  23.851703    -1.7409E-01
  23.903808    -1.7175E-01
  23.955912    -1.6945E-01
  24.008016    -1.6718E-01
  24.060120    -1.6496E-01
  24.112224    -1.6276E-01
  24.164329    -1.6060E-01
  24.216433    -1.5847E-01
  24.268537    -1.5638E-01
  24.320641    -1.5432E-01
  24.372745    -1.5229E-01
  24.424850    -1.5029E-01
  24.476954    -1.4833E-01
  24.529058    -1.4639E-01
  24.581162    -1.4448E-01
  24.633267    -1.4261E-01
  24.685371    -1.4076E-01
  24.737475    -1.3894E-01
  24.789579    -1.3714E-01
  24.841683    -1.3538E-01
  24.893788    -1.3364E-01
  24.945892    -1.3192E-01
  24.997996    -1.3024E-01
  25.050100    -1.2857E-01
  25.102204    -1.2694E-01
  25.154309    -1.2532E-01
  25.206413    -1.2374E-01
  25.258517    -1.2217E-01
  25.310621    -1.2063E-01
  25.362725    -1.1911E-01
  25.414830    -1.1761E-01
  25.466934    -1.1614E-01
  25.519038    -1.1469E-01
  25.571142    -1.1325E-01
  25.623246    -1.1184E-01
  25.675351    -1.1045E-01
  25.727455    -1.0909E-01
  25.779559    -1.0774E-01
  25.831663    -1.0641E-01
  25.883768    -1.0509E-01
  25.935872    -1.0380E-01
  25.987976    -1.0253E-01
  26.040080    -1.0128E-01
  26.092184    -1.0004E-01
  26.144289    -9.8820E-02
  26.196393    -9.7618E-02
  26.248497    -9.6434E-02
  26.300601    -9.5266E-02
  26.352705    -9.4115E-02
  26.404810    -9.2981E-02
  26.456914    -9.1862E-02
  26.509018    -9.0759E-02
  26.561122    -8.9672E-02
  26.613226    -8.8600E-02
  26.665331    -8.7544E-02
  26.717435    -8.6502E-02
  26.769539    -8.5474E-02
  26.821643    -8.4461E-02
  26.873747    -8.3462E-02
  26.925852    -8.2477E-02
  26.977956    -8.1505E-02
  27.030060    -8.0547E-02
  27.082164    -7.9602E-02
  27.134269    -7.8670E-02
  27.186373    -7.7751E-02
  27.238477    -7.6845E-02
  27.290581    -7.5951E-02
  27.342685    -7.5069E-02
  27.394790    -7.4199E-02
  27.446894    -7.3341E-02
  27.498998    -7.2495E-02
  27.551102    -7.1660E-02
  27.603206    -7.0836E-02
  27.655311    -7.0024E-02
  27.707415    -6.9222E-02
  27.759519    -6.8432E-02
  27.811623    -6.7652E-02
  27.863727    -6.6882E-02
  27.915832    -6.6122E-02
  27.967936    -6.5373E-02
  28.020040    -6.4634E-02
  28.072144    -6.3904E-02
  28.124248    -6.3185E-02
  28.176353    -6.2474E-02
  28.228457    -6.1773E-02
  28.280561    -6.1082E-02
  28.332665    -6.0399E-02
  28.384770    -5.9725E-02
  28.436874    -5.9060E-02
  28.488978    -5.8404E-02
  28.541082    -5.7757E-02
  28.593186    -5.7117E-02
  28.645291    -5.6487E-02
  28.697395    -5.5864E-02
  28.749499    -5.5249E-02
  28.801603    -5.4643E-02
  28.853707    -5.4044E-02
  28.905812    -5.3453E-02
  28.957916    -5.2869E-02
  29.010020    -5.2293E-02
  29.062124    -5.1724E-02
  29.114228    -5.1163E-02
  29.166333    -5.0608E-02
  29.218437    -5.0061E-02
  29.270541    -4.9521E-02
  29.322645    -4.8987E-02
  29.374749    -4.8461E-02
  29.426854    -4.7941E-02
  29.478958    -4.7427E-02
  29.531062    -4.6920E-02
  29.583166    -4.6419E-02
  29.635271    -4.5925E-02
  29.687375    -4.5437E-02
  29.739479    -4.4954E-02
  29.791583    -4.4478E-02
  29.843687    -4.4008E-02
  29.895792    -4.3544E-02
  29.947896    -4.3085E-02
  30.000000    -4.2632E-02
 161.96392786
   4.000000     1.6461E+05
   4.052104     1.4963E+05
   4.104208     1.3605E+05
   4.156313     1.2373E+05
   4.208417     1.1254E+05
   4.260521     1.0238E+05
   4.312625     9.3125E+04
   4.364729     8.4704E+04
   4.416834     7.7035E+04
   4.468938     7.0047E+04
   4.521042     6.3677E+04
   4.573146     5.7870E+04
   4.625251     5.2575E+04
   4.677355     4.7745E+04
   4.729459     4.3341E+04
   4.781563     3.9325E+04
   4.833667     3.5663E+04
   4.885772     3.2324E+04
   4.937876     2.9280E+04
   4.989980     2.6505E+04
   5.042084     2.3978E+04
   5.094188     2.1675E+04
   5.146293     1.9579E+04
   5.198397     1.7671E+04
   5.250501     1.5935E+04
   5.302605     1.4356E+04
   5.354709     1.2921E+04
   5.406814     1.1617E+04
   5.458918     1.0433E+04
   5.511022     9.3583E+03
   5.563126     8.3838E+03
   5.615230     7.5004E+03
   5.667335     6.7003E+03
   5.719439     5.9760E+03
   5.771543     5.3209E+03
   5.823647     4.7288E+03
   5.875752     4.1941E+03
   5.927856     3.7116E+03
   5.979960     3.2766E+03
   6.032064     2.8849E+03
   6.084168     2.5324E+03
   6.136273     2.2156E+03
   6.188377     1.9312E+03
   6.240481     1.6761E+03
   6.292585     1.4477E+03
   6.344689     1.2433E+03
   6.396794     1.0609E+03
   6.448898     8.9813E+02
   6.501002     7.5326E+02
   6.553106     6.2452E+02
   6.605210     5.1034E+02
   6.657315     4.0928E+02
   6.709419     3.2004E+02
   6.761523     2.4145E+02
   6.813627     1.7241E+02
   6.865731     1.1197E+02
   6.917836     5.9233E+01
   6.969940     1.3401E+01
   7.022044    -2.6253E+01
   7.074148    -6.0385E+01
   7.126253    -8.9590E+01
   7.178357    -1.1441E+02
   7.230461    -1.3532E+02
   7.282565    -1.5276E+02
   7.334669    -1.6713E+02
   7.386774    -1.7879E+02
   7.438878    -1.8805E+02
   7.490982    -1.9519E+02
   7.543086    -2.0049E+02
   7.595190    -2.0417E+02
   7.647295    -2.0643E+02
   7.699399    -2.0747E+02
   7.751503    -2.0744E+02
   7.803607    -2.0651E+02
   7.855711    -2.0479E+02
   7.907816    -2.0241E+02
   7.959920    -1.9947E+02
   8.012024    -1.9606E+02
   8.064128    -1.9227E+02
   8.116232    -1.8816E+02
   8.168337    -1.8381E+02
   8.220441    -1.7926E+02
   8.272545    -1.7457E+02
   8.324649    -1.6977E+02
   8.376754    -1.6492E+02
   8.428858    -1.6003E+02
   8.480962    -1.5514E+02
   8.533066    -1.5026E+02
   8.585170    -1.4543E+02
   8.637275    -1.4065E+02
   8.689379    -1.3595E+02
   8.741483    -1.3133E+02
   8.793587    -1.2680E+02
   8.845691    -1.2238E+02
   8.897796    -1.1807E+02
   8.949900    -1.1386E+02
   9.002004    -1.0978E+02
   9.054108    -1.0581E+02
   9.106212    -1.0197E+02
   9.158317    -9.8245E+01
   9.210421    -9.4644E+01
   9.262525    -9.1163E+01
   9.314629    -8.7803E+01
   9.366733    -8.4560E+01
   9.418838    -8.1433E+01
   9.470942    -7.8421E+01
   9.523046    -7.5520E+01
   9.575150    -7.2727E+01
   9.627255    -7.0041E+01
   9.679359    -6.7457E+01
   9.731463    -6.4973E+01
   9.783567    -6.2586E+01
   9.835671    -6.0292E+01
   9.887776    -5.8089E+01
   9.939880    -5.5973E+01
   9.991984    -5.3941E+01
  10.044088    -5.1990E+01
  10.096192    -5.0117E+01
  10.148297    -4.8319E+01
  10.200401    -4.6593E+01
  10.252505    -4.4937E+01
  10.304609    -4.3346E+01
  10.356713    -4.1820E+01
  10.408818    -4.0355E+01
  10.460922    -3.8948E+01
  10.513026    -3.7598E+01
  10.565130    -3.6301E+01
  10.617234    -3.5057E+01
  10.669339    -3.3861E+01
  10.721443    -3.2713E+01
  10.773547    -3.1610E+01
  10.825651    -3.0551E+01
  10.877756    -2.9533E+01
  10.929860    -2.8555E+01
  10.981964    -2.7615E+01
  11.034068    -2.6711E+01
  11.086172    -2.5842E+01
  11.138277    -2.5007E+01
  11.190381    -2.4203E+01
  11.242485    -2.3430E+01
  11.294589    -2.2686E+01
  11.346693    -2.1970E+01
  11.398798    -2.1281E+01
  11.450902    -2.0618E+01
  11.503006    -1.9979E+01
  11.555110    -1.9363E+01
  11.607214    -1.8770E+01
  11.659319    -1.8199E+01
  11.711423    -1.7648E+01
  11.763527    -1.7117E+01
  11.815631    -1.6606E+01
  11.867735    -1.6112E+01
  11.919840    -1.5636E+01
  11.971944    -1.5176E+01
  12.024048    -1.4733E+01
  12.076152    -1.4305E+01
  12.128257    -1.3891E+01
  12.180361    -1.3492E+01
  12.232465    -1.3107E+01
  12.284569    -1.2734E+01
  12.336673    -1.2375E+01
  12.388778    -1.2027E+01
  12.440882    -1.1691E+01
  12.492986    -1.1366E+01
  12.545090    -1.1051E+01
  12.597194    -1.0747E+01
  12.649299    -1.0453E+01
  12.701403    -1.0168E+01
  12.753507    -9.8930E+00
  12.805611    -9.6264E+00
  12.857715    -9.3682E+00
  12.909820    -9.1183E+00
  12.961924    -8.8762E+00
  13.014028    -8.6416E+00
  13.066132    -8.4144E+00
  13.118236    -8.1943E+00
  13.170341    -7.9809E+00
  13.222445    -7.7740E+00
  13.274549    -7.5735E+00
  13.326653    -7.3791E+00
  13.378758    -7.1905E+00
  13.430862    -7.0076E+00
  13.482966    -6.8301E+00
  13.535070    -6.6580E+00
  13.587174    -6.4909E+00
  13.639279    -6.3287E+00
  13.691383    -6.1713E+00
  13.743487    -6.0185E+00
  13.795591    -5.8701E+00
  13.847695    -5.7261E+00
  13.899800    -5.5861E+00
  13.951904    -5.4502E+00
  14.004008    -5.3181E+00
  14.056112    -5.1898E+00
  14.108216    -5.0651E+00
  14.160321    -4.9439E+00
  14.212425    -4.8261E+00
  14.264529    -4.7116E+00
  14.316633    -4.6002E+00
  14.368737    -4.4920E+00
  14.420842    -4.3867E+00
  14.472946    -4.2843E+00
  14.525050    -4.1846E+00
  14.577154    -4.0877E+00
  14.629259    -3.9934E+00
  14.681363    -3.9017E+00
  14.733467    -3.8124E+00
  14.785571    -3.7255E+00
  14.837675    -3.6409E+00
  14.889780    -3.5585E+00
  14.941884    -3.4784E+00
  14.993988    -3.4003E+00
  15.046092    -3.3243E+00
  15.098196    -3.2502E+00
  15.150301    -3.1781E+00
  15.202405    -3.1079E+00
  15.254509    -3.0394E+00
  15.306613    -2.9727E+00
  15.358717    -2.9078E+00
  15.410822    -2.8444E+00
  15.462926    -2.7827E+00
  15.515030    -2.7226E+00
  15.567134    -2.6639E+00
  15.619238    -2.6068E+00
  15.671343    -2.5511E+00
  15.723447    -2.4967E+00
  15.775551    -2.4437E+00
  15.827655    -2.3920E+00
  15.879760    -2.3416E+00
  15.931864    -2.2925E+00
  15.983968    -2.2445E+00
  16.036072    -2.1977E+00
  16.088176    -2.1521E+00
  16.140281    -2.1075E+00
  16.192385    -2.0640E+00
  16.244489    -2.0216E+00
  16.296593    -1.9802E+00
  16.348697    -1.9398E+00
  16.400802    -1.9003E+00
  16.452906    -1.8618E+00
  16.505010    -1.8242E+00
  16.557114    -1.7875E+00
  16.609218    -1.7516E+00
  16.661323    -1.7166E+00
  16.713427    -1.6824E+00
  16.765531    -1.6490E+00
  16.817635    -1.6164E+00
  16.869739    -1.5845E+00
  16.921844    -1.5533E+00
  16.973948    -1.5229E+00
  17.026052    -1.4932E+00
  17.078156    -1.4641E+00
  17.130261    -1.4357E+00
  17.182365    -1.4080E+00
  17.234469    -1.3808E+00
  17.286573    -1.3543E+00
  17.338677    -1.3284E+00
  17.390782    -1.3031E+00
  17.442886    -1.2783E+00
  17.494990    -1.2540E+00
  17.547094    -1.2304E+00
  17.599198    -1.2072E+00
  17.651303    -1.1845E+00
  17.703407    -1.1624E+00
  17.755511    -1.1407E+00
  17.807615    -1.1195E+00
  17.859719    -1.0987E+00
  17.911824    -1.0785E+00
  17.963928    -1.0586E+00
  18.016032    -1.0392E+00
  18.068136    -1.0202E+00
  18.120240    -1.0016E+00
  18.172345    -9.8335E-01
  18.224449    -9.6553E-01
  18.276553    -9.4808E-01
  18.328657    -9.3101E-01
  18.380762    -9.1429E-01
  18.432866    -8.9793E-01
  18.484970    -8.8191E-01
  18.537074    -8.6622E-01
  18.589178    -8.5086E-01
  18.641283    -8.3582E-01
  18.693387    -8.2109E-01
  18.745491    -8.0666E-01
  18.797595    -7.9253E-01
  18.849699    -7.7869E-01
  18.901804    -7.6513E-01
  18.953908    -7.5185E-01
  19.006012    -7.3884E-01
  19.058116    -7.2609E-01
  19.110220    -7.1360E-01
  19.162325    -7.0136E-01
  19.214429    -6.8937E-01
  19.266533    -6.7762E-01
  19.318637    -6.6610E-01
  19.370741    -6.5481E-01
  19.422846    -6.4375E-01
  19.474950    -6.3290E-01
  19.527054    -6.2227E-01
  19.579158    -6.1185E-01
  19.631263    -6.0163E-01
  19.683367    -5.9161E-01
  19.735471    -5.8179E-01
  19.787575    -5.7215E-01
  19.839679    -5.6271E-01
  19.891784    -5.5345E-01
  19.943888    -5.4436E-01
  19.995992    -5.3545E-01
  20.048096    -5.2672E-01
  20.100200    -5.1815E-01
  20.152305    -5.0974E-01
  20.204409    -5.0149E-01
  20.256513    -4.9340E-01
  20.308617    -4.8546E-01
  20.360721    -4.7767E-01
  20.412826    -4.7003E-01
  20.464930    -4.6253E-01
  20.517034    -4.5517E-01
  20.569138    -4.4795E-01
  20.621242    -4.4086E-01
  20.673347    -4.3391E-01
  20.725451    -4.2708E-01
  20.777555    -4.2038E-01
  20.829659    -4.1380E-01
  20.881764    -4.0735E-01
  20.933868    -4.0101E-01
  20.985972    -3.9478E-01
  21.038076    -3.8867E-01
  21.090180    -3.8268E-01
  21.142285    -3.7679E-01
  21.194389    -3.7100E-01
  21.246493    -3.6532E-01
  21.298597    -3.5974E-01
  21.350701    -3.5427E-01
  21.402806    -3.4889E-01
  21.454910    -3.4360E-01
  21.507014    -3.3841E-01
  21.559118    -3.3331E-01
  21.611222    -3.2830E-01
  21.663327    -3.2338E-01
  21.715431    -3.1855E-01
  21.767535    -3.1380E-01
  21.819639    -3.0914E-01
  21.871743    -3.0455E-01
  21.923848    -3.0005E-01
  21.975952    -2.9562E-01
  22.028056    -2.9127E-01
  22.080160    -2.8700E-01
  22.132265    -2.8280E-01
  22.184369    -2.7867E-01
  22.236473    -2.7461E-01
  22.288577    -2.7062E-01
  22.340681    -2.6670E-01
  22.392786    -2.6285E-01
  22.444890    -2.5906E-01
  22.496994    -2.5533E-01
  22.549098    -2.5167E-01
  22.601202    -2.4807E-01
  22.653307    -2.4453E-01
  22.705411    -2.4105E-01
  22.757515    -2.3763E-01
  22.809619    -2.3426E-01
  22.861723    -2.3095E-01
  22.913828    -2.2770E-01
  22.965932    -2.2450E-01
  23.018036    -2.2135E-01
  23.070140    -2.1826E-01
  23.122244    -2.1521E-01
  23.174349    -2.1222E-01
  23.226453    -2.0927E-01
  23.278557    -2.0637E-01
  23.330661    -2.0352E-01
  23.382766    -2.0071E-01
  23.434870    -1.9796E-01
  23.486974    -1.9524E-01
  23.539078    -1.9257E-01
  23.591182    -1.8994E-01
  23.643287    -1.8736E-01
  23.695391    -1.8481E-01
  23.747495    -1.8231E-01
  23.799599    -1.7984E-01
  23.851703    -1.7742E-01
  23.903808    -1.7503E-01
  23.955912    -1.7268E-01
  24.008016    -1.7037E-01
  24.060120    -1.6809E-01
  24.112224    -1.6585E-01
  24.164329    -1.6365E-01
  24.216433    -1.6148E-01
  24.268537    -1.5934E-01
  24.320641    -1.5724E-01
  24.372745    -1.5517E-01
  24.424850    -1.5313E-01
  24.476954    -1.5112E-01
  24.529058    -1.4914E-01
  24.581162    -1.4720E-01
  24.633267    -1.4528E-01
  24.685371    -1.4339E-01
  24.737475    -1.4154E-01
  24.789579    -1.3971E-01
  24.841683    -1.3790E-01
  24.893788    -1.3613E-01
  24.945892    -1.3438E-01
  24.997996    -1.3266E-01
  25.050100    -1.3096E-01
  25.102204    -1.2929E-01
  25.154309    -1.2765E-01
  25.206413    -1.2603E-01
  25.258517    -1.2443E-01
  25.310621    -1.2286E-01
  25.362725    -1.2131E-01
  25.414830    -1.1978E-01
  25.466934    -1.1828E-01
  25.519038    -1.1680E-01
  25.571142    -1.1534E-01
  25.623246    -1.1390E-01
  25.675351    -1.1248E-01
  25.727455    -1.1108E-01
  25.779559    -1.0971E-01
  25.831663    -1.0835E-01
  25.883768    -1.0701E-01
  25.935872    -1.0570E-01
  25.987976    -1.0440E-01
  26.040080    -1.0312E-01
  26.092184    -1.0186E-01
  26.144289    -1.0062E-01
  26.196393    -9.9391E-02
  26.248497    -9.8183E-02
  26.300601    -9.6993E-02
  26.352705    -9.5820E-02
  26.404810    -9.4663E-02
  26.456914    -9.3523E-02
  26.509018    -9.2399E-02
  26.561122    -9.1290E-02
  26.613226    -9.0198E-02
  26.665331    -8.9120E-02
  26.717435    -8.8058E-02
  26.769539    -8.7011E-02
  26.821643    -8.5978E-02
  26.873747    -8.4960E-02
  26.925852    -8.3956E-02
  26.977956    -8.2966E-02
  27.030060    -8.1989E-02
  27.082164    -8.1026E-02
  27.134269    -8.0077E-02
  27.186373    -7.9140E-02
  27.238477    -7.8216E-02
  27.290581    -7.7305E-02
  27.342685    -7.6407E-02
  27.394790    -7.5520E-02
  27.446894    -7.4646E-02
  27.498998    -7.3784E-02
  27.551102    -7.2933E-02
  27.603206    -7.2094E-02
  27.655311    -7.1266E-02
  27.707415    -7.0450E-02
  27.759519    -6.9644E-02
  27.811623    -6.8849E-02
  27.863727    -6.8065E-02
  27.915832    -6.7291E-02
  27.967936    -6.6528E-02
  28.020040    -6.5775E-02
  28.072144    -6.5032E-02
  28.124248    -6.4299E-02
  28.176353    -6.3575E-02
  28.228457    -6.2861E-02
  28.280561    -6.2156E-02
  28.332665    -6.1461E-02
  28.384770    -6.0775E-02
  28.436874    -6.0098E-02
  28.488978    -5.9429E-02
  28.541082    -5.8770E-02
  28.593186    -5.8119E-02
  28.645291    -5.7476E-02
  28.697395    -5.6842E-02
  28.749499    -5.6216E-02
  28.801603    -5.5599E-02
  28.853707    -5.4989E-02
  28.905812    -5.4387E-02
  28.957916    -5.3792E-02
  29.010020    -5.3206E-02
  29.062124    -5.2627E-02
  29.114228    -5.2055E-02
  29.166333    -5.1490E-02
  29.218437    -5.0933E-02
  29.270541    -5.0383E-02
  29.322645    -4.9840E-02
  29.374749    -4.9304E-02
  29.426854    -4.8774E-02
  29.478958    -4.8251E-02
  29.531062    -4.7735E-02
  29.583166    -4.7225E-02
  29.635271    -4.6722E-02
  29.687375    -4.6225E-02
  29.739479    -4.5734E-02
  29.791583    -4.5249E-02
  29.843687    -4.4771E-02
  29.895792    -4.4298E-02
  29.947896    -4.3831E-02
  30.000000    -4.3370E-02
 165.57114228
   4.000000     2.0314E+05
   4.052104     1.8334E+05
   4.104208     1.6557E+05
   4.156313     1.4959E+05
   4.208417     1.3523E+05
   4.260521     1.2228E+05
   4.312625     1.1061E+05
   4.364729     1.0008E+05
   4.416834     9.0567E+04
   4.468938     8.1967E+04
   4.521042     7.4189E+04
   4.573146     6.7148E+04
   4.625251     6.0772E+04
   4.677355     5.4995E+04
   4.729459     4.9759E+04
   4.781563     4.5012E+04
   4.833667     4.0706E+04
   4.885772     3.6800E+04
   4.937876     3.3257E+04
   4.989980     3.0041E+04
   5.042084     2.7124E+04
   5.094188     2.4477E+04
   5.146293     2.2074E+04
   5.198397     1.9895E+04
   5.250501     1.7918E+04
   5.302605     1.6126E+04
   5.354709     1.4500E+04
   5.406814     1.3026E+04
   5.458918     1.1691E+04
   5.511022     1.0482E+04
   5.563126     9.3867E+03
   5.615230     8.3956E+03
   5.667335     7.4991E+03
   5.719439     6.6886E+03
   5.771543     5.9563E+03
   5.823647     5.2950E+03
   5.875752     4.6983E+03
   5.927856     4.1603E+03
   5.979960     3.6755E+03
   6.032064     3.2391E+03
   6.084168     2.8466E+03
   6.136273     2.4938E+03
   6.188377     2.1772E+03
   6.240481     1.8933E+03
   6.292585     1.6391E+03
   6.344689     1.4116E+03
   6.396794     1.2085E+03
   6.448898     1.0272E+03
   6.501002     8.6584E+02
   6.553106     7.2234E+02
   6.605210     5.9500E+02
   6.657315     4.8223E+02
   6.709419     3.8256E+02
   6.761523     2.9470E+02
   6.813627     2.1746E+02
   6.865731     1.4974E+02
   6.917836     9.0573E+01
   6.969940     3.9070E+01
   7.022044    -5.5748E+00
   7.074148    -4.4088E+01
   7.126253    -7.7129E+01
   7.178357    -1.0529E+02
   7.230461    -1.2911E+02
   7.282565    -1.4908E+02
   7.334669    -1.6562E+02
   7.386774    -1.7914E+02
   7.438878    -1.8999E+02
   7.490982    -1.9848E+02
   7.543086    -2.0491E+02
   7.595190    -2.0952E+02
   7.647295    -2.1256E+02
   7.699399    -2.1422E+02
   7.751503    -2.1469E+02
   7.803607    -2.1413E+02
   7.855711    -2.1269E+02
   7.907816    -2.1051E+02
   7.959920    -2.0769E+02
   8.012024    -2.0434E+02
   8.064128    -2.0055E+02
   8.116232    -1.9640E+02
   8.168337    -1.9197E+02
   8.220441    -1.8730E+02
   8.272545    -1.8247E+02
   8.324649    -1.7751E+02
   8.376754    -1.7247E+02
   8.428858    -1.6738E+02
   8.480962    -1.6228E+02
   8.533066    -1.5719E+02
   8.585170    -1.5214E+02
   8.637275    -1.4714E+02
   8.689379    -1.4221E+02
   8.741483    -1.3736E+02
   8.793587    -1.3261E+02
   8.845691    -1.2796E+02
   8.897796    -1.2343E+02
   8.949900    -1.1901E+02
   9.002004    -1.1472E+02
   9.054108    -1.1055E+02
   9.106212    -1.0651E+02
   9.158317    -1.0259E+02
   9.210421    -9.8805E+01
   9.262525    -9.5145E+01
   9.314629    -9.1612E+01
   9.366733    -8.8203E+01
   9.418838    -8.4917E+01
   9.470942    -8.1751E+01
   9.523046    -7.8703E+01
   9.575150    -7.5770E+01
   9.627255    -7.2948E+01
   9.679359    -7.0236E+01
   9.731463    -6.7629E+01
   9.783567    -6.5124E+01
   9.835671    -6.2718E+01
   9.887776    -6.0408E+01
   9.939880    -5.8190E+01
   9.991984    -5.6061E+01
  10.044088    -5.4017E+01
  10.096192    -5.2056E+01
  10.148297    -5.0174E+01
  10.200401    -4.8368E+01
  10.252505    -4.6635E+01
  10.304609    -4.4972E+01
  10.356713    -4.3377E+01
  10.408818    -4.1846E+01
  10.460922    -4.0377E+01
  10.513026    -3.8967E+01
  10.565130    -3.7614E+01
  10.617234    -3.6315E+01
  10.669339    -3.5068E+01
  10.721443    -3.3871E+01
  10.773547    -3.2721E+01
  10.825651    -3.1617E+01
  10.877756    -3.0557E+01
  10.929860    -2.9538E+01
  10.981964    -2.8559E+01
  11.034068    -2.7619E+01
  11.086172    -2.6715E+01
  11.138277    -2.5846E+01
  11.190381    -2.5010E+01
  11.242485    -2.4206E+01
  11.294589    -2.3433E+01
  11.346693    -2.2689E+01
  11.398798    -2.1973E+01
  11.450902    -2.1284E+01
  11.503006    -2.0621E+01
  11.555110    -1.9982E+01
  11.607214    -1.9367E+01
  11.659319    -1.8774E+01
  11.711423    -1.8203E+01
  11.763527    -1.7653E+01
  11.815631    -1.7122E+01
  11.867735    -1.6610E+01
  11.919840    -1.6116E+01
  11.971944    -1.5640E+01
  12.024048    -1.5181E+01
  12.076152    -1.4738E+01
  12.128257    -1.4310E+01
  12.180361    -1.3896E+01
  12.232465    -1.3497E+01
  12.284569    -1.3112E+01
  12.336673    -1.2740E+01
  12.388778    -1.2380E+01
  12.440882    -1.2032E+01
  12.492986    -1.1696E+01
  12.545090    -1.1371E+01
  12.597194    -1.1056E+01
  12.649299    -1.0752E+01
  12.701403    -1.0458E+01
  12.753507    -1.0173E+01
  12.805611    -9.8978E+00
  12.857715    -9.6311E+00
  12.909820    -9.3729E+00
  12.961924    -9.1228E+00
  13.014028    -8.8806E+00
  13.066132    -8.6460E+00
  13.118236    -8.4187E+00
  13.170341    -8.1984E+00
  13.222445    -7.9849E+00
  13.274549    -7.7780E+00
  13.326653    -7.5774E+00
  13.378758    -7.3828E+00
  13.430862    -7.1941E+00
  13.482966    -7.0111E+00
  13.535070    -6.8335E+00
  13.587174    -6.6613E+00
  13.639279    -6.4941E+00
  13.691383    -6.3318E+00
  13.743487    -6.1743E+00
  13.795591    -6.0214E+00
  13.847695    -5.8729E+00
  13.899800    -5.7287E+00
  13.951904    -5.5887E+00
  14.004008    -5.4527E+00
  14.056112    -5.3205E+00
  14.108216    -5.1921E+00
  14.160321    -5.0673E+00
  14.212425    -4.9460E+00
  14.264529    -4.8281E+00
  14.316633    -4.7135E+00
  14.368737    -4.6021E+00
  14.420842    -4.4938E+00
  14.472946    -4.3884E+00
  14.525050    -4.2859E+00
  14.577154    -4.1862E+00
  14.629259    -4.0893E+00
  14.681363    -3.9949E+00
  14.733467    -3.9031E+00
  14.785571    -3.8138E+00
  14.837675    -3.7268E+00
  14.889780    -3.6422E+00
  14.941884    -3.5598E+00
  14.993988    -3.4795E+00
  15.046092    -3.4014E+00
  15.098196    -3.3253E+00
  15.150301    -3.2513E+00
  15.202405    -3.1791E+00
  15.254509    -3.1088E+00
  15.306613    -3.0403E+00
  15.358717    -2.9736E+00
  15.410822    -2.9086E+00
  15.462926    -2.8453E+00
  15.515030    -2.7835E+00
  15.567134    -2.7234E+00
  15.619238    -2.6647E+00
  15.671343    -2.6075E+00
  15.723447    -2.5518E+00
  15.775551    -2.4974E+00
  15.827655    -2.4444E+00
  15.879760    -2.3927E+00
  15.931864    -2.3423E+00
  15.983968    -2.2931E+00
  16.036072    -2.2451E+00
  16.088176    -2.1983E+00
  16.140281    -2.1526E+00
  16.192385    -2.1081E+00
  16.244489    -2.0646E+00
  16.296593    -2.0222E+00
  16.348697    -1.9807E+00
  16.400802    -1.9403E+00
  16.452906    -1.9009E+00
  16.505010    -1.8623E+00
  16.557114    -1.8247E+00
  16.609218    -1.7880E+00
  16.661323    -1.7521E+00
  16.713427    -1.7171E+00
  16.765531    -1.6829E+00
  16.817635    -1.6495E+00
  16.869739    -1.6168E+00
  16.921844    -1.5850E+00
  16.973948    -1.5538E+00
  17.026052    -1.5234E+00
  17.078156    -1.4936E+00
  17.130261    -1.4646E+00
  17.182365    -1.4362E+00
  17.234469    -1.4084E+00
  17.286573    -1.3813E+00
  17.338677    -1.3548E+00
  17.390782    -1.3289E+00
  17.442886    -1.3035E+00
  17.494990    -1.2788E+00
  17.547094    -1.2545E+00
  17.599198    -1.2308E+00
  17.651303    -1.2077E+00
  17.703407    -1.1850E+00
  17.755511    -1.1629E+00
  17.807615    -1.1412E+00
  17.859719    -1.1200E+00
  17.911824    -1.0992E+00
  17.963928    -1.0789E+00
  18.016032    -1.0591E+00
  18.068136    -1.0397E+00
  18.120240    -1.0207E+00
  18.172345    -1.0021E+00
  18.224449    -9.8385E-01
  18.276553    -9.6603E-01
  18.328657    -9.4859E-01
  18.380762    -9.3151E-01
  18.432866    -9.1480E-01
  18.484970    -8.9844E-01
  18.537074    -8.8242E-01
  18.589178    -8.6673E-01
  18.641283    -8.5137E-01
  18.693387    -8.3633E-01
  18.745491    -8.2161E-01
  18.797595    -8.0718E-01
  18.849699    -7.9305E-01
  18.901804    -7.7921E-01
  18.953908    -7.6566E-01
  19.006012    -7.5238E-01
  19.058116    -7.3937E-01
  19.110220    -7.2662E-01
  19.162325    -7.1413E-01
  19.214429    -7.0189E-01
  19.266533    -6.8990E-01
  19.318637    -6.7815E-01
  19.370741    -6.6663E-01
  19.422846    -6.5534E-01
  19.474950    -6.4428E-01
  19.527054    -6.3343E-01
  19.579158    -6.2280E-01
  19.631263    -6.1238E-01
  19.683367    -6.0216E-01
  19.735471    -5.9214E-01
  19.787575    -5.8232E-01
  19.839679    -5.7269E-01
  19.891784    -5.6324E-01
  19.943888    -5.5398E-01
  19.995992    -5.4489E-01
  20.048096    -5.3599E-01
  20.100200    -5.2725E-01
  20.152305    -5.1868E-01
  20.204409    -5.1027E-01
  20.256513    -5.0202E-01
  20.308617    -4.9393E-01
  20.360721    -4.8599E-01
  20.412826    -4.7820E-01
  20.464930    -4.7056E-01
  20.517034    -4.6306E-01
  20.569138    -4.5570E-01
  20.621242    -4.4848E-01
  20.673347    -4.4139E-01
  20.725451    -4.3443E-01
  20.777555    -4.2760E-01
  20.829659    -4.2090E-01
  20.881764    -4.1432E-01
  20.933868    -4.0786E-01
  20.985972    -4.0152E-01
  21.038076    -3.9530E-01
  21.090180    -3.8919E-01
  21.142285    -3.8319E-01
  21.194389    -3.7730E-01
  21.246493    -3.7151E-01
  21.298597    -3.6583E-01
  21.350701    -3.6025E-01
  21.402806    -3.5477E-01
  21.454910    -3.4939E-01
  21.507014    -3.4410E-01
  21.559118    -3.3891E-01
  21.611222    -3.3381E-01
  21.663327    -3.2880E-01
  21.715431    -3.2388E-01
  21.767535    -3.1904E-01
  21.819639    -3.1429E-01
  21.871743    -3.0962E-01
  21.923848    -3.0504E-01
  21.975952    -3.0053E-01
  22.028056    -2.9610E-01
  22.080160    -2.9175E-01
  22.132265    -2.8748E-01
  22.184369    -2.8327E-01
  22.236473    -2.7914E-01
  22.288577    -2.7508E-01
  22.340681    -2.7109E-01
  22.392786    -2.6717E-01
  22.444890    -2.6331E-01
  22.496994    -2.5952E-01
  22.549098    -2.5579E-01
  22.601202    -2.5213E-01
  22.653307    -2.4853E-01
  22.705411    -2.4499E-01
  22.757515    -2.4150E-01
  22.809619    -2.3808E-01
  22.861723    -2.3471E-01
  22.913828    -2.3140E-01
  22.965932    -2.2814E-01
  23.018036    -2.2494E-01
  23.070140    -2.2179E-01
  23.122244    -2.1869E-01
  23.174349    -2.1565E-01
  23.226453    -2.1265E-01
  23.278557    -2.0970E-01
  23.330661    -2.0680E-01
  23.382766    -2.0395E-01
  23.434870    -2.0114E-01
  23.486974    -1.9838E-01
  23.539078    -1.9566E-01
  23.591182    -1.9299E-01
  23.643287    -1.9036E-01
  23.695391    -1.8777E-01
  23.747495    -1.8522E-01
  23.799599    -1.8271E-01
  23.851703    -1.8025E-01
  23.903808    -1.7782E-01
  23.955912    -1.7543E-01
  24.008016    -1.7308E-01
  24.060120    -1.7076E-01
  24.112224    -1.6849E-01
  24.164329    -1.6624E-01
  24.216433    -1.6404E-01
  24.268537    -1.6186E-01
  24.320641    -1.5972E-01
  24.372745    -1.5762E-01
  24.424850    -1.5554E-01
  24.476954    -1.5350E-01
  24.529058    -1.5149E-01
  24.581162    -1.4951E-01
  24.633267    -1.4757E-01
  24.685371    -1.4565E-01
  24.737475    -1.4376E-01
  24.789579    -1.4190E-01
  24.841683    -1.4007E-01
  24.893788    -1.3826E-01
  24.945892    -1.3648E-01
  24.997996    -1.3473E-01
  25.050100    -1.3301E-01
  25.102204    -1.3131E-01
  25.154309    -1.2964E-01
  25.206413    -1.2799E-01
  25.258517    -1.2637E-01
  25.310621    -1.2477E-01
  25.362725    -1.2319E-01
  25.414830    -1.2164E-01
  25.466934    -1.2011E-01
  25.519038    -1.1861E-01
  25.571142    -1.1712E-01
  25.623246    -1.1566E-01
  25.675351    -1.1422E-01
  25.727455    -1.1280E-01
  25.779559    -1.1140E-01
  25.831663    -1.1003E-01
  25.883768    -1.0867E-01
  25.935872    -1.0733E-01
  25.987976    -1.0601E-01
  26.040080    -1.0471E-01
  26.092184    -1.0343E-01
  26.144289    -1.0216E-01
  26.196393    -1.0092E-01
  26.248497    -9.9692E-02
  26.300601    -9.8482E-02
  26.352705    -9.7290E-02
  26.404810    -9.6114E-02
  26.456914    -9.4956E-02
  26.509018    -9.3813E-02
  26.561122    -9.2687E-02
  26.613226    -9.1577E-02
  26.665331    -9.0482E-02
  26.717435    -8.9403E-02
  26.769539    -8.8339E-02
  26.821643    -8.7290E-02
  26.873747    -8.6255E-02
  26.925852    -8.5235E-02
  26.977956    -8.4229E-02
  27.030060    -8.3237E-02
  27.082164    -8.2258E-02
  27.134269    -8.1293E-02
  27.186373    -8.0342E-02
  27.238477    -7.9403E-02
  27.290581    -7.8478E-02
  27.342685    -7.7565E-02
  27.394790    -7.6665E-02
  27.446894    -7.5776E-02
  27.498998    -7.4900E-02
  27.551102    -7.4036E-02
  27.603206    -7.3184E-02
  27.655311    -7.2343E-02
  27.707415    -7.1513E-02
  27.759519    -7.0695E-02
  27.811623    -6.9888E-02
  27.863727    -6.9091E-02
  27.915832    -6.8305E-02
  27.967936    -6.7530E-02
  28.020040    -6.6765E-02
  28.072144    -6.6010E-02
  28.124248    -6.5265E-02
  28.176353    -6.4530E-02
  28.228457    -6.3805E-02
  28.280561    -6.3089E-02
  28.332665    -6.2383E-02
  28.384770    -6.1686E-02
  28.436874    -6.0999E-02
  28.488978    -6.0320E-02
  28.541082    -5.9650E-02
  28.593186    -5.8989E-02
  28.645291    -5.8336E-02
  28.697395    -5.7692E-02
  28.749499    -5.7056E-02
  28.801603    -5.6429E-02
  28.853707    -5.5810E-02
  28.905812    -5.5198E-02
  28.957916    -5.4595E-02
  29.010020    -5.3999E-02
  29.062124    -5.3411E-02
  29.114228    -5.2830E-02
  29.166333    -5.2257E-02
  29.218437    -5.1691E-02
  29.270541    -5.1133E-02
  29.322645    -5.0581E-02
  29.374749    -5.0036E-02
  29.426854    -4.9499E-02
  29.478958    -4.8968E-02
  29.531062    -4.8444E-02
  29.583166    -4.7926E-02
  29.635271    -4.7415E-02
  29.687375    -4.6910E-02
  29.739479    -4.6412E-02
  29.791583    -4.5919E-02
  29.843687    -4.5433E-02
  29.895792    -4.4953E-02
  29.947896    -4.4479E-02
  30.000000    -4.4011E-02
 169.17835671
   4.000000     2.4938E+05
   4.052104     2.2314E+05
   4.104208     1.9986E+05
   4.156313     1.7918E+05
   4.208417     1.6077E+05
   4.260521     1.4437E+05
   4.312625     1.2973E+05
   4.364729     1.1665E+05
   4.416834     1.0495E+05
   4.468938     9.4473E+04
   4.521042     8.5078E+04
   4.573146     7.6645E+04
   4.625251     6.9068E+04
   4.677355     6.2254E+04
   4.729459     5.6121E+04
   4.781563     5.0596E+04
   4.833667     4.5616E+04
   4.885772     4.1124E+04
   4.937876     3.7070E+04
   4.989980     3.3409E+04
   5.042084     3.0102E+04
   5.094188     2.7113E+04
   5.146293     2.4412E+04
   5.198397     2.1970E+04
   5.250501     1.9761E+04
   5.302605     1.7764E+04
   5.354709     1.5957E+04
   5.406814     1.4324E+04
   5.458918     1.2847E+04
   5.511022     1.1511E+04
   5.563126     1.0304E+04
   5.615230     9.2129E+03
   5.667335     8.2273E+03
   5.719439     7.3373E+03
   5.771543     6.5340E+03
   5.823647     5.8093E+03
   5.875752     5.1558E+03
   5.927856     4.5670E+03
   5.979960     4.0368E+03
   6.032064     3.5596E+03
   6.084168     3.1306E+03
   6.136273     2.7453E+03
   6.188377     2.3994E+03
   6.240481     2.0894E+03
   6.292585     1.8117E+03
   6.344689     1.5633E+03
   6.396794     1.3414E+03
   6.448898     1.1435E+03
   6.501002     9.6716E+02
   6.553106     8.1037E+02
   6.605210     6.7118E+02
   6.657315     5.4786E+02
   6.709419     4.3884E+02
   6.761523     3.4267E+02
   6.813627     2.5806E+02
   6.865731     1.8384E+02
   6.917836     1.1893E+02
   6.969940     6.2375E+01
   7.022044     1.3289E+01
   7.074148    -2.9117E+01
   7.126253    -6.5558E+01
   7.178357    -9.6684E+01
   7.230461    -1.2308E+02
   7.282565    -1.4527E+02
   7.334669    -1.6373E+02
   7.386774    -1.7888E+02
   7.438878    -1.9113E+02
   7.490982    -2.0080E+02
   7.543086    -2.0822E+02
   7.595190    -2.1366E+02
   7.647295    -2.1737E+02
   7.699399    -2.1958E+02
   7.751503    -2.2048E+02
   7.803607    -2.2026E+02
   7.855711    -2.1908E+02
   7.907816    -2.1707E+02
   7.959920    -2.1436E+02
   8.012024    -2.1107E+02
   8.064128    -2.0729E+02
   8.116232    -2.0311E+02
   8.168337    -1.9861E+02
   8.220441    -1.9386E+02
   8.272545    -1.8891E+02
   8.324649    -1.8382E+02
   8.376754    -1.7864E+02
   8.428858    -1.7339E+02
   8.480962    -1.6812E+02
   8.533066    -1.6286E+02
   8.585170    -1.5763E+02
   8.637275    -1.5245E+02
   8.689379    -1.4733E+02
   8.741483    -1.4231E+02
   8.793587    -1.3738E+02
   8.845691    -1.3255E+02
   8.897796    -1.2784E+02
   8.949900    -1.2325E+02
   9.002004    -1.1879E+02
   9.054108    -1.1446E+02
   9.106212    -1.1026E+02
   9.158317    -1.0619E+02
   9.210421    -1.0225E+02
   9.262525    -9.8446E+01
   9.314629    -9.4773E+01
   9.366733    -9.1230E+01
   9.418838    -8.7815E+01
   9.470942    -8.4526E+01
   9.523046    -8.1359E+01
   9.575150    -7.8312E+01
   9.627255    -7.5382E+01
   9.679359    -7.2565E+01
   9.731463    -6.9858E+01
   9.783567    -6.7258E+01
   9.835671    -6.4761E+01
   9.887776    -6.2363E+01
   9.939880    -6.0062E+01
   9.991984    -5.7853E+01
  10.044088    -5.5733E+01
  10.096192    -5.3699E+01
  10.148297    -5.1748E+01
  10.200401    -4.9876E+01
  10.252505    -4.8080E+01
  10.304609    -4.6357E+01
  10.356713    -4.4704E+01
  10.408818    -4.3118E+01
  10.460922    -4.1597E+01
  10.513026    -4.0137E+01
  10.565130    -3.8736E+01
  10.617234    -3.7391E+01
  10.669339    -3.6101E+01
  10.721443    -3.4862E+01
  10.773547    -3.3673E+01
  10.825651    -3.2531E+01
  10.877756    -3.1434E+01
  10.929860    -3.0381E+01
  10.981964    -2.9369E+01
  11.034068    -2.8397E+01
  11.086172    -2.7463E+01
  11.138277    -2.6564E+01
  11.190381    -2.5701E+01
  11.242485    -2.4871E+01
  11.294589    -2.4072E+01
  11.346693    -2.3304E+01
  11.398798    -2.2565E+01
  11.450902    -2.1854E+01
  11.503006    -2.1169E+01
  11.555110    -2.0510E+01
  11.607214    -1.9875E+01
  11.659319    -1.9263E+01
  11.711423    -1.8674E+01
  11.763527    -1.8106E+01
  11.815631    -1.7559E+01
  11.867735    -1.7031E+01
  11.919840    -1.6523E+01
  11.971944    -1.6032E+01
  12.024048    -1.5559E+01
  12.076152    -1.5102E+01
  12.128257    -1.4661E+01
  12.180361    -1.4235E+01
  12.232465    -1.3824E+01
  12.284569    -1.3427E+01
  12.336673    -1.3044E+01
  12.388778    -1.2674E+01
  12.440882    -1.2316E+01
  12.492986    -1.1970E+01
  12.545090    -1.1635E+01
  12.597194    -1.1312E+01
  12.649299    -1.0999E+01
  12.701403    -1.0697E+01
  12.753507    -1.0404E+01
  12.805611    -1.0121E+01
  12.857715    -9.8464E+00
  12.909820    -9.5811E+00
  12.961924    -9.3241E+00
  13.014028    -9.0753E+00
  13.066132    -8.8343E+00
  13.118236    -8.6009E+00
  13.170341    -8.3747E+00
  13.222445    -8.1556E+00
  13.274549    -7.9431E+00
  13.326653    -7.7372E+00
  13.378758    -7.5376E+00
  13.430862    -7.3440E+00
  13.482966    -7.1563E+00
  13.535070    -6.9742E+00
  13.587174    -6.7975E+00
  13.639279    -6.6261E+00
  13.691383    -6.4598E+00
  13.743487    -6.2983E+00
  13.795591    -6.1416E+00
  13.847695    -5.9895E+00
  13.899800    -5.8418E+00
  13.951904    -5.6984E+00
  14.004008    -5.5591E+00
  14.056112    -5.4237E+00
  14.108216    -5.2923E+00
  14.160321    -5.1645E+00
  14.212425    -5.0404E+00
  14.264529    -4.9198E+00
  14.316633    -4.8025E+00
  14.368737    -4.6885E+00
  14.420842    -4.5777E+00
  14.472946    -4.4700E+00
  14.525050    -4.3652E+00
  14.577154    -4.2633E+00
  14.629259    -4.1641E+00
  14.681363    -4.0677E+00
  14.733467    -3.9739E+00
  14.785571    -3.8826E+00
  14.837675    -3.7938E+00
  14.889780    -3.7073E+00
  14.941884    -3.6231E+00
  14.993988    -3.5412E+00
  15.046092    -3.4614E+00
  15.098196    -3.3838E+00
  15.150301    -3.3081E+00
  15.202405    -3.2345E+00
  15.254509    -3.1627E+00
  15.306613    -3.0929E+00
  15.358717    -3.0248E+00
  15.410822    -2.9585E+00
  15.462926    -2.8939E+00
  15.515030    -2.8309E+00
  15.567134    -2.7695E+00
  15.619238    -2.7097E+00
  15.671343    -2.6514E+00
  15.723447    -2.5945E+00
  15.775551    -2.5391E+00
  15.827655    -2.4851E+00
  15.879760    -2.4324E+00
  15.931864    -2.3810E+00
  15.983968    -2.3309E+00
  16.036072    -2.2820E+00
  16.088176    -2.2343E+00
  16.140281    -2.1878E+00
  16.192385    -2.1424E+00
  16.244489    -2.0981E+00
  16.296593    -2.0549E+00
  16.348697    -2.0127E+00
  16.400802    -1.9716E+00
  16.452906    -1.9314E+00
  16.505010    -1.8922E+00
  16.557114    -1.8539E+00
  16.609218    -1.8165E+00
  16.661323    -1.7800E+00
  16.713427    -1.7443E+00
  16.765531    -1.7095E+00
  16.817635    -1.6755E+00
  16.869739    -1.6423E+00
  16.921844    -1.6099E+00
  16.973948    -1.5782E+00
  17.026052    -1.5472E+00
  17.078156    -1.5170E+00
  17.130261    -1.4874E+00
  17.182365    -1.4585E+00
  17.234469    -1.4303E+00
  17.286573    -1.4027E+00
  17.338677    -1.3757E+00
  17.390782    -1.3494E+00
  17.442886    -1.3236E+00
  17.494990    -1.2984E+00
  17.547094    -1.2738E+00
  17.599198    -1.2497E+00
  17.651303    -1.2262E+00
  17.703407    -1.2031E+00
  17.755511    -1.1806E+00
  17.807615    -1.1586E+00
  17.859719    -1.1370E+00
  17.911824    -1.1159E+00
  17.963928    -1.0953E+00
  18.016032    -1.0751E+00
  18.068136    -1.0554E+00
  18.120240    -1.0361E+00
  18.172345    -1.0172E+00
  18.224449    -9.9866E-01
  18.276553    -9.8056E-01
  18.328657    -9.6283E-01
  18.380762    -9.4549E-01
  18.432866    -9.2851E-01
  18.484970    -9.1188E-01
  18.537074    -8.9561E-01
  18.589178    -8.7967E-01
  18.641283    -8.6407E-01
  18.693387    -8.4879E-01
  18.745491    -8.3383E-01
  18.797595    -8.1918E-01
  18.849699    -8.0483E-01
  18.901804    -7.9077E-01
  18.953908    -7.7700E-01
  19.006012    -7.6351E-01
  19.058116    -7.5030E-01
  19.110220    -7.3735E-01
  19.162325    -7.2467E-01
  19.214429    -7.1224E-01
  19.266533    -7.0006E-01
  19.318637    -6.8813E-01
  19.370741    -6.7643E-01
  19.422846    -6.6497E-01
  19.474950    -6.5373E-01
  19.527054    -6.4272E-01
  19.579158    -6.3193E-01
  19.631263    -6.2134E-01
  19.683367    -6.1097E-01
  19.735471    -6.0080E-01
  19.787575    -5.9082E-01
  19.839679    -5.8104E-01
  19.891784    -5.7145E-01
  19.943888    -5.6205E-01
  19.995992    -5.5283E-01
  20.048096    -5.4378E-01
  20.100200    -5.3491E-01
  20.152305    -5.2621E-01
  20.204409    -5.1767E-01
  20.256513    -5.0930E-01
  20.308617    -5.0109E-01
  20.360721    -4.9303E-01
  20.412826    -4.8512E-01
  20.464930    -4.7736E-01
  20.517034    -4.6975E-01
  20.569138    -4.6228E-01
  20.621242    -4.5495E-01
  20.673347    -4.4775E-01
  20.725451    -4.4069E-01
  20.777555    -4.3376E-01
  20.829659    -4.2696E-01
  20.881764    -4.2028E-01
  20.933868    -4.1372E-01
  20.985972    -4.0729E-01
  21.038076    -4.0097E-01
  21.090180    -3.9477E-01
  21.142285    -3.8868E-01
  21.194389    -3.8270E-01
  21.246493    -3.7682E-01
  21.298597    -3.7106E-01
  21.350701    -3.6539E-01
  21.402806    -3.5983E-01
  21.454910    -3.5437E-01
  21.507014    -3.4901E-01
  21.559118    -3.4374E-01
  21.611222    -3.3856E-01
  21.663327    -3.3348E-01
  21.715431    -3.2848E-01
  21.767535    -3.2357E-01
  21.819639    -3.1875E-01
  21.871743    -3.1401E-01
  21.923848    -3.0936E-01
  21.975952    -3.0479E-01
  22.028056    -3.0029E-01
  22.080160    -2.9588E-01
  22.132265    -2.9154E-01
  22.184369    -2.8727E-01
  22.236473    -2.8308E-01
  22.288577    -2.7896E-01
  22.340681    -2.7491E-01
  22.392786    -2.7093E-01
  22.444890    -2.6701E-01
  22.496994    -2.6317E-01
  22.549098    -2.5938E-01
  22.601202    -2.5567E-01
  22.653307    -2.5201E-01
  22.705411    -2.4842E-01
  22.757515    -2.4488E-01
  22.809619    -2.4141E-01
  22.861723    -2.3799E-01
  22.913828    -2.3463E-01
  22.965932    -2.3132E-01
  23.018036    -2.2807E-01
  23.070140    -2.2488E-01
  23.122244    -2.2173E-01
  23.174349    -2.1864E-01
  23.226453    -2.1560E-01
  23.278557    -2.1261E-01
  23.330661    -2.0966E-01
  23.382766    -2.0677E-01
  23.434870    -2.0392E-01
  23.486974    -2.0112E-01
  23.539078    -1.9836E-01
  23.591182    -1.9565E-01
  23.643287    -1.9298E-01
  23.695391    -1.9035E-01
  23.747495    -1.8777E-01
  23.799599    -1.8522E-01
  23.851703    -1.8272E-01
  23.903808    -1.8026E-01
  23.955912    -1.7783E-01
  24.008016    -1.7544E-01
  24.060120    -1.7310E-01
  24.112224    -1.7078E-01
  24.164329    -1.6851E-01
  24.216433    -1.6627E-01
  24.268537    -1.6406E-01
  24.320641    -1.6189E-01
  24.372745    -1.5976E-01
  24.424850    -1.5765E-01
  24.476954    -1.5558E-01
  24.529058    -1.5354E-01
  24.581162    -1.5154E-01
  24.633267    -1.4956E-01
  24.685371    -1.4761E-01
  24.737475    -1.4569E-01
  24.789579    -1.4381E-01
  24.841683    -1.4195E-01
  24.893788    -1.4012E-01
  24.945892    -1.3831E-01
  24.997996    -1.3654E-01
  25.050100    -1.3479E-01
  25.102204    -1.3307E-01
  25.154309    -1.3137E-01
  25.206413    -1.2970E-01
  25.258517    -1.2805E-01
  25.310621    -1.2643E-01
  25.362725    -1.2483E-01
  25.414830    -1.2326E-01
  25.466934    -1.2171E-01
  25.519038    -1.2018E-01
  25.571142    -1.1867E-01
  25.623246    -1.1719E-01
  25.675351    -1.1573E-01
  25.727455    -1.1429E-01
  25.779559    -1.1287E-01
  25.831663    -1.1147E-01
  25.883768    -1.1009E-01
  25.935872    -1.0873E-01
  25.987976    -1.0739E-01
  26.040080    -1.0608E-01
  26.092184    -1.0477E-01
  26.144289    -1.0349E-01
  26.196393    -1.0223E-01
  26.248497    -1.0099E-01
  26.300601    -9.9758E-02
  26.352705    -9.8549E-02
  26.404810    -9.7356E-02
  26.456914    -9.6181E-02
  26.509018    -9.5022E-02
  26.561122    -9.3880E-02
  26.613226    -9.2753E-02
  26.665331    -9.1643E-02
  26.717435    -9.0548E-02
  26.769539    -8.9469E-02
  26.821643    -8.8404E-02
  26.873747    -8.7355E-02
  26.925852    -8.6320E-02
  26.977956    -8.5299E-02
  27.030060    -8.4293E-02
  27.082164    -8.3300E-02
  27.134269    -8.2322E-02
  27.186373    -8.1357E-02
  27.238477    -8.0405E-02
  27.290581    -7.9466E-02
  27.342685    -7.8540E-02
  27.394790    -7.7627E-02
  27.446894    -7.6726E-02
  27.498998    -7.5837E-02
  27.551102    -7.4961E-02
  27.603206    -7.4096E-02
  27.655311    -7.3243E-02
  27.707415    -7.2402E-02
  27.759519    -7.1572E-02
  27.811623    -7.0753E-02
  27.863727    -6.9945E-02
  27.915832    -6.9148E-02
  27.967936    -6.8361E-02
  28.020040    -6.7586E-02
  28.072144    -6.6820E-02
  28.124248    -6.6065E-02
  28.176353    -6.5319E-02
  28.228457    -6.4584E-02
  28.280561    -6.3858E-02
  28.332665    -6.3142E-02
  28.384770    -6.2435E-02
  28.436874    -6.1737E-02
  28.488978    -6.1049E-02
  28.541082    -6.0370E-02
  28.593186    -5.9699E-02
  28.645291    -5.9038E-02
  28.697395    -5.8384E-02
  28.749499    -5.7740E-02
  28.801603    -5.7104E-02
  28.853707    -5.6475E-02
  28.905812    -5.5855E-02
  28.957916    -5.5244E-02
  29.010020    -5.4639E-02
  29.062124    -5.4043E-02
  29.114228    -5.3454E-02
  29.166333    -5.2873E-02
  29.218437    -5.2299E-02
  29.270541    -5.1733E-02
  29.322645    -5.1174E-02
  29.374749    -5.0621E-02
  29.426854    -5.0076E-02
  29.478958    -4.9538E-02
  29.531062    -4.9006E-02
  29.583166    -4.8482E-02
  29.635271    -4.7963E-02
  29.687375    -4.7452E-02
  29.739479    -4.6946E-02
  29.791583    -4.6447E-02
  29.843687    -4.5955E-02
  29.895792    -4.5468E-02
  29.947896    -4.4987E-02
  30.000000    -4.4513E-02
 172.78557114
   4.000000     2.9635E+05
   4.052104     2.6306E+05
   4.104208     2.3381E+05
   4.156313     2.0808E+05
   4.208417     1.8541E+05
   4.260521     1.6541E+05
   4.312625     1.4772E+05
   4.364729     1.3206E+05
   4.416834     1.1817E+05
   4.468938     1.0584E+05
   4.521042     9.4870E+04
   4.573146     8.5099E+04
   4.625251     7.6383E+04
   4.677355     6.8598E+04
   4.729459     6.1635E+04
   4.781563     5.5400E+04
   4.833667     4.9810E+04
   4.885772     4.4794E+04
   4.937876     4.0288E+04
   4.989980     3.6237E+04
   5.042084     3.2592E+04
   5.094188     2.9310E+04
   5.146293     2.6353E+04
   5.198397     2.3687E+04
   5.250501     2.1283E+04
   5.302605     1.9114E+04
   5.354709     1.7156E+04
   5.406814     1.5389E+04
   5.458918     1.3794E+04
   5.511022     1.2354E+04
   5.563126     1.1054E+04
   5.615230     9.8812E+03
   5.667335     8.8224E+03
   5.719439     7.8671E+03
   5.771543     7.0055E+03
   5.823647     6.2286E+03
   5.875752     5.5286E+03
   5.927856     4.8981E+03
   5.979960     4.3306E+03
   6.032064     3.8201E+03
   6.084168     3.3613E+03
   6.136273     2.9492E+03
   6.188377     2.5795E+03
   6.240481     2.2480E+03
   6.292585     1.9512E+03
   6.344689     1.6858E+03
   6.396794     1.4487E+03
   6.448898     1.2371E+03
   6.501002     1.0487E+03
   6.553106     8.8111E+02
   6.605210     7.3234E+02
   6.657315     6.0052E+02
   6.709419     4.8395E+02
   6.761523     3.8112E+02
   6.813627     2.9062E+02
   6.865731     2.1120E+02
   6.917836     1.4171E+02
   6.969940     8.1139E+01
   7.022044     2.8535E+01
   7.074148    -1.6945E+01
   7.126253    -5.6065E+01
   7.178357    -8.9517E+01
   7.230461    -1.1792E+02
   7.282565    -1.4185E+02
   7.334669    -1.6180E+02
   7.386774    -1.7823E+02
   7.438878    -1.9156E+02
   7.490982    -2.0214E+02
   7.543086    -2.1033E+02
   7.595190    -2.1640E+02
   7.647295    -2.2063E+02
   7.699399    -2.2326E+02
   7.751503    -2.2450E+02
   7.803607    -2.2454E+02
   7.855711    -2.2355E+02
   7.907816    -2.2168E+02
   7.959920    -2.1907E+02
   8.012024    -2.1583E+02
   8.064128    -2.1207E+02
   8.116232    -2.0788E+02
   8.168337    -2.0335E+02
   8.220441    -1.9854E+02
   8.272545    -1.9352E+02
   8.324649    -1.8834E+02
   8.376754    -1.8306E+02
   8.428858    -1.7771E+02
   8.480962    -1.7233E+02
   8.533066    -1.6695E+02
   8.585170    -1.6159E+02
   8.637275    -1.5629E+02
   8.689379    -1.5105E+02
   8.741483    -1.4590E+02
   8.793587    -1.4085E+02
   8.845691    -1.3590E+02
   8.897796    -1.3108E+02
   8.949900    -1.2637E+02
   9.002004    -1.2179E+02
   9.054108    -1.1735E+02
   9.106212    -1.1304E+02
   9.158317    -1.0886E+02
   9.210421    -1.0482E+02
   9.262525    -1.0092E+02
   9.314629    -9.7148E+01
   9.366733    -9.3512E+01
   9.418838    -9.0007E+01
   9.470942    -8.6631E+01
   9.523046    -8.3381E+01
   9.575150    -8.0254E+01
   9.627255    -7.7246E+01
   9.679359    -7.4355E+01
   9.731463    -7.1576E+01
   9.783567    -6.8907E+01
   9.835671    -6.6344E+01
   9.887776    -6.3883E+01
   9.939880    -6.1521E+01
   9.991984    -5.9253E+01
  10.044088    -5.7078E+01
  10.096192    -5.4990E+01
  10.148297    -5.2987E+01
  10.200401    -5.1065E+01
  10.252505    -4.9221E+01
  10.304609    -4.7452E+01
  10.356713    -4.5755E+01
  10.408818    -4.4127E+01
  10.460922    -4.2565E+01
  10.513026    -4.1067E+01
  10.565130    -3.9628E+01
  10.617234    -3.8248E+01
  10.669339    -3.6923E+01
  10.721443    -3.5652E+01
  10.773547    -3.4431E+01
  10.825651    -3.3259E+01
  10.877756    -3.2133E+01
  10.929860    -3.1052E+01
  10.981964    -3.0013E+01
  11.034068    -2.9015E+01
  11.086172    -2.8056E+01
  11.138277    -2.7135E+01
  11.190381    -2.6248E+01
  11.242485    -2.5396E+01
  11.294589    -2.4577E+01
  11.346693    -2.3789E+01
  11.398798    -2.3031E+01
  11.450902    -2.2301E+01
  11.503006    -2.1598E+01
  11.555110    -2.0922E+01
  11.607214    -2.0271E+01
  11.659319    -1.9644E+01
  11.711423    -1.9040E+01
  11.763527    -1.8458E+01
  11.815631    -1.7897E+01
  11.867735    -1.7356E+01
  11.919840    -1.6834E+01
  11.971944    -1.6331E+01
  12.024048    -1.5846E+01
  12.076152    -1.5378E+01
  12.128257    -1.4927E+01
  12.180361    -1.4491E+01
  12.232465    -1.4070E+01
  12.284569    -1.3664E+01
  12.336673    -1.3271E+01
  12.388778    -1.2892E+01
  12.440882    -1.2526E+01
  12.492986    -1.2172E+01
  12.545090    -1.1830E+01
  12.597194    -1.1499E+01
  12.649299    -1.1180E+01
  12.701403    -1.0870E+01
  12.753507    -1.0571E+01
  12.805611    -1.0282E+01
  12.857715    -1.0002E+01
  12.909820    -9.7307E+00
  12.961924    -9.4683E+00
  13.014028    -9.2143E+00
  13.066132    -8.9684E+00
  13.118236    -8.7301E+00
  13.170341    -8.4994E+00
  13.222445    -8.2758E+00
  13.274549    -8.0591E+00
  13.326653    -7.8492E+00
  13.378758    -7.6457E+00
  13.430862    -7.4484E+00
  13.482966    -7.2571E+00
  13.535070    -7.0715E+00
  13.587174    -6.8916E+00
  13.639279    -6.7171E+00
  13.691383    -6.5477E+00
  13.743487    -6.3834E+00
  13.795591    -6.2239E+00
  13.847695    -6.0691E+00
  13.899800    -5.9188E+00
  13.951904    -5.7729E+00
  14.004008    -5.6312E+00
  14.056112    -5.4936E+00
  14.108216    -5.3600E+00
  14.160321    -5.2302E+00
  14.212425    -5.1040E+00
  14.264529    -4.9815E+00
  14.316633    -4.8624E+00
  14.368737    -4.7466E+00
  14.420842    -4.6341E+00
  14.472946    -4.5247E+00
  14.525050    -4.4183E+00
  14.577154    -4.3148E+00
  14.629259    -4.2142E+00
  14.681363    -4.1164E+00
  14.733467    -4.0212E+00
  14.785571    -3.9286E+00
  14.837675    -3.8385E+00
  14.889780    -3.7508E+00
  14.941884    -3.6655E+00
  14.993988    -3.5824E+00
  15.046092    -3.5016E+00
  15.098196    -3.4228E+00
  15.150301    -3.3462E+00
  15.202405    -3.2716E+00
  15.254509    -3.1989E+00
  15.306613    -3.1281E+00
  15.358717    -3.0592E+00
  15.410822    -2.9920E+00
  15.462926    -2.9265E+00
  15.515030    -2.8628E+00
  15.567134    -2.8006E+00
  15.619238    -2.7401E+00
  15.671343    -2.6811E+00
  15.723447    -2.6235E+00
  15.775551    -2.5674E+00
  15.827655    -2.5127E+00
  15.879760    -2.4594E+00
  15.931864    -2.4074E+00
  15.983968    -2.3567E+00
  16.036072    -2.3073E+00
  16.088176    -2.2590E+00
  16.140281    -2.2120E+00
  16.192385    -2.1661E+00
  16.244489    -2.1213E+00
  16.296593    -2.0776E+00
  16.348697    -2.0349E+00
  16.400802    -1.9933E+00
  16.452906    -1.9526E+00
  16.505010    -1.9130E+00
  16.557114    -1.8743E+00
  16.609218    -1.8365E+00
  16.661323    -1.7996E+00
  16.713427    -1.7635E+00
  16.765531    -1.7283E+00
  16.817635    -1.6940E+00
  16.869739    -1.6604E+00
  16.921844    -1.6276E+00
  16.973948    -1.5956E+00
  17.026052    -1.5643E+00
  17.078156    -1.5337E+00
  17.130261    -1.5038E+00
  17.182365    -1.4746E+00
  17.234469    -1.4461E+00
  17.286573    -1.4182E+00
  17.338677    -1.3910E+00
  17.390782    -1.3643E+00
  17.442886    -1.3383E+00
  17.494990    -1.3128E+00
  17.547094    -1.2880E+00
  17.599198    -1.2636E+00
  17.651303    -1.2398E+00
  17.703407    -1.2165E+00
  17.755511    -1.1938E+00
  17.807615    -1.1715E+00
  17.859719    -1.1497E+00
  17.911824    -1.1284E+00
  17.963928    -1.1076E+00
  18.016032    -1.0872E+00
  18.068136    -1.0673E+00
  18.120240    -1.0477E+00
  18.172345    -1.0286E+00
  18.224449    -1.0099E+00
  18.276553    -9.9164E-01
  18.328657    -9.7374E-01
  18.380762    -9.5621E-01
  18.432866    -9.3905E-01
  18.484970    -9.2225E-01
  18.537074    -9.0580E-01
  18.589178    -8.8970E-01
  18.641283    -8.7393E-01
  18.693387    -8.5849E-01
  18.745491    -8.4337E-01
  18.797595    -8.2856E-01
  18.849699    -8.1406E-01
  18.901804    -7.9985E-01
  18.953908    -7.8594E-01
  19.006012    -7.7231E-01
  19.058116    -7.5895E-01
  19.110220    -7.4587E-01
  19.162325    -7.3305E-01
  19.214429    -7.2049E-01
  19.266533    -7.0818E-01
  19.318637    -6.9611E-01
  19.370741    -6.8429E-01
  19.422846    -6.7270E-01
  19.474950    -6.6135E-01
  19.527054    -6.5021E-01
  19.579158    -6.3930E-01
  19.631263    -6.2860E-01
  19.683367    -6.1811E-01
  19.735471    -6.0783E-01
  19.787575    -5.9775E-01
  19.839679    -5.8786E-01
  19.891784    -5.7817E-01
  19.943888    -5.6866E-01
  19.995992    -5.5933E-01
  20.048096    -5.5019E-01
  20.100200    -5.4122E-01
  20.152305    -5.3242E-01
  20.204409    -5.2379E-01
  20.256513    -5.1532E-01
  20.308617    -5.0701E-01
  20.360721    -4.9886E-01
  20.412826    -4.9087E-01
  20.464930    -4.8302E-01
  20.517034    -4.7532E-01
  20.569138    -4.6776E-01
  20.621242    -4.6035E-01
  20.673347    -4.5307E-01
  20.725451    -4.4593E-01
  20.777555    -4.3892E-01
  20.829659    -4.3204E-01
  20.881764    -4.2528E-01
  20.933868    -4.1865E-01
  20.985972    -4.1214E-01
  21.038076    -4.0575E-01
  21.090180    -3.9948E-01
  21.142285    -3.9332E-01
  21.194389    -3.8727E-01
  21.246493    -3.8132E-01
  21.298597    -3.7549E-01
  21.350701    -3.6976E-01
  21.402806    -3.6413E-01
  21.454910    -3.5861E-01
  21.507014    -3.5318E-01
  21.559118    -3.4785E-01
  21.611222    -3.4261E-01
  21.663327    -3.3746E-01
  21.715431    -3.3241E-01
  21.767535    -3.2744E-01
  21.819639    -3.2256E-01
  21.871743    -3.1777E-01
  21.923848    -3.1306E-01
  21.975952    -3.0843E-01
  22.028056    -3.0388E-01
  22.080160    -2.9941E-01
  22.132265    -2.9502E-01
  22.184369    -2.9070E-01
  22.236473    -2.8646E-01
  22.288577    -2.8228E-01
  22.340681    -2.7818E-01
  22.392786    -2.7416E-01
  22.444890    -2.7019E-01
  22.496994    -2.6630E-01
  22.549098    -2.6247E-01
  22.601202    -2.5871E-01
  22.653307    -2.5501E-01
  22.705411    -2.5137E-01
  22.757515    -2.4779E-01
  22.809619    -2.4427E-01
  22.861723    -2.4081E-01
  22.913828    -2.3741E-01
  22.965932    -2.3406E-01
  23.018036    -2.3077E-01
  23.070140    -2.2753E-01
  23.122244    -2.2435E-01
  23.174349    -2.2122E-01
  23.226453    -2.1814E-01
  23.278557    -2.1511E-01
  23.330661    -2.1213E-01
  23.382766    -2.0920E-01
  23.434870    -2.0631E-01
  23.486974    -2.0347E-01
  23.539078    -2.0068E-01
  23.591182    -1.9793E-01
  23.643287    -1.9523E-01
  23.695391    -1.9257E-01
  23.747495    -1.8995E-01
  23.799599    -1.8738E-01
  23.851703    -1.8484E-01
  23.903808    -1.8235E-01
  23.955912    -1.7989E-01
  24.008016    -1.7747E-01
  24.060120    -1.7510E-01
  24.112224    -1.7275E-01
  24.164329    -1.7045E-01
  24.216433    -1.6818E-01
  24.268537    -1.6595E-01
  24.320641    -1.6375E-01
  24.372745    -1.6158E-01
  24.424850    -1.5945E-01
  24.476954    -1.5736E-01
  24.529058    -1.5529E-01
  24.581162    -1.5326E-01
  24.633267    -1.5125E-01
  24.685371    -1.4928E-01
  24.737475    -1.4734E-01
  24.789579    -1.4543E-01
  24.841683    -1.4354E-01
  24.893788    -1.4169E-01
  24.945892    -1.3986E-01
  24.997996    -1.3806E-01
  25.050100    -1.3629E-01
  25.102204    -1.3455E-01
  25.154309    -1.3283E-01
  25.206413    -1.3113E-01
  25.258517    -1.2946E-01
  25.310621    -1.2782E-01
  25.362725    -1.2620E-01
  25.414830    -1.2461E-01
  25.466934    -1.2304E-01
  25.519038    -1.2149E-01
  25.571142    -1.1996E-01
  25.623246    -1.1846E-01
  25.675351    -1.1698E-01
  25.727455    -1.1552E-01
  25.779559    -1.1408E-01
  25.831663    -1.1267E-01
  25.883768    -1.1127E-01
  25.935872    -1.0989E-01
  25.987976    -1.0854E-01
  26.040080    -1.0720E-01
  26.092184    -1.0588E-01
  26.144289    -1.0459E-01
  26.196393    -1.0331E-01
  26.248497    -1.0204E-01
  26.300601    -1.0080E-01
  26.352705    -9.9576E-02
  26.404810    -9.8368E-02
  26.456914    -9.7177E-02
  26.509018    -9.6003E-02
  26.561122    -9.4846E-02
  26.613226    -9.3705E-02
  26.665331    -9.2580E-02
  26.717435    -9.1471E-02
  26.769539    -9.0377E-02
  26.821643    -8.9299E-02
  26.873747    -8.8235E-02
  26.925852    -8.7187E-02
  26.977956    -8.6153E-02
  27.030060    -8.5134E-02
  27.082164    -8.4128E-02
  27.134269    -8.3137E-02
  27.186373    -8.2159E-02
  27.238477    -8.1195E-02
  27.290581    -8.0244E-02
  27.342685    -7.9306E-02
  27.394790    -7.8381E-02
  27.446894    -7.7468E-02
  27.498998    -7.6568E-02
  27.551102    -7.5680E-02
  27.603206    -7.4804E-02
  27.655311    -7.3940E-02
  27.707415    -7.3088E-02
  27.759519    -7.2247E-02
  27.811623    -7.1418E-02
  27.863727    -7.0599E-02
  27.915832    -6.9792E-02
  27.967936    -6.8996E-02
  28.020040    -6.8210E-02
  28.072144    -6.7434E-02
  28.124248    -6.6669E-02
  28.176353    -6.5914E-02
  28.228457    -6.5169E-02
  28.280561    -6.4434E-02
  28.332665    -6.3709E-02
  28.384770    -6.2993E-02
  28.436874    -6.2287E-02
  28.488978    -6.1590E-02
  28.541082    -6.0902E-02
  28.593186    -6.0223E-02
  28.645291    -5.9553E-02
  28.697395    -5.8891E-02
  28.749499    -5.8238E-02
  28.801603    -5.7594E-02
  28.853707    -5.6958E-02
  28.905812    -5.6330E-02
  28.957916    -5.5711E-02
  29.010020    -5.5099E-02
  29.062124    -5.4495E-02
  29.114228    -5.3899E-02
  29.166333    -5.3311E-02
  29.218437    -5.2730E-02
  29.270541    -5.2156E-02
  29.322645    -5.1590E-02
  29.374749    -5.1031E-02
  29.426854    -5.0479E-02
  29.478958    -4.9934E-02
  29.531062    -4.9396E-02
  29.583166    -4.8865E-02
  29.635271    -4.8340E-02
  29.687375    -4.7822E-02
  29.739479    -4.7310E-02
  29.791583    -4.6805E-02
  29.843687    -4.6307E-02
  29.895792    -4.5814E-02
  29.947896    -4.5328E-02
  30.000000    -4.4847E-02
 176.39278557
   4.000000     3.3228E+05
   4.052104     2.9333E+05
   4.104208     2.5934E+05
   4.156313     2.2964E+05
   4.208417     2.0363E+05
   4.260521     1.8083E+05
   4.312625     1.6079E+05
   4.364729     1.4316E+05
   4.416834     1.2763E+05
   4.468938     1.1390E+05
   4.521042     1.0176E+05
   4.573146     9.1009E+04
   4.625251     8.1462E+04
   4.677355     7.2974E+04
   4.729459     6.5417E+04
   4.781563     5.8677E+04
   4.833667     5.2658E+04
   4.885772     4.7275E+04
   4.937876     4.2456E+04
   4.989980     3.8136E+04
   5.042084     3.4259E+04
   5.094188     3.0777E+04
   5.146293     2.7646E+04
   5.198397     2.4830E+04
   5.250501     2.2294E+04
   5.302605     2.0010E+04
   5.354709     1.7952E+04
   5.406814     1.6096E+04
   5.458918     1.4422E+04
   5.511022     1.2913E+04
   5.563126     1.1552E+04
   5.615230     1.0324E+04
   5.667335     9.2164E+03
   5.719439     8.2178E+03
   5.771543     7.3174E+03
   5.823647     6.5061E+03
   5.875752     5.7751E+03
   5.927856     5.1170E+03
   5.979960     4.5247E+03
   6.032064     3.9921E+03
   6.084168     3.5134E+03
   6.136273     3.0836E+03
   6.188377     2.6979E+03
   6.240481     2.3523E+03
   6.292585     2.0428E+03
   6.344689     1.7661E+03
   6.396794     1.5189E+03
   6.448898     1.2984E+03
   6.501002     1.1019E+03
   6.553106     9.2727E+02
   6.605210     7.7220E+02
   6.657315     6.3480E+02
   6.709419     5.1330E+02
   6.761523     4.0611E+02
   6.813627     3.1177E+02
   6.865731     2.2897E+02
   6.917836     1.5653E+02
   6.969940     9.3363E+01
   7.022044     3.8495E+01
   7.074148    -8.9575E+00
   7.126253    -4.9791E+01
   7.178357    -8.4725E+01
   7.230461    -1.1441E+02
   7.282565    -1.3944E+02
   7.334669    -1.6033E+02
   7.386774    -1.7756E+02
   7.438878    -1.9157E+02
   7.490982    -2.0273E+02
   7.543086    -2.1139E+02
   7.595190    -2.1786E+02
   7.647295    -2.2242E+02
   7.699399    -2.2531E+02
   7.751503    -2.2676E+02
   7.803607    -2.2696E+02
   7.855711    -2.2610E+02
   7.907816    -2.2432E+02
   7.959920    -2.2177E+02
   8.012024    -2.1857E+02
   8.064128    -2.1483E+02
   8.116232    -2.1064E+02
   8.168337    -2.0609E+02
   8.220441    -2.0125E+02
   8.272545    -1.9620E+02
   8.324649    -1.9098E+02
   8.376754    -1.8564E+02
   8.428858    -1.8024E+02
   8.480962    -1.7480E+02
   8.533066    -1.6935E+02
   8.585170    -1.6394E+02
   8.637275    -1.5857E+02
   8.689379    -1.5327E+02
   8.741483    -1.4805E+02
   8.793587    -1.4293E+02
   8.845691    -1.3792E+02
   8.897796    -1.3302E+02
   8.949900    -1.2826E+02
   9.002004    -1.2362E+02
   9.054108    -1.1911E+02
   9.106212    -1.1474E+02
   9.158317    -1.1050E+02
   9.210421    -1.0641E+02
   9.262525    -1.0245E+02
   9.314629    -9.8624E+01
   9.366733    -9.4936E+01
   9.418838    -9.1380E+01
   9.470942    -8.7955E+01
   9.523046    -8.4657E+01
   9.575150    -8.1483E+01
   9.627255    -7.8431E+01
   9.679359    -7.5496E+01
   9.731463    -7.2676E+01
   9.783567    -6.9966E+01
   9.835671    -6.7363E+01
   9.887776    -6.4864E+01
   9.939880    -6.2465E+01
   9.991984    -6.0162E+01
  10.044088    -5.7952E+01
  10.096192    -5.5831E+01
  10.148297    -5.3796E+01
  10.200401    -5.1843E+01
  10.252505    -4.9970E+01
  10.304609    -4.8172E+01
  10.356713    -4.6447E+01
  10.408818    -4.4792E+01
  10.460922    -4.3204E+01
  10.513026    -4.1680E+01
  10.565130    -4.0218E+01
  10.617234    -3.8814E+01
  10.669339    -3.7467E+01
  10.721443    -3.6173E+01
  10.773547    -3.4932E+01
  10.825651    -3.3739E+01
  10.877756    -3.2594E+01
  10.929860    -3.1494E+01
  10.981964    -3.0438E+01
  11.034068    -2.9422E+01
  11.086172    -2.8447E+01
  11.138277    -2.7509E+01
  11.190381    -2.6608E+01
  11.242485    -2.5741E+01
  11.294589    -2.4907E+01
  11.346693    -2.4105E+01
  11.398798    -2.3334E+01
  11.450902    -2.2591E+01
  11.503006    -2.1877E+01
  11.555110    -2.1189E+01
  11.607214    -2.0526E+01
  11.659319    -1.9889E+01
  11.711423    -1.9274E+01
  11.763527    -1.8682E+01
  11.815631    -1.8112E+01
  11.867735    -1.7562E+01
  11.919840    -1.7031E+01
  11.971944    -1.6520E+01
  12.024048    -1.6027E+01
  12.076152    -1.5552E+01
  12.128257    -1.5093E+01
  12.180361    -1.4650E+01
  12.232465    -1.4222E+01
  12.284569    -1.3810E+01
  12.336673    -1.3411E+01
  12.388778    -1.3026E+01
  12.440882    -1.2654E+01
  12.492986    -1.2295E+01
  12.545090    -1.1948E+01
  12.597194    -1.1612E+01
  12.649299    -1.1288E+01
  12.701403    -1.0974E+01
  12.753507    -1.0671E+01
  12.805611    -1.0377E+01
  12.857715    -1.0093E+01
  12.909820    -9.8185E+00
  12.961924    -9.5526E+00
  13.014028    -9.2952E+00
  13.066132    -9.0460E+00
  13.118236    -8.8047E+00
  13.170341    -8.5710E+00
  13.222445    -8.3447E+00
  13.274549    -8.1253E+00
  13.326653    -7.9128E+00
  13.378758    -7.7069E+00
  13.430862    -7.5073E+00
  13.482966    -7.3137E+00
  13.535070    -7.1261E+00
  13.587174    -6.9442E+00
  13.639279    -6.7677E+00
  13.691383    -6.5965E+00
  13.743487    -6.4304E+00
  13.795591    -6.2693E+00
  13.847695    -6.1129E+00
  13.899800    -5.9611E+00
  13.951904    -5.8137E+00
  14.004008    -5.6707E+00
  14.056112    -5.5317E+00
  14.108216    -5.3968E+00
  14.160321    -5.2658E+00
  14.212425    -5.1385E+00
  14.264529    -5.0149E+00
  14.316633    -4.8947E+00
  14.368737    -4.7779E+00
  14.420842    -4.6644E+00
  14.472946    -4.5541E+00
  14.525050    -4.4469E+00
  14.577154    -4.3426E+00
  14.629259    -4.2412E+00
  14.681363    -4.1426E+00
  14.733467    -4.0466E+00
  14.785571    -3.9533E+00
  14.837675    -3.8625E+00
  14.889780    -3.7742E+00
  14.941884    -3.6883E+00
  14.993988    -3.6046E+00
  15.046092    -3.5232E+00
  15.098196    -3.4439E+00
  15.150301    -3.3668E+00
  15.202405    -3.2916E+00
  15.254509    -3.2185E+00
  15.306613    -3.1472E+00
  15.358717    -3.0778E+00
  15.410822    -3.0102E+00
  15.462926    -2.9444E+00
  15.515030    -2.8802E+00
  15.567134    -2.8177E+00
  15.619238    -2.7568E+00
  15.671343    -2.6974E+00
  15.723447    -2.6395E+00
  15.775551    -2.5831E+00
  15.827655    -2.5281E+00
  15.879760    -2.4745E+00
  15.931864    -2.4222E+00
  15.983968    -2.3712E+00
  16.036072    -2.3214E+00
  16.088176    -2.2729E+00
  16.140281    -2.2256E+00
  16.192385    -2.1794E+00
  16.244489    -2.1344E+00
  16.296593    -2.0905E+00
  16.348697    -2.0476E+00
  16.400802    -2.0057E+00
  16.452906    -1.9649E+00
  16.505010    -1.9250E+00
  16.557114    -1.8861E+00
  16.609218    -1.8481E+00
  16.661323    -1.8110E+00
  16.713427    -1.7748E+00
  16.765531    -1.7394E+00
  16.817635    -1.7048E+00
  16.869739    -1.6711E+00
  16.921844    -1.6381E+00
  16.973948    -1.6059E+00
  17.026052    -1.5745E+00
  17.078156    -1.5437E+00
  17.130261    -1.5137E+00
  17.182365    -1.4844E+00
  17.234469    -1.4557E+00
  17.286573    -1.4277E+00
  17.338677    -1.4003E+00
  17.390782    -1.3735E+00
  17.442886    -1.3473E+00
  17.494990    -1.3217E+00
  17.547094    -1.2967E+00
  17.599198    -1.2722E+00
  17.651303    -1.2483E+00
  17.703407    -1.2249E+00
  17.755511    -1.2020E+00
  17.807615    -1.1796E+00
  17.859719    -1.1577E+00
  17.911824    -1.1363E+00
  17.963928    -1.1154E+00
  18.016032    -1.0949E+00
  18.068136    -1.0748E+00
  18.120240    -1.0552E+00
  18.172345    -1.0360E+00
  18.224449    -1.0172E+00
  18.276553    -9.9878E-01
  18.328657    -9.8077E-01
  18.380762    -9.6315E-01
  18.432866    -9.4589E-01
  18.484970    -9.2899E-01
  18.537074    -9.1245E-01
  18.589178    -8.9626E-01
  18.641283    -8.8040E-01
  18.693387    -8.6487E-01
  18.745491    -8.4966E-01
  18.797595    -8.3477E-01
  18.849699    -8.2018E-01
  18.901804    -8.0589E-01
  18.953908    -7.9189E-01
  19.006012    -7.7817E-01
  19.058116    -7.6474E-01
  19.110220    -7.5157E-01
  19.162325    -7.3867E-01
  19.214429    -7.2603E-01
  19.266533    -7.1365E-01
  19.318637    -7.0151E-01
  19.370741    -6.8961E-01
  19.422846    -6.7795E-01
  19.474950    -6.6652E-01
  19.527054    -6.5532E-01
  19.579158    -6.4433E-01
  19.631263    -6.3356E-01
  19.683367    -6.2301E-01
  19.735471    -6.1266E-01
  19.787575    -6.0251E-01
  19.839679    -5.9255E-01
  19.891784    -5.8279E-01
  19.943888    -5.7322E-01
  19.995992    -5.6383E-01
  20.048096    -5.5462E-01
  20.100200    -5.4559E-01
  20.152305    -5.3673E-01
  20.204409    -5.2804E-01
  20.256513    -5.1951E-01
  20.308617    -5.1115E-01
  20.360721    -5.0294E-01
  20.412826    -4.9489E-01
  20.464930    -4.8698E-01
  20.517034    -4.7923E-01
  20.569138    -4.7162E-01
  20.621242    -4.6415E-01
  20.673347    -4.5682E-01
  20.725451    -4.4962E-01
  20.777555    -4.4256E-01
  20.829659    -4.3563E-01
  20.881764    -4.2882E-01
  20.933868    -4.2214E-01
  20.985972    -4.1558E-01
  21.038076    -4.0914E-01
  21.090180    -4.0282E-01
  21.142285    -3.9661E-01
  21.194389    -3.9051E-01
  21.246493    -3.8453E-01
  21.298597    -3.7865E-01
  21.350701    -3.7287E-01
  21.402806    -3.6720E-01
  21.454910    -3.6163E-01
  21.507014    -3.5616E-01
  21.559118    -3.5078E-01
  21.611222    -3.4550E-01
  21.663327    -3.4031E-01
  21.715431    -3.3522E-01
  21.767535    -3.3021E-01
  21.819639    -3.2529E-01
  21.871743    -3.2046E-01
  21.923848    -3.1571E-01
  21.975952    -3.1104E-01
  22.028056    -3.0646E-01
  22.080160    -3.0195E-01
  22.132265    -2.9752E-01
  22.184369    -2.9316E-01
  22.236473    -2.8888E-01
  22.288577    -2.8468E-01
  22.340681    -2.8054E-01
  22.392786    -2.7648E-01
  22.444890    -2.7248E-01
  22.496994    -2.6855E-01
  22.549098    -2.6469E-01
  22.601202    -2.6090E-01
  22.653307    -2.5716E-01
  22.705411    -2.5349E-01
  22.757515    -2.4988E-01
  22.809619    -2.4633E-01
  22.861723    -2.4284E-01
  22.913828    -2.3941E-01
  22.965932    -2.3603E-01
  23.018036    -2.3271E-01
  23.070140    -2.2945E-01
  23.122244    -2.2624E-01
  23.174349    -2.2308E-01
  23.226453    -2.1997E-01
  23.278557    -2.1691E-01
  23.330661    -2.1390E-01
  23.382766    -2.1094E-01
  23.434870    -2.0803E-01
  23.486974    -2.0517E-01
  23.539078    -2.0235E-01
  23.591182    -1.9958E-01
  23.643287    -1.9685E-01
  23.695391    -1.9416E-01
  23.747495    -1.9152E-01
  23.799599    -1.8892E-01
  23.851703    -1.8636E-01
  23.903808    -1.8384E-01
  23.955912    -1.8137E-01
  24.008016    -1.7893E-01
  24.060120    -1.7653E-01
  24.112224    -1.7416E-01
  24.164329    -1.7184E-01
  24.216433    -1.6955E-01
  24.268537    -1.6729E-01
  24.320641    -1.6507E-01
  24.372745    -1.6289E-01
  24.424850    -1.6074E-01
  24.476954    -1.5862E-01
  24.529058    -1.5653E-01
  24.581162    -1.5448E-01
  24.633267    -1.5246E-01
  24.685371    -1.5047E-01
  24.737475    -1.4850E-01
  24.789579    -1.4657E-01
  24.841683    -1.4467E-01
  24.893788    -1.4280E-01
  24.945892    -1.4096E-01
  24.997996    -1.3914E-01
  25.050100    -1.3735E-01
  25.102204    -1.3559E-01
  25.154309    -1.3385E-01
  25.206413    -1.3214E-01
  25.258517    -1.3046E-01
  25.310621    -1.2880E-01
  25.362725    -1.2716E-01
  25.414830    -1.2555E-01
  25.466934    -1.2397E-01
  25.519038    -1.2240E-01
  25.571142    -1.2086E-01
  25.623246    -1.1935E-01
  25.675351    -1.1785E-01
  25.727455    -1.1638E-01
  25.779559    -1.1492E-01
  25.831663    -1.1349E-01
  25.883768    -1.1208E-01
  25.935872    -1.1069E-01
  25.987976    -1.0933E-01
  26.040080    -1.0798E-01
  26.092184    -1.0665E-01
  26.144289    -1.0533E-01
  26.196393    -1.0404E-01
  26.248497    -1.0277E-01
  26.300601    -1.0151E-01
  26.352705    -1.0028E-01
  26.404810    -9.9056E-02
  26.456914    -9.7854E-02
  26.509018    -9.6668E-02
  26.561122    -9.5499E-02
  26.613226    -9.4347E-02
  26.665331    -9.3211E-02
  26.717435    -9.2091E-02
  26.769539    -9.0987E-02
  26.821643    -8.9898E-02
  26.873747    -8.8824E-02
  26.925852    -8.7765E-02
  26.977956    -8.6722E-02
  27.030060    -8.5692E-02
  27.082164    -8.4677E-02
  27.134269    -8.3676E-02
  27.186373    -8.2688E-02
  27.238477    -8.1715E-02
  27.290581    -8.0754E-02
  27.342685    -7.9807E-02
  27.394790    -7.8873E-02
  27.446894    -7.7952E-02
  27.498998    -7.7043E-02
  27.551102    -7.6146E-02
  27.603206    -7.5262E-02
  27.655311    -7.4390E-02
  27.707415    -7.3529E-02
  27.759519    -7.2680E-02
  27.811623    -7.1843E-02
  27.863727    -7.1017E-02
  27.915832    -7.0202E-02
  27.967936    -6.9397E-02
  28.020040    -6.8604E-02
  28.072144    -6.7821E-02
  28.124248    -6.7049E-02
  28.176353    -6.6287E-02
  28.228457    -6.5535E-02
  28.280561    -6.4792E-02
  28.332665    -6.4060E-02
  28.384770    -6.3338E-02
  28.436874    -6.2625E-02
  28.488978    -6.1921E-02
  28.541082    -6.1226E-02
  28.593186    -6.0541E-02
  28.645291    -5.9864E-02
  28.697395    -5.9197E-02
  28.749499    -5.8538E-02
  28.801603    -5.7888E-02
  28.853707    -5.7246E-02
  28.905812    -5.6612E-02
  28.957916    -5.5987E-02
  29.010020    -5.5369E-02
  29.062124    -5.4760E-02
  29.114228    -5.4158E-02
  29.166333    -5.3564E-02
  29.218437    -5.2978E-02
  29.270541    -5.2399E-02
  29.322645    -5.1828E-02
  29.374749    -5.1264E-02
  29.426854    -5.0707E-02
  29.478958    -5.0157E-02
  29.531062    -4.9614E-02
  29.583166    -4.9078E-02
  29.635271    -4.8548E-02
  29.687375    -4.8026E-02
  29.739479    -4.7510E-02
  29.791583    -4.7000E-02
  29.843687    -4.6497E-02
  29.895792    -4.6000E-02
  29.947896    -4.5509E-02
  30.000000    -4.5024E-02
 180.00000000
   4.000000     3.4583E+05
   4.052104     3.0470E+05
   4.104208     2.6889E+05
   4.156313     2.3766E+05
   4.208417     2.1039E+05
   4.260521     1.8652E+05
   4.312625     1.6560E+05
   4.364729     1.4723E+05
   4.416834     1.3107E+05
   4.468938     1.1683E+05
   4.521042     1.0426E+05
   4.573146     9.3138E+04
   4.625251     8.3286E+04
   4.677355     7.4541E+04
   4.729459     6.6766E+04
   4.781563     5.9843E+04
   4.833667     5.3669E+04
   4.885772     4.8154E+04
   4.937876     4.3222E+04
   4.989980     3.8806E+04
   5.042084     3.4847E+04
   5.094188     3.1294E+04
   5.146293     2.8102E+04
   5.198397     2.5232E+04
   5.250501     2.2650E+04
   5.302605     2.0325E+04
   5.354709     1.8231E+04
   5.406814     1.6344E+04
   5.458918     1.4643E+04
   5.511022     1.3110E+04
   5.563126     1.1727E+04
   5.615230     1.0479E+04
   5.667335     9.3549E+03
   5.719439     8.3409E+03
   5.771543     7.4270E+03
   5.823647     6.6034E+03
   5.875752     5.8616E+03
   5.927856     5.1937E+03
   5.979960     4.5928E+03
   6.032064     4.0523E+03
   6.084168     3.5667E+03
   6.136273     3.1306E+03
   6.188377     2.7394E+03
   6.240481     2.3888E+03
   6.292585     2.0749E+03
   6.344689     1.7941E+03
   6.396794     1.5434E+03
   6.448898     1.3197E+03
   6.501002     1.1205E+03
   6.553106     9.4334E+02
   6.605210     7.8607E+02
   6.657315     6.4672E+02
   6.709419     5.2350E+02
   6.761523     4.1479E+02
   6.813627     3.1911E+02
   6.865731     2.3515E+02
   6.917836     1.6168E+02
   6.969940     9.7613E+01
   7.022044     4.1963E+01
   7.074148    -6.1693E+00
   7.126253    -4.7592E+01
   7.178357    -8.3035E+01
   7.230461    -1.1316E+02
   7.282565    -1.3856E+02
   7.334669    -1.5977E+02
   7.386774    -1.7728E+02
   7.438878    -1.9152E+02
   7.490982    -2.0287E+02
   7.543086    -2.1169E+02
   7.595190    -2.1830E+02
   7.647295    -2.2297E+02
   7.699399    -2.2595E+02
   7.751503    -2.2747E+02
   7.803607    -2.2773E+02
   7.855711    -2.2691E+02
   7.907816    -2.2517E+02
   7.959920    -2.2264E+02
   8.012024    -2.1945E+02
   8.064128    -2.1571E+02
   8.116232    -2.1153E+02
   8.168337    -2.0697E+02
   8.220441    -2.0213E+02
   8.272545    -1.9707E+02
   8.324649    -1.9183E+02
   8.376754    -1.8648E+02
   8.428858    -1.8106E+02
   8.480962    -1.7560E+02
   8.533066    -1.7014E+02
   8.585170    -1.6471E+02
   8.637275    -1.5932E+02
   8.689379    -1.5400E+02
   8.741483    -1.4876E+02
   8.793587    -1.4362E+02
   8.845691    -1.3859E+02
   8.897796    -1.3367E+02
   8.949900    -1.2888E+02
   9.002004    -1.2422E+02
   9.054108    -1.1970E+02
   9.106212    -1.1531E+02
   9.158317    -1.1106E+02
   9.210421    -1.0694E+02
   9.262525    -1.0297E+02
   9.314629    -9.9125E+01
   9.366733    -9.5420E+01
   9.418838    -9.1849E+01
   9.470942    -8.8408E+01
   9.523046    -8.5094E+01
   9.575150    -8.1906E+01
   9.627255    -7.8839E+01
   9.679359    -7.5890E+01
   9.731463    -7.3056E+01
   9.783567    -7.0333E+01
   9.835671    -6.7717E+01
   9.887776    -6.5206E+01
   9.939880    -6.2794E+01
   9.991984    -6.0480E+01
  10.044088    -5.8258E+01
  10.096192    -5.6126E+01
  10.148297    -5.4080E+01
  10.200401    -5.2116E+01
  10.252505    -5.0232E+01
  10.304609    -4.8425E+01
  10.356713    -4.6690E+01
  10.408818    -4.5026E+01
  10.460922    -4.3429E+01
  10.513026    -4.1896E+01
  10.565130    -4.0425E+01
  10.617234    -3.9014E+01
  10.669339    -3.7658E+01
  10.721443    -3.6357E+01
  10.773547    -3.5108E+01
  10.825651    -3.3909E+01
  10.877756    -3.2757E+01
  10.929860    -3.1650E+01
  10.981964    -3.0587E+01
  11.034068    -2.9566E+01
  11.086172    -2.8584E+01
  11.138277    -2.7641E+01
  11.190381    -2.6734E+01
  11.242485    -2.5861E+01
  11.294589    -2.5023E+01
  11.346693    -2.4216E+01
  11.398798    -2.3439E+01
  11.450902    -2.2692E+01
  11.503006    -2.1974E+01
  11.555110    -2.1281E+01
  11.607214    -2.0615E+01
  11.659319    -1.9973E+01
  11.711423    -1.9355E+01
  11.763527    -1.8759E+01
  11.815631    -1.8186E+01
  11.867735    -1.7632E+01
  11.919840    -1.7099E+01
  11.971944    -1.6585E+01
  12.024048    -1.6089E+01
  12.076152    -1.5611E+01
  12.128257    -1.5149E+01
  12.180361    -1.4704E+01
  12.232465    -1.4274E+01
  12.284569    -1.3859E+01
  12.336673    -1.3458E+01
  12.388778    -1.3071E+01
  12.440882    -1.2697E+01
  12.492986    -1.2336E+01
  12.545090    -1.1987E+01
  12.597194    -1.1650E+01
  12.649299    -1.1324E+01
  12.701403    -1.1008E+01
  12.753507    -1.0703E+01
  12.805611    -1.0409E+01
  12.857715    -1.0123E+01
  12.909820    -9.8472E+00
  12.961924    -9.5800E+00
  13.014028    -9.3215E+00
  13.066132    -9.0711E+00
  13.118236    -8.8288E+00
  13.170341    -8.5940E+00
  13.222445    -8.3667E+00
  13.274549    -8.1465E+00
  13.326653    -7.9331E+00
  13.378758    -7.7263E+00
  13.430862    -7.5259E+00
  13.482966    -7.3316E+00
  13.535070    -7.1433E+00
  13.587174    -6.9607E+00
  13.639279    -6.7835E+00
  13.691383    -6.6117E+00
  13.743487    -6.4451E+00
  13.795591    -6.2834E+00
  13.847695    -6.1265E+00
  13.899800    -5.9742E+00
  13.951904    -5.8263E+00
  14.004008    -5.6828E+00
  14.056112    -5.5435E+00
  14.108216    -5.4082E+00
  14.160321    -5.2767E+00
  14.212425    -5.1491E+00
  14.264529    -5.0251E+00
  14.316633    -4.9046E+00
  14.368737    -4.7875E+00
  14.420842    -4.6737E+00
  14.472946    -4.5631E+00
  14.525050    -4.4556E+00
  14.577154    -4.3510E+00
  14.629259    -4.2494E+00
  14.681363    -4.1505E+00
  14.733467    -4.0544E+00
  14.785571    -3.9609E+00
  14.837675    -3.8699E+00
  14.889780    -3.7814E+00
  14.941884    -3.6952E+00
  14.993988    -3.6114E+00
  15.046092    -3.5298E+00
  15.098196    -3.4504E+00
  15.150301    -3.3731E+00
  15.202405    -3.2978E+00
  15.254509    -3.2245E+00
  15.306613    -3.1531E+00
  15.358717    -3.0836E+00
  15.410822    -3.0159E+00
  15.462926    -2.9499E+00
  15.515030    -2.8856E+00
  15.567134    -2.8230E+00
  15.619238    -2.7619E+00
  15.671343    -2.7025E+00
  15.723447    -2.6445E+00
  15.775551    -2.5880E+00
  15.827655    -2.5329E+00
  15.879760    -2.4792E+00
  15.931864    -2.4268E+00
  15.983968    -2.3757E+00
  16.036072    -2.3259E+00
  16.088176    -2.2773E+00
  16.140281    -2.2299E+00
  16.192385    -2.1837E+00
  16.244489    -2.1386E+00
  16.296593    -2.0946E+00
  16.348697    -2.0516E+00
  16.400802    -2.0097E+00
  16.452906    -1.9688E+00
  16.505010    -1.9289E+00
  16.557114    -1.8899E+00
  16.609218    -1.8518E+00
  16.661323    -1.8147E+00
  16.713427    -1.7784E+00
  16.765531    -1.7430E+00
  16.817635    -1.7084E+00
  16.869739    -1.6746E+00
  16.921844    -1.6416E+00
  16.973948    -1.6093E+00
  17.026052    -1.5778E+00
  17.078156    -1.5471E+00
  17.130261    -1.5170E+00
  17.182365    -1.4876E+00
  17.234469    -1.4589E+00
  17.286573    -1.4308E+00
  17.338677    -1.4034E+00
  17.390782    -1.3766E+00
  17.442886    -1.3503E+00
  17.494990    -1.3247E+00
  17.547094    -1.2997E+00
  17.599198    -1.2752E+00
  17.651303    -1.2512E+00
  17.703407    -1.2278E+00
  17.755511    -1.2048E+00
  17.807615    -1.1824E+00
  17.859719    -1.1605E+00
  17.911824    -1.1390E+00
  17.963928    -1.1181E+00
  18.016032    -1.0975E+00
  18.068136    -1.0774E+00
  18.120240    -1.0578E+00
  18.172345    -1.0385E+00
  18.224449    -1.0197E+00
  18.276553    -1.0013E+00
  18.328657    -9.8323E-01
  18.380762    -9.6557E-01
  18.432866    -9.4829E-01
  18.484970    -9.3136E-01
  18.537074    -9.1479E-01
  18.589178    -8.9857E-01
  18.641283    -8.8268E-01
  18.693387    -8.6712E-01
  18.745491    -8.5189E-01
  18.797595    -8.3696E-01
  18.849699    -8.2235E-01
  18.901804    -8.0803E-01
  18.953908    -7.9400E-01
  19.006012    -7.8026E-01
  19.058116    -7.6680E-01
  19.110220    -7.5361E-01
  19.162325    -7.4068E-01
  19.214429    -7.2802E-01
  19.266533    -7.1561E-01
  19.318637    -7.0344E-01
  19.370741    -6.9152E-01
  19.422846    -6.7984E-01
  19.474950    -6.6838E-01
  19.527054    -6.5716E-01
  19.579158    -6.4615E-01
  19.631263    -6.3536E-01
  19.683367    -6.2478E-01
  19.735471    -6.1440E-01
  19.787575    -6.0423E-01
  19.839679    -5.9426E-01
  19.891784    -5.8447E-01
  19.943888    -5.7488E-01
  19.995992    -5.6547E-01
  20.048096    -5.5624E-01
  20.100200    -5.4719E-01
  20.152305    -5.3831E-01
  20.204409    -5.2959E-01
  20.256513    -5.2105E-01
  20.308617    -5.1266E-01
  20.360721    -5.0443E-01
  20.412826    -4.9636E-01
  20.464930    -4.8844E-01
  20.517034    -4.8066E-01
  20.569138    -4.7303E-01
  20.621242    -4.6554E-01
  20.673347    -4.5819E-01
  20.725451    -4.5098E-01
  20.777555    -4.4390E-01
  20.829659    -4.3695E-01
  20.881764    -4.3013E-01
  20.933868    -4.2343E-01
  20.985972    -4.1685E-01
  21.038076    -4.1039E-01
  21.090180    -4.0405E-01
  21.142285    -3.9783E-01
  21.194389    -3.9171E-01
  21.246493    -3.8571E-01
  21.298597    -3.7981E-01
  21.350701    -3.7402E-01
  21.402806    -3.6833E-01
  21.454910    -3.6275E-01
  21.507014    -3.5726E-01
  21.559118    -3.5187E-01
  21.611222    -3.4657E-01
  21.663327    -3.4137E-01
  21.715431    -3.3626E-01
  21.767535    -3.3124E-01
  21.819639    -3.2630E-01
  21.871743    -3.2146E-01
  21.923848    -3.1669E-01
  21.975952    -3.1201E-01
  22.028056    -3.0741E-01
  22.080160    -3.0289E-01
  22.132265    -2.9845E-01
  22.184369    -2.9408E-01
  22.236473    -2.8979E-01
  22.288577    -2.8557E-01
  22.340681    -2.8142E-01
  22.392786    -2.7734E-01
  22.444890    -2.7333E-01
  22.496994    -2.6939E-01
  22.549098    -2.6552E-01
  22.601202    -2.6171E-01
  22.653307    -2.5796E-01
  22.705411    -2.5428E-01
  22.757515    -2.5066E-01
  22.809619    -2.4710E-01
  22.861723    -2.4360E-01
  22.913828    -2.4015E-01
  22.965932    -2.3677E-01
  23.018036    -2.3343E-01
  23.070140    -2.3016E-01
  23.122244    -2.2693E-01
  23.174349    -2.2376E-01
  23.226453    -2.2065E-01
  23.278557    -2.1758E-01
  23.330661    -2.1456E-01
  23.382766    -2.1159E-01
  23.434870    -2.0867E-01
  23.486974    -2.0580E-01
  23.539078    -2.0297E-01
  23.591182    -2.0019E-01
  23.643287    -1.9745E-01
  23.695391    -1.9475E-01
  23.747495    -1.9210E-01
  23.799599    -1.8949E-01
  23.851703    -1.8693E-01
  23.903808    -1.8440E-01
  23.955912    -1.8191E-01
  24.008016    -1.7946E-01
  24.060120    -1.7705E-01
  24.112224    -1.7468E-01
  24.164329    -1.7235E-01
  24.216433    -1.7005E-01
  24.268537    -1.6779E-01
  24.320641    -1.6556E-01
  24.372745    -1.6337E-01
  24.424850    -1.6121E-01
  24.476954    -1.5908E-01
  24.529058    -1.5699E-01
  24.581162    -1.5493E-01
  24.633267    -1.5290E-01
  24.685371    -1.5090E-01
  24.737475    -1.4893E-01
  24.789579    -1.4700E-01
  24.841683    -1.4509E-01
  24.893788    -1.4321E-01
  24.945892    -1.4136E-01
  24.997996    -1.3953E-01
  25.050100    -1.3774E-01
  25.102204    -1.3597E-01
  25.154309    -1.3423E-01
  25.206413    -1.3251E-01
  25.258517    -1.3082E-01
  25.310621    -1.2916E-01
  25.362725    -1.2751E-01
  25.414830    -1.2590E-01
  25.466934    -1.2431E-01
  25.519038    -1.2274E-01
  25.571142    -1.2119E-01
  25.623246    -1.1967E-01
  25.675351    -1.1817E-01
  25.727455    -1.1669E-01
  25.779559    -1.1523E-01
  25.831663    -1.1380E-01
  25.883768    -1.1238E-01
  25.935872    -1.1099E-01
  25.987976    -1.0961E-01
  26.040080    -1.0826E-01
  26.092184    -1.0692E-01
  26.144289    -1.0561E-01
  26.196393    -1.0431E-01
  26.248497    -1.0303E-01
  26.300601    -1.0177E-01
  26.352705    -1.0053E-01
  26.404810    -9.9304E-02
  26.456914    -9.8096E-02
  26.509018    -9.6907E-02
  26.561122    -9.5733E-02
  26.613226    -9.4577E-02
  26.665331    -9.3437E-02
  26.717435    -9.2313E-02
  26.769539    -9.1204E-02
  26.821643    -9.0111E-02
  26.873747    -8.9034E-02
  26.925852    -8.7971E-02
  26.977956    -8.6923E-02
  27.030060    -8.5890E-02
  27.082164    -8.4871E-02
  27.134269    -8.3866E-02
  27.186373    -8.2875E-02
  27.238477    -8.1898E-02
  27.290581    -8.0934E-02
  27.342685    -7.9983E-02
  27.394790    -7.9046E-02
  27.446894    -7.8121E-02
  27.498998    -7.7209E-02
  27.551102    -7.6309E-02
  27.603206    -7.5421E-02
  27.655311    -7.4546E-02
  27.707415    -7.3682E-02
  27.759519    -7.2830E-02
  27.811623    -7.1990E-02
  27.863727    -7.1161E-02
  27.915832    -7.0343E-02
  27.967936    -6.9535E-02
  28.020040    -6.8739E-02
  28.072144    -6.7954E-02
  28.124248    -6.7178E-02
  28.176353    -6.6413E-02
  28.228457    -6.5659E-02
  28.280561    -6.4914E-02
  28.332665    -6.4179E-02
  28.384770    -6.3454E-02
  28.436874    -6.2738E-02
  28.488978    -6.2032E-02
  28.541082    -6.1335E-02
  28.593186    -6.0647E-02
  28.645291    -5.9968E-02
  28.697395    -5.9298E-02
  28.749499    -5.8637E-02
  28.801603    -5.7985E-02
  28.853707    -5.7340E-02
  28.905812    -5.6705E-02
  28.957916    -5.6077E-02
  29.010020    -5.5457E-02
  29.062124    -5.4846E-02
  29.114228    -5.4242E-02
  29.166333    -5.3646E-02
  29.218437    -5.3058E-02
  29.270541    -5.2477E-02
  29.322645    -5.1904E-02
  29.374749    -5.1338E-02
  29.426854    -5.0779E-02
  29.478958    -5.0227E-02
  29.531062    -4.9682E-02
  29.583166    -4.9144E-02
  29.635271    -4.8613E-02
  29.687375    -4.8089E-02
  29.739479    -4.7571E-02
  29.791583    -4.7060E-02
  29.843687    -4.6555E-02
  29.895792    -4.6056E-02
  29.947896    -4.5564E-02
  30.000000    -4.5077E-02
