# R_Bohr c0_mEh c1_mEh c2_mEh c3_mEh c4_mEh c5_mEh c6_mEh c7_mEh c8_mEh c9_mEh c10_mEh c11_mEh c12_mEh c13_mEh c14_mEh c15_mEh c16_mEh c17_mEh c18_mEh c19_mEh c20_mEh c21_mEh c22_mEh c23_mEh c24_mEh c25_mEh
 4.72945900e+00  5.97477055e+01  4.24457887e+00  1.04345474e+02  1.32354575e+01  5.09958806e+01  1.31508036e+01  1.86709696e+01  7.25235839e+00  7.66965392e+00  3.60246967e+00  3.46246624e+00  1.39149373e+00  1.45651344e+00  8.59889415e-01  5.86555122e-01  1.50080164e-01 -1.06190722e-02  3.99116157e-01  1.41387587e-01  2.79719163e-03  1.77438448e-01 -1.05773963e-01  5.01945398e-01 -6.20689872e-02  2.66788280e-01 -3.30370938e-02
 4.78156300e+00  5.48129053e+01  3.07998818e+00  9.64274212e+01  1.15932957e+01  4.69642974e+01  1.18838236e+01  1.70852245e+01  6.59510601e+00  7.00809952e+00  3.28328619e+00  3.17383032e+00  1.27930649e+00  1.39673831e+00  6.92526970e-01  4.35706562e-01  2.64383280e-01 -9.92875103e-02  3.43695588e-01 -2.05653942e-02 -2.02795467e-02  8.14253767e-02 -4.53427394e-02  3.17550722e-01 -4.33186070e-02  1.59170490e-01 -2.45580793e-02
 4.83366700e+00  5.00787490e+01  1.99288476e+00  8.87839056e+01  1.00083132e+01  4.30571157e+01  1.06452303e+01  1.55338085e+01  5.91883873e+00  6.32922372e+00  2.94813504e+00  2.86945202e+00  1.16028327e+00  1.30583763e+00  5.55642875e-01  3.26541878e-01  3.11158248e-01 -1.73015223e-01  3.14063279e-01 -1.45886870e-01 -4.60745290e-02  5.54945853e-03 -5.25467438e-03  1.74727711e-01 -3.30733757e-02  8.20249214e-02 -2.57516158e-02
 4.88577200e+00  4.56341011e+01  1.01117330e+00  8.15303689e+01  8.52141134e+00  3.93377464e+01  9.45936185e+00  1.40400764e+01  5.24168054e+00  5.65417274e+00  2.60486890e+00  2.55270531e+00  1.03102701e+00  1.18213175e+00  4.49721351e-01  2.53433758e-01  3.05670945e-01 -2.22793186e-01  3.07608503e-01 -2.30611573e-01 -6.59325526e-02 -4.71644543e-02  1.27360235e-02  7.41401828e-02 -2.84634966e-02  3.07890941e-02 -2.98984796e-02
 4.93787600e+00  4.15289672e+01  1.52581391e-01  7.47443696e+01  7.16364642e+00  3.58531552e+01  8.34864878e+00  1.26261823e+01  4.58734812e+00  5.00403115e+00  2.26546274e+00  2.23301806e+00  8.93164468e-01  1.03310287e+00  3.70210304e-01  2.06911117e-01  2.68789115e-01 -2.45573108e-01  3.16582363e-01 -2.76053624e-01 -7.56447230e-02 -7.89454475e-02  1.12061348e-02  1.15205775e-02 -2.66220512e-02 -1.05613669e-03 -3.33704816e-02
 4.98998000e+00  3.77695284e+01 -5.77816055e-01  6.84543930e+01  5.95064466e+00  3.26266266e+01  7.32937603e+00  1.13091593e+01  3.97834320e+00  4.39525891e+00  1.94294198e+00  1.92303334e+00  7.53532510e-01  8.72943736e-01  3.09685604e-01  1.77061084e-01  2.20243485e-01 -2.44820535e-01  3.31422808e-01 -2.88248560e-01 -7.63565798e-02 -9.53630341e-02 -3.49015155e-03 -2.11047689e-02 -2.57424758e-02 -1.97005060e-02 -3.55548767e-02
 5.04208400e+00  3.43327993e+01 -1.18496281e+00  6.26504810e+01  4.88394083e+00  2.96611376e+01  6.41017854e+00  1.00995275e+01  3.43031459e+00  3.83812128e+00  1.64814331e+00  1.63444401e+00  6.21245541e-01  7.16959585e-01  2.61135333e-01  1.56156618e-01  1.73859742e-01 -2.27844423e-01  3.44070333e-01 -2.76065833e-01 -7.21001614e-02 -1.02018442e-01 -2.37234322e-02 -3.30846200e-02 -2.51451726e-02 -2.96386445e-02 -3.71723977e-02
 5.09418800e+00  3.11859297e+01 -1.67941393e+00  5.73031863e+01  3.95588553e+00  2.69474023e+01  5.59268182e+00  9.00169985e+00  2.95010581e+00  3.33747036e+00  1.38774958e+00  1.37518578e+00  5.04058130e-01  5.76785364e-01  2.19866813e-01  1.39412021e-01  1.36496298e-01 -2.02312724e-01  3.49604437e-01 -2.48853996e-01 -6.67117150e-02 -1.02633522e-01 -4.31020202e-02 -3.29206183e-02 -2.47394405e-02 -3.36930923e-02 -3.86885401e-02
 5.14629300e+00  2.82991204e+01 -2.07380532e+00  5.23790841e+01  3.15452885e+00  2.44710819e+01  4.87329049e+00  8.01520751e+00  2.53714349e+00  2.89422425e+00  1.16404600e+00  1.14888493e+00  4.06198756e-01  4.58511982e-01  1.83555032e-01  1.24411220e-01  1.09614077e-01 -1.74021313e-01  3.46202046e-01 -2.14558165e-01 -6.22212508e-02 -9.91394111e-02 -5.76731287e-02 -2.69592181e-02 -2.45435748e-02 -3.36877110e-02 -3.97944071e-02
 5.19839700e+00  2.56499069e+01 -2.38095163e+00  4.78483183e+01  2.46674585e+00  2.22167857e+01  4.24516174e+00  7.13598650e+00  2.18618096e+00  2.50654375e+00  9.75884115e-01  9.55735097e-01  3.28193861e-01  3.63321458e-01  1.51384910e-01  1.10223201e-01  9.15768192e-02 -1.46372527e-01  3.34267669e-01 -1.78813330e-01 -5.88691293e-02 -9.26336797e-02 -6.58421352e-02 -1.91378230e-02 -2.45242120e-02 -3.09621624e-02 -3.97563610e-02
 5.25050100e+00  2.32213313e+01 -2.61315031e+00  4.36846061e+01  1.87951909e+00  2.01687727e+01  3.69963076e+00  6.35719336e+00  1.88969854e+00  2.17056757e+00  8.19973647e-01  7.93673246e-01  2.67938984e-01  2.89199074e-01  1.23194889e-01  9.67147787e-02  7.95665401e-02 -1.20897129e-01  3.15458803e-01 -1.44944277e-01 -5.59185060e-02 -8.41143659e-02 -6.76949484e-02 -1.14395940e-02 -2.46251197e-02 -2.65549878e-02 -3.79770536e-02
 5.30260500e+00  2.09991160e+01 -2.78184057e+00  3.98635044e+01  1.38047831e+00  1.83109575e+01  3.22728287e+00  5.67004185e+00  1.63958160e+00  1.88115171e+00  6.92028458e-01  6.59401347e-01  2.22089033e-01  2.32638838e-01  9.89726707e-02  8.41097238e-02  7.08480081e-02 -9.80499729e-02  2.91918514e-01 -1.14515427e-01 -5.24938439e-02 -7.46767026e-02 -6.42763445e-02 -4.60245222e-03 -2.48012230e-02 -2.12477773e-02 -3.43300792e-02
 5.35470900e+00  1.89693160e+01 -2.89738353e+00  3.63604054e+01  9.58066249e-01  1.66267084e+01  2.81860886e+00  5.06454257e+00  1.42805410e+00  1.63256691e+00  5.87525313e-01  5.49089135e-01  1.87132082e-01  1.89818689e-01  7.86460847e-02  7.27125035e-02  6.34261280e-02 -7.78349949e-02  2.65762414e-01 -8.80188569e-02 -4.80778948e-02 -6.53680597e-02 -5.70511082e-02  1.24900558e-03 -2.50018182e-02 -1.56159004e-02 -2.91848922e-02
 5.40681400e+00  1.71173916e+01 -2.96887817e+00  3.31499212e+01  6.01675773e-01  1.50991369e+01  2.46448297e+00  4.53030001e+00  1.24816227e+00  1.41911255e+00  5.02153599e-01  4.58848106e-01  1.59994628e-01  1.57240798e-01  6.20315438e-02  6.27525331e-02  5.62258459e-02 -6.01523872e-02  2.38782995e-01 -6.54358101e-02 -4.26368230e-02 -5.69830236e-02 -4.75550005e-02  6.18896312e-03 -2.51400020e-02 -1.00973518e-02 -2.32316546e-02
 5.45891800e+00  1.54285409e+01 -3.00407778e+00  3.02067811e+01  3.01815906e-01  1.37118980e+01  2.15656241e+00  4.05732287e+00  1.09400340e+00  1.23556049e+00  4.32066056e-01  3.85050179e-01  1.38271645e-01  1.32003360e-01  4.88405481e-02  5.43256173e-02  4.89530850e-02 -4.49247686e-02  2.12325823e-01 -4.65761850e-02 -3.65059477e-02 -4.99581715e-02 -3.71836326e-02  1.02912358e-02 -2.50887543e-02 -5.04412758e-03 -1.72486602e-02
 5.51102200e+00  1.38881831e+01 -3.00945323e+00  2.75066645e+01  5.01674277e-02  1.24497715e+01  1.88751102e+00  3.63657375e+00  9.60752498e-01  1.07734449e+00  3.73986057e-01  3.24504708e-01  1.20229416e-01  1.11860702e-01  3.86969933e-02  4.73998130e-02  4.18043305e-02 -3.20958539e-02  1.87280285e-01 -3.12159139e-02 -3.01889971e-02 -4.43890932e-02 -2.70711494e-02  1.35786605e-02 -2.47093910e-02 -7.36333876e-04 -1.19080969e-02
 5.56312600e+00  1.24828077e+01 -2.99034607e+00  2.50275529e+01 -1.60372149e-01  1.12993463e+01  1.65116281e+00  3.26037776e+00  8.44613298e-01  9.40618699e-01  3.25248522e-01  2.74550608e-01  1.04712335e-01  9.51895435e-02  3.11620296e-02  4.18542319e-02  3.51689246e-02 -2.15902088e-02  1.64146860e-01 -1.91186114e-02 -2.41794710e-02 -4.01280214e-02 -1.80365746e-02  1.60432739e-02 -2.38933603e-02  2.62972343e-03 -7.66345968e-03
 5.61523000e+00  1.12003758e+01 -2.95117702e+00  2.27502810e+01 -3.35765851e-01  1.02492348e+01  1.44251704e+00  2.92252025e+00  7.42682137e-01  8.22189982e-01  2.83774091e-01  2.33058113e-01  9.10147181e-02  8.09046318e-02  2.57616398e-02  3.75194811e-02  2.94070252e-02 -1.32766807e-02  1.43131496e-01 -1.00096853e-02 -1.88486569e-02 -3.69025981e-02 -1.05795762e-02  1.76841936e-02 -2.25956133e-02  4.96038687e-03 -4.71685836e-03
 5.66733500e+00  1.00304034e+01 -2.89564724e+00  2.06585423e+01 -4.80976408e-01  9.28997977e+00  1.25762567e+00  2.61813832e+00  6.52779016e-01  7.19408602e-01  2.48003903e-01  1.98375244e-01  7.87532651e-02  6.83520293e-02  2.20179443e-02  3.42065221e-02  2.47315381e-02 -6.95541735e-03  1.24240561e-01 -3.55351375e-03 -1.44035948e-02 -3.44164091e-02 -4.91343749e-03  1.85345983e-02 -2.08474099e-02  6.27233260e-03 -3.04615331e-03
 5.71943900e+00  8.96388617e+00 -2.82690923e+00  1.87386386e+01 -6.00126672e-01  8.41382147e+00  1.09342600e+00  2.34350667e+00  5.73280463e-01  6.30064917e-01  2.16813048e-01  1.69246435e-01  6.77548499e-02  5.71949824e-02  1.94805168e-02  3.17223056e-02  2.11814692e-02 -2.36807031e-03  1.07362025e-01  6.46660300e-04 -1.08971232e-02 -3.24135928e-02 -1.02203690e-03  1.86699792e-02 -1.87480935e-02  6.68143910e-03 -2.46576193e-03
 5.77154300e+00  7.99285605e+00 -2.74767936e+00  1.69785956e+01 -6.96689220e-01  7.61417301e+00  9.47511090e-01  2.09571275e+00  5.02949831e-01  5.52284169e-01  1.89407972e-01  1.44715993e-01  5.79622514e-02  4.73008356e-02  1.77521511e-02  2.98763172e-02  1.86533190e-02  7.79216652e-04  9.23223395e-02  3.02817203e-03 -8.26561399e-03 -3.07065614e-02  1.27402586e-03  1.82012080e-02 -1.64419846e-02  6.37515309e-03 -2.69761515e-03
 5.82364700e+00  7.11013894e+00 -2.66031767e+00  1.53676578e+01 -7.73625965e-01  6.88528479e+00  8.17946929e-01  1.87240305e+00  4.40812185e-01  4.84464877e-01  1.65234846e-01  1.24045639e-01  4.93649830e-02  3.86445991e-02  1.65070305e-02  2.84853614e-02  1.69582541e-02  2.78738058e-03  7.89275637e-02  4.03510002e-03 -6.37642966e-03 -2.91770372e-02  2.25128730e-03  1.72594397e-02 -1.40901278e-02  5.57577857e-03 -3.43637529e-03
 5.87575200e+00  6.30904188e+00 -2.56686947e+00  1.38956791e+01 -8.33509630e-01  6.22188172e+00  7.03105142e-01  1.67154859e+00  3.86051660e-01  4.25227330e-01  1.43897721e-01  1.06644585e-01  4.19514975e-02  3.12333181e-02  1.54987423e-02  2.73792698e-02  1.58778004e-02  3.93991293e-03  6.69871433e-02  4.08444135e-03 -5.07049808e-03 -2.77616528e-02  2.22694375e-03  1.59799848e-02 -1.18441402e-02  4.50441978e-03 -4.39903468e-03
 5.92785600e+00  5.58323759e+00 -2.46909945e+00  1.25528937e+01 -8.78601674e-01  5.61899569e+00  6.01556655e-01  1.49130476e+00  3.37947414e-01  3.73385171e-01  1.25098160e-01  9.20211581e-02  3.56828637e-02  2.50570642e-02  1.45592570e-02  2.64085944e-02  1.52046709e-02  4.48544838e-03  5.63283853e-02  3.53976601e-03 -4.19386309e-03 -2.64329491e-02  1.51560415e-03  1.44896200e-02 -9.82737146e-03  3.35279516e-03 -5.35580012e-03
 5.97996000e+00  4.92659702e+00 -2.36850143e+00  1.13296073e+01 -9.10911907e-01  5.07178427e+00  5.11988611e-01  1.32990016e+00  2.95826481e-01  3.27915169e-01  1.08590193e-01  7.97491104e-02  3.04817765e-02  2.00630940e-02  1.35904158e-02  2.54522865e-02  1.47647581e-02  4.62900207e-03  4.68015560e-02  2.69617818e-03 -3.61606364e-03 -2.51821168e-02  4.00293963e-04  1.28986687e-02 -8.12432758e-03  2.26623600e-03 -6.14375078e-03
 6.03206400e+00  4.33325283e+00 -2.26632716e+00  1.02163311e+01 -9.32225928e-01  4.57556488e+00  4.33179395e-01  1.18561782e+00  2.59048244e-01  2.87943084e-01  9.41561131e-02  6.94516118e-02  2.62350854e-02  1.61513617e-02  1.25508726e-02  2.44235397e-02  1.44238515e-02  4.53041047e-03  3.82827462e-02  1.77634964e-03 -3.23745743e-03 -2.40071516e-02 -8.83657124e-04  1.12979872e-02 -6.77850804e-03  1.33834959e-03 -6.66670017e-03
 6.08416800e+00  3.79762660e+00 -2.16360983e+00  9.20386103e+00 -9.44127065e-01  4.12583681e+00  3.63986103e-01  1.05679208e+00  2.26997936e-01  2.52725423e-01  8.15926342e-02  6.07934092e-02  2.28029849e-02  1.31827651e-02  1.14408403e-02  2.32718718e-02  1.40846565e-02  4.30817672e-03  3.06726703e-02  9.35008793e-04 -2.98834919e-03 -2.29063640e-02 -2.15452929e-03  9.75906731e-03 -5.79600503e-03  6.14677114e-04 -6.88628174e-03
 6.13627300e+00  3.31447568e+00 -2.06119086e+00  8.28340313e+00 -9.48012097e-01  3.71833020e+00  3.03345818e-01  9.41826102e-01  1.99089453e-01  2.21632463e-01  7.07053735e-02  5.34789585e-02  2.00316858e-02  1.09945129e-02  1.02869945e-02  2.19810961e-02  1.36798973e-02  4.04614892e-03  2.38937572e-02  2.68417450e-04 -2.82361524e-03 -2.18761686e-02 -3.28304840e-03  8.33575904e-03 -5.15279155e-03  1.02076297e-04 -6.80858033e-03
 6.18837700e+00  2.87897538e+00 -1.95975748e+00  7.44676947e+00 -9.45105993e-01  3.34909021e+00  2.50286412e-01  8.39225526e-01  1.74774822e-01  1.94134668e-01  6.13087937e-02  4.72535970e-02  1.77666437e-02  9.41732891e-03  9.12928757e-03  2.05639164e-02  1.31654066e-02  3.80102646e-03  1.78867601e-02 -1.74138164e-04 -2.71576415e-03 -2.09114968e-02 -4.18681614e-03  7.06651800e-03 -4.80363489e-03 -2.19437396e-04 -6.46980935e-03
 6.24048100e+00  2.48668870e+00 -1.85985949e+00  6.68636062e+00 -9.36478152e-01  3.01446715e+00  2.03924547e-01  7.47607213e-01  1.53549155e-01  1.69784106e-01  5.32260314e-02  4.19033739e-02  1.58635539e-02  8.29022979e-03  8.01029771e-03  1.90540221e-02  1.25149270e-02  3.60919422e-03  1.26055306e-02 -3.79154635e-04 -2.64840187e-03 -2.00069632e-02 -4.82285516e-03  5.97610567e-03 -4.69090147e-03 -3.85107523e-04 -5.92327118e-03
 6.29258500e+00  2.13360585e+00 -1.76194240e+00  5.99527747e+00 -9.23058887e-01  2.71116368e+00  1.63471613e-01  6.65722716e-01  1.34959628e-01  1.48203211e-01  4.62912945e-02  3.72549717e-02  1.41970608e-02  7.47171540e-03  6.96790038e-03  1.74976184e-02  1.17170319e-02  3.49225664e-03  8.01302673e-03 -3.58903898e-04 -2.61122000e-03 -1.91581112e-02 -5.17934958e-03  5.07713566e-03 -4.75247733e-03 -4.35567912e-04 -5.22882666e-03
 6.34468900e+00  1.81611571e+00 -1.66636636e+00  5.36729773e+00 -9.05656864e-01  2.43622111e+00  1.28229443e-01  5.92461558e-01  1.18609100e-01  1.29072065e-01  4.03509294e-02  3.31730580e-02  1.26659856e-02  6.84612148e-03  6.03079312e-03  1.59452919e-02  1.07734284e-02  3.46102771e-03  4.07697004e-03 -1.43198608e-04 -2.59675405e-03 -1.83619188e-02 -5.26784067e-03  4.37121047e-03 -4.92805668e-03 -4.09632468e-04 -4.44522989e-03
 6.39679400e+00  1.53096757e+00 -1.57342069e+00  4.79682598e+00 -8.84975368e-01  2.18699348e+00  9.75833438e-02  5.26847619e-01  1.04157063e-01  1.12117724e-01  3.52641639e-02  2.95559898e-02  1.11955172e-02  6.32576796e-03  5.21654915e-03  1.44452308e-02  9.69777487e-03  3.51821768e-03  7.66219319e-04  2.27240944e-04 -2.59873314e-03 -1.76166018e-02 -5.11620861e-03  3.85008752e-03 -5.16369213e-03 -3.39796475e-04 -3.62514350e-03
 6.44889800e+00  1.27525183e+00 -1.48334313e+00  4.27887535e+00 -8.61629199e-01  1.96113486e+00  7.09958687e-02  4.68035392e-01  9.13190539e-02  9.71067470e-02  3.09038781e-02  2.63305990e-02  9.73692650e-03  5.84981493e-03  4.53167376e-03  1.30384304e-02  8.51439319e-03  3.66018481e-03 -1.95171093e-03  7.06024886e-04 -2.61157340e-03 -1.69209801e-02 -4.76267821e-03  3.49713427e-03 -5.41460643e-03 -2.50155754e-04 -2.81248272e-03
 6.50100200e+00  1.04632503e+00 -1.39631784e+00  3.80893122e+00 -8.36155503e-01  1.75653517e+00  4.79940031e-02  4.15289772e-01  7.98609487e-02  8.38360084e-02  2.71560871e-02  2.34456898e-02  8.26499149e-03  5.38078133e-03  3.97281792e-03  1.17555689e-02  7.25615384e-03  3.87817608e-03 -4.11281802e-03  1.24533482e-03 -2.63052318e-03 -1.62735010e-02 -4.25082154e-03  3.28904061e-03 -5.64653358e-03 -1.56176848e-04 -2.04130494e-03
 6.55310600e+00  8.41792885e-01 -1.31248881e+00  3.38292506e+00 -8.09026288e-01  1.57130440e+00  2.81625180e-02  3.67976506e-01  6.95943234e-02  7.21280888e-02  2.39201746e-02  2.08662733e-02  6.77434737e-03  4.89997375e-03  3.52890526e-03  1.06159664e-02  5.96189387e-03  4.15935729e-03 -5.75721423e-03  1.79923117e-03 -2.65203750e-03 -1.56714976e-02 -3.62557538e-03  3.19795457e-03 -5.83577558e-03 -6.57347036e-05 -1.33603941e-03
 6.60521000e+00  6.59470236e-01 -1.23196250e+00  2.99715827e+00 -7.80656863e-01  1.40373538e+00  1.11351300e-02  3.25545797e-01  6.03693750e-02  6.18261003e-02  2.11084451e-02  1.85680109e-02  5.27495485e-03  4.40254255e-03  3.18347867e-03  9.62785171e-03  4.67326867e-03  4.48784562e-03 -6.92925217e-03  2.32624958e-03 -2.67408975e-03 -1.51106655e-02 -2.93016724e-03  3.19373995e-03 -5.96835930e-03  1.91723278e-05 -7.12374279e-04
 6.65731500e+00  4.97350249e-01 -1.15480999e+00  2.64824079e+00 -7.51412150e-01  1.25227374e+00 -3.41278365e-03  2.87517372e-01  5.20676583e-02  5.27896471e-02  1.86455908e-02  1.65326180e-02  3.78735816e-03  3.89283959e-03  2.91702777e-03  8.78968250e-03  3.43147912e-03  4.84582736e-03 -7.67694358e-03  2.79131065e-03 -2.69626762e-03 -1.45849243e-02 -2.20386497e-03  3.24622308e-03 -6.03858245e-03  1.00488400e-04 -1.78541651e-04
 6.70941900e+00  3.53594762e-01 -1.08107575e+00  2.33307301e+00 -7.21614279e-01  1.11550720e+00 -1.57689148e-02  2.53470644e-01  4.45958287e-02  4.48924346e-02  1.64682424e-02  1.47445507e-02  2.33829475e-03  3.38050489e-03  2.70908752e-03  8.09216333e-03  2.27436128e-03  5.21470321e-03 -8.05086381e-03  3.16692328e-03 -2.71961268e-03 -1.40866950e-02 -1.48054712e-03  3.32720546e-03 -6.04723432e-03  1.82270661e-04  2.63205027e-04
 6.76152300e+00  2.26499377e-01 -1.01077163e+00  2.04877180e+00 -6.91543403e-01  9.92131108e-01 -2.61903806e-02  2.23029620e-01  3.78784654e-02  3.80188717e-02  1.45239119e-02  1.31884114e-02  9.56531450e-04  2.87730688e-03  2.53991026e-03  7.52036283e-03  1.23378427e-03  5.57629361e-03 -8.10292910e-03  3.43384230e-03 -2.74625293e-03 -1.36073613e-02 -7.87788934e-04  3.41209639e-03 -5.99975027e-03  2.69189299e-04  6.15236308e-04
 6.81362700e+00  1.14494194e-01 -9.43885531e-01  1.79267273e+00 -6.61443348e-01  8.80947482e-01 -3.49063451e-02  1.95857183e-01  3.18534182e-02  3.20630161e-02  1.27702705e-02  1.18477448e-02 -3.30307893e-04  2.39494993e-03  2.39176053e-03  7.05596372e-03  3.34027917e-04  5.91387231e-03 -7.88493796e-03  3.58105196e-03 -2.77890488e-03 -1.31379958e-02 -1.46642938e-04  3.48104164e-03 -5.90445969e-03  3.65417511e-04  8.83211622e-04
 6.86573100e+00  1.61314874e-02 -8.80382778e-01  1.56230475e+00 -6.31523996e-01  7.80852410e-01 -4.21214047e-02  1.71647511e-01  2.64673709e-02  2.69271073e-02  1.11740582e-02  1.07044433e-02 -1.49826100e-03  1.94361955e-03  2.24975569e-03  6.67919833e-03 -4.09152398e-04  6.21304722e-03 -7.44724970e-03  3.60529665e-03 -2.82034687e-03 -1.26700738e-02  4.28205252e-04  3.51953090e-03 -5.77107866e-03  4.73942784e-04  1.07497646e-03
 6.91783600e+00 -6.99229356e-02 -8.20207772e-01  1.35537299e+00 -6.01963417e-01  6.90827157e-01 -4.80182700e-02  1.50120552e-01  2.16725291e-02  2.25205982e-02  9.70992322e-03  9.73877589e-03 -2.52872684e-03  1.53117927e-03  2.10232015e-03  6.37044942e-03 -9.88672815e-04  6.46239336e-03 -6.83758907e-03  3.51020521e-03 -2.87294552e-03 -1.21961229e-02  9.27942272e-04  3.51850806e-03 -5.60950537e-03  5.96246235e-04  1.19964993e-03
 6.96994000e+00 -1.44889395e-01 -7.63291402e-01  1.16976394e+00 -5.72912703e-01  6.09939182e-01 -5.27595631e-02  1.31019871e-01  1.74247118e-02  1.87598880e-02  8.35934419e-03  8.92989528e-03 -3.40931411e-03  1.16290144e-03  1.94132336e-03  6.11148352e-03 -1.40555791e-03  6.65379238e-03 -6.10013652e-03  3.30515327e-03 -2.93828777e-03 -1.17102770e-02  1.34885930e-03  3.47406188e-03 -5.42896352e-03  7.32261571e-04  1.26690072e-03
 7.02204400e+00 -2.09889805e-01 -7.09546877e-01  1.00351329e+00 -5.44495108e-01  5.37326985e-01 -5.64904624e-02  1.14107521e-01  1.36813628e-02  1.55674398e-02  7.10926700e-03  8.25637223e-03 -4.13422537e-03  8.41467099e-04  1.76192765e-03  5.88623564e-03 -1.66798469e-03  6.78255399e-03 -5.27474995e-03  3.00395019e-03 -3.01696464e-03 -1.12085570e-02  1.69154818e-03  3.38679646e-03 -5.23743135e-03  8.80564782e-04  1.28642837e-03
 7.07414800e+00 -2.65946407e-01 -6.58877069e-01  8.54814682e-01 -5.16810849e-01  4.72202837e-01 -5.93400111e-02  9.91638987e-02  1.04011558e-02  1.28718936e-02  5.95106076e-03  7.69698173e-03 -4.70390382e-03  5.67266350e-04  1.56227256e-03  5.68130052e-03 -1.78988521e-03  6.84725392e-03 -4.39655911e-03  2.62349739e-03 -3.10849092e-03 -1.06890505e-02  1.95995144e-03  3.26099296e-03 -5.04137860e-03  1.03866683e-03  1.26757867e-03
 7.12625300e+00 -3.13990083e-01 -6.11174928e-01  7.22005754e-01 -4.89938534e-01  4.13845720e-01 -6.14229029e-02  8.59858164e-02  7.54356968e-03  1.06077779e-02  4.87938744e-03  7.23134499e-03 -5.12438868e-03  3.38772833e-04  1.34301633e-03  5.48609405e-03 -1.78944731e-03  6.84941063e-03 -3.49572770e-03  2.18247906e-03 -3.21136181e-03 -1.01518585e-02  2.16048281e-03  3.10366716e-03 -4.84570619e-03  1.20337823e-03  1.21910250e-03
 7.17835700e+00 -3.54862731e-01 -5.66329388e-01  6.03570582e-01 -4.63939647e-01  3.61601508e-01 -6.28408288e-02  7.43865949e-02  5.06916648e-03  8.71554786e-03  3.89131000e-03  6.84052963e-03 -5.40634571e-03  1.52991488e-04  1.10683603e-03  5.29281052e-03 -1.68758771e-03  6.79302732e-03 -2.59752214e-03  1.70021485e-03 -3.32320009e-03 -9.59895727e-03  2.30118509e-03  2.92363211e-03 -4.65386826e-03  1.37115923e-03  1.14901931e-03
 7.23046100e+00 -3.89328859e-01 -5.24221949e-01  4.98116678e-01 -4.38857806e-01  3.14872074e-01 -6.36840767e-02  6.41939002e-02  2.93953635e-03  7.14119626e-03  2.98532686e-03  6.50742542e-03 -5.56402992e-03  5.85687865e-06  8.57867994e-04  5.09617846e-03 -1.50651475e-03  6.68405786e-03 -1.72237886e-03  1.19559137e-03 -3.44099068e-03 -9.03384960e-03  2.39102189e-03  2.73059047e-03 -4.46805883e-03  1.53846816e-03  1.06454552e-03
 7.28256500e+00 -4.18077938e-01 -4.84732237e-01  4.04377402e-01 -4.14723057e-01  2.73115654e-01 -6.40325973e-02  5.52502384e-02  1.11789505e-03  5.83627822e-03  2.16075569e-03  6.21706324e-03 -5.61412484e-03 -1.07361803e-04  6.01211046e-04  4.89314837e-03 -1.26846112e-03  6.52984653e-03 -8.86278040e-04  6.86270784e-04 -3.56132860e-03 -8.46125334e-03  2.43924482e-03  2.53436792e-03 -4.28948741e-03  1.70202088e-03  9.72083580e-04
 7.33466900e+00 -4.41731544e-01 -4.47738654e-01  3.21201008e-01 -3.91553411e-01  2.35841447e-01 -6.39571701e-02  4.74121656e-02 -4.30589448e-04  4.75766970e-03  1.41715586e-03  5.95674754e-03 -5.57466971e-03 -1.91733356e-04  3.42456960e-04  4.68250591e-03 -9.94638015e-04  6.33858670e-03 -1.01125309e-04  1.88060291e-04 -3.68067895e-03 -7.88671092e-03  2.45490301e-03  2.34427264e-03 -4.11864619e-03  1.85899751e-03  8.77238842e-04
 7.38677400e+00 -4.60849702e-01 -4.13119099e-01  2.47540959e-01 -3.69356304e-01  2.02604867e-01 -6.35203957e-02  4.05496165e-02 -1.73847722e-03  3.86731590e-03  7.53898861e-04  5.71607197e-03 -5.46407923e-03 -2.52393741e-04  8.72852256e-05  4.46446856e-03 -7.04421422e-04  6.11882281e-03  6.24803254e-04 -2.85521798e-04 -3.79561548e-03 -7.31620264e-03  2.44646708e-03  2.16860729e-03 -3.95555865e-03  2.00717798e-03  7.84852454e-04
 7.43887800e+00 -4.75935277e-01 -3.80754712e-01  1.82453086e-01 -3.48131964e-01  1.73005981e-01 -6.27776349e-02  3.45458077e-02 -2.83569617e-03  3.13201957e-03  1.69926979e-04  5.48685830e-03 -5.30032096e-03 -2.94329569e-04 -1.58844143e-04  4.24031689e-03 -4.14804996e-04  5.87904335e-03  1.28631889e-03 -7.23453100e-04 -3.90300997e-03 -6.75584351e-03  2.42156537e-03  2.01434847e-03 -3.80000551e-03  2.14499725e-03  6.99049617e-04
 7.49098200e+00 -4.87441631e-01 -3.50526816e-01  1.25079002e-01 -3.27872347e-01  1.46681847e-01 -6.17777569e-02  2.92957763e-02 -3.74952251e-03  2.52302861e-03 -3.36502383e-04  5.26297440e-03 -5.10023566e-03 -3.22227102e-04 -3.90971227e-04  4.01201753e-03 -1.40018767e-04  5.62731140e-03  1.88091172e-03 -1.11734487e-03 -4.00019565e-03 -6.21151635e-03  2.38681669e-03  1.88693222e-03 -3.65167175e-03  2.27157116e-03  6.23270228e-04
 7.54308600e+00 -4.95776164e-01 -3.22320344e-01  7.46440630e-02 -3.08564164e-01  1.23305490e-01 -6.05638803e-02  2.47061820e-02 -4.50440594e-03  2.01576985e-03 -7.67849753e-04  5.04014628e-03 -4.87904994e-03 -3.40356867e-04 -6.04795037e-04  3.78193424e-03  1.08599733e-04  5.37102089e-03  2.40821640e-03 -1.46135406e-03 -4.08505717e-03 -5.68867045e-03  2.34774902e-03  1.79019519e-03 -3.51027510e-03  2.38664663e-03  5.60314542e-04
 7.59519000e+00 -5.01305412e-01 -2.96023709e-01  3.04484055e-02 -2.90189560e-01  1.02581835e-01 -5.91740010e-02  2.06943688e-02 -5.12201847e-03  1.58947524e-03 -1.12731714e-03  4.81571507e-03 -4.65004460e-03 -3.52504486e-04 -7.96791264e-04  3.55257105e-03  3.22598049e-04  5.11671298e-03  2.86957894e-03 -1.75203607e-03 -4.15608235e-03 -5.19212456e-03  2.30878712e-03  1.72639844e-03 -3.37563198e-03  2.49053154e-03  5.12376087e-04
 7.64729500e+00 -5.04359337e-01 -2.71528759e-01 -8.14077060e-03 -2.72726752e-01  8.42442377e-02 -5.76415263e-02  1.71874638e-02 -5.62136342e-03  1.22681177e-03 -1.41880539e-03  4.58838011e-03 -4.42436944e-03 -3.61932756e-04 -9.64270961e-04  3.32636901e-03  4.96268882e-04  4.86996494e-03  3.26765533e-03 -1.98811430e-03 -4.21236875e-03 -4.72593051e-03  2.27329374e-03  1.69633172e-03 -3.24768441e-03  2.58400005e-03  4.81073159e-04
 7.69939900e+00 -5.05234983e-01 -2.48732891e-01 -4.16928774e-02 -2.56152157e-01  6.80529781e-02 -5.59958976e-02  1.41217764e-02 -6.01890239e-03  9.13543697e-04 -1.64680439e-03  4.35796336e-03 -4.21100760e-03 -3.71368677e-04 -1.10537651e-03  3.10557635e-03  6.26398480e-04  4.63536538e-03  3.60601978e-03 -2.17017663e-03 -4.25358899e-03 -4.29333450e-03  2.24365434e-03  1.69947525e-03 -3.12650757e-03  2.66817654e-03  4.67481800e-04
 7.75150300e+00 -5.04200244e-01 -2.27536407e-01 -7.07243853e-02 -2.40439059e-01  5.37905468e-02 -5.42628597e-02  1.14415325e-02 -6.32882021e-03  6.38133602e-04 -1.81631104e-03  4.12514014e-03 -4.01680106e-03 -3.83012211e-04 -1.21907176e-03  2.89212228e-03  7.11982776e-04  4.41649344e-03  3.88889676e-03 -2.30038761e-03 -4.27993925e-03 -3.89669631e-03  2.22138236e-03  1.73419196e-03 -3.01227101e-03  2.74443395e-03  4.72164070e-04
 7.80360700e+00 -5.01496633e-01 -2.07844499e-01 -9.57012643e-02 -2.25559530e-01  4.12607422e-02 -5.24649755e-02  9.09830322e-03 -6.56322055e-03  3.91425964e-04 -1.93267600e-03  3.89123091e-03 -3.84660005e-03 -3.98558546e-04 -1.30507117e-03  2.68757527e-03  7.53872121e-04  4.21598522e-03  4.12086512e-03 -2.38214567e-03 -4.29205799e-03 -3.53753788e-03  2.20724778e-03  1.79794443e-03 -2.90521096e-03  2.81427797e-03  4.95205525e-04
 7.85571100e+00 -4.97342041e-01 -1.89566773e-01 -1.17044763e-01 -2.11484553e-01  3.02861861e-02 -5.06219516e-02  7.05011361e-03 -6.73238507e-03  1.66311922e-04 -2.00147608e-03  3.65799361e-03 -3.70344776e-03 -4.19232512e-04 -1.36376612e-03  2.49311358e-03  7.54420320e-04  4.03560455e-03  4.30665020e-03 -2.41977229e-03 -4.29094024e-03 -3.21657681e-03  2.20140881e-03  1.88751207e-03 -2.80558448e-03  2.87925044e-03  5.36253331e-04
 7.90781600e+00 -4.91932987e-01 -1.72616881e-01 -1.35136221e-01 -1.98184152e-01  2.07062663e-02 -4.87509185e-02  5.26063476e-03 -6.84502333e-03 -4.25813896e-05 -2.02838414e-03  3.42744125e-03 -3.58880374e-03 -4.45831365e-04 -1.39613556e-03  2.30952391e-03  7.17134210e-04  3.87633407e-03  4.45095523e-03 -2.41821594e-03 -4.27784709e-03 -2.93378688e-03  2.20354360e-03  1.99920421e-03 -2.71362484e-03  2.94084568e-03  5.94561234e-04
 7.95992000e+00 -4.85447117e-01 -1.56913709e-01 -1.50319770e-01 -1.85628718e-01  1.23761653e-02 -4.68668538e-02  3.69859267e-03 -6.90850330e-03 -2.39158390e-04 -2.01904714e-03  3.20170783e-03 -3.50279599e-03 -4.78770163e-04 -1.40364820e-03  2.13723799e-03  6.46347724e-04  3.73849083e-03  4.55832126e-03 -2.38278655e-03 -4.25421943e-03 -2.68849981e-03  2.21297455e-03  2.12904631e-03 -2.62951034e-03  3.00043721e-03  6.69033247e-04
 8.01202400e+00 -4.78044394e-01 -1.42379304e-01 -1.62907998e-01 -1.73787722e-01  5.16426883e-03 -4.49826153e-02  2.33689881e-03 -6.92908441e-03 -4.26137137e-04 -1.97898170e-03  2.98289632e-03 -3.44445526e-03 -5.18135450e-04 -1.38816895e-03  1.97634853e-03  5.46918089e-04  3.62181471e-03  4.63305043e-03 -2.31892363e-03 -4.22159588e-03 -2.47946255e-03  2.22878196e-03  2.27296683e-03 -2.55332364e-03  3.05923330e-03  7.58283077e-04
 8.06412800e+00 -4.69869075e-01 -1.28940059e-01 -1.73183709e-01 -1.62630965e-01 -1.04840173e-03 -4.31093039e-02  1.15219043e-03 -6.91210588e-03 -6.05265235e-04 -1.91347987e-03  2.77299611e-03 -3.41196429e-03 -5.63735246e-04 -1.35186141e-03  1.82667000e-03  4.23965470e-04  3.52558553e-03  4.67913263e-03 -2.23200210e-03 -4.18154303e-03 -2.30495306e-03  2.24990332e-03  2.42693814e-03 -2.48503829e-03  3.11823767e-03  8.60685695e-04
 8.11623200e+00 -4.61051024e-01 -1.16526218e-01 -1.81403129e-01 -1.52128480e-01 -6.36956281e-03 -4.12564231e-02  1.24256927e-04 -6.86216217e-03 -7.77530002e-04 -1.82753540e-03  2.57380173e-03 -3.40287912e-03 -6.15151115e-04 -1.29709963e-03  1.68778623e-03  2.82650289e-04  3.44871810e-03  4.70021352e-03 -2.12717714e-03 -4.13559638e-03 -2.16286739e-03  2.27521673e-03  2.58710126e-03 -2.42450622e-03  3.17823194e-03  9.74435633e-04
 8.16833700e+00 -4.51706759e-01 -1.05071507e-01 -1.87798534e-01 -1.42250483e-01 -1.08967956e-02 -3.94320161e-02 -7.64449656e-04 -6.78324826e-03 -9.43341848e-04 -1.72578405e-03  2.38685387e-03 -3.41433141e-03 -6.71789334e-04 -1.22638506e-03  1.55910056e-03  1.27988939e-04  3.38985103e-03  4.69958088e-03 -2.00926334e-03 -4.08521284e-03 -2.05080665e-03  2.30360872e-03  2.74986543e-03 -2.37145536e-03  3.23977221e-03  1.09760674e-03
 8.22044100e+00 -4.41941279e-01 -9.45138291e-02 -1.92580018e-01 -1.32968226e-01 -1.47181466e-02 -3.76429581e-02 -1.52916177e-03 -6.67888811e-03 -1.10267705e-03 -1.61247042e-03  2.21341681e-03 -3.44320409e-03 -7.32923810e-04 -1.14227954e-03  1.43989640e-03 -3.52753689e-05  3.34743057e-03  4.68016837e-03 -1.88265973e-03 -4.03174015e-03 -1.96616792e-03  2.33402335e-03  2.91196679e-03 -2.32550042e-03  3.30319155e-03  1.22819818e-03
 8.27254500e+00 -4.31847978e-01 -8.47937922e-02 -1.95938210e-01 -1.24252953e-01 -1.79134804e-02 -3.58948816e-02 -2.18325392e-03 -6.55222390e-03 -1.25522857e-03 -1.49140982e-03  2.05443661e-03 -3.48628301e-03 -7.97746465e-04 -1.04733376e-03  1.32936973e-03 -2.02794624e-04  3.31977295e-03  4.64457129e-03 -1.75128213e-03 -3.97638796e-03 -1.90620658e-03  2.36550196e-03  3.07053528e-03 -2.28615020e-03  3.36862372e-03  1.36420111e-03
 8.32464900e+00 -4.21510241e-01 -7.58554452e-02 -1.98045516e-01 -1.16076735e-01 -2.05548670e-02 -3.41924376e-02 -2.73847527e-03 -6.40609912e-03 -1.40050286e-03 -1.36598315e-03  1.91054929e-03 -3.54038020e-03 -8.65402598e-04 -9.44038897e-04  1.22668141e-03 -3.70674854e-04  3.30512779e-03  4.59507102e-03 -1.61854446e-03 -3.92021840e-03 -1.86811227e-03  2.39720430e-03  3.22310941e-03 -2.25283001e-03  3.43602226e-03  1.50363729e-03
 8.37675400e+00 -4.11001890e-01 -6.76457505e-02 -1.99057840e-01 -1.08412194e-01 -2.27073876e-02 -3.25393374e-02 -3.20523196e-03 -6.24311315e-03 -1.53791489e-03 -1.23913146e-03  1.78207991e-03 -3.60243351e-03 -9.35028204e-04 -8.34779090e-04  1.13098919e-03 -5.35523477e-04  3.30172530e-03  4.53366401e-03 -1.48734828e-03 -3.86413943e-03 -1.84906423e-03  2.42842141e-03  3.36765159e-03 -2.22490136e-03  3.50519137e-03  1.64460638e-03
 8.42885800e+00 -4.00388738e-01 -6.01150568e-02 -1.99115953e-01 -1.01233123e-01 -2.44295898e-02 -3.09385749e-02 -3.59276672e-03 -6.06567787e-03 -1.66684865e-03 -1.11337443e-03  1.66906634e-03 -3.66957666e-03 -1.00577452e-03 -7.21804972e-04  1.04148488e-03 -6.94453490e-04  3.30781568e-03  4.46209959e-03 -1.36010437e-03 -3.80891124e-03 -1.84628178e-03  2.45857566e-03  3.50253187e-03 -2.20168653e-03  3.57581134e-03  1.78531113e-03
 8.48096200e+00 -3.89728087e-01 -5.32160203e-02 -1.98346876e-01 -9.45136411e-02 -2.57742891e-02 -2.93923246e-02 -3.90938926e-03 -5.87603009e-03 -1.78672733e-03 -9.90812275e-04  1.57126582e-03 -3.73920035e-03 -1.07684083e-03 -6.07194372e-04  9.57406936e-04 -8.45099304e-04  3.32169986e-03  4.38190632e-03 -1.23874243e-03 -3.75514717e-03 -1.85706329e-03  2.48721944e-03  3.62652742e-03 -2.18248785e-03  3.64747806e-03  1.92410292e-03
 8.53306600e+00 -3.79070180e-01 -4.69041191e-02 -1.96864952e-01 -8.82288242e-02 -2.67889037e-02 -2.79021485e-02 -4.16258420e-03 -5.67626498e-03 -1.89704258e-03 -8.73158331e-04  1.48819166e-03 -3.80898303e-03 -1.14748884e-03 -4.92841673e-04  8.78065420e-04 -9.85585081e-04  3.34175388e-03  4.29442866e-03 -1.12475565e-03 -3.70332901e-03 -1.87882126e-03  2.51402241e-03  3.73878494e-03 -2.16661099e-03  3.71972820e-03  2.05949332e-03
 8.58517000e+00 -3.68458618e-01 -4.11373683e-02 -1.94772934e-01 -8.23545707e-02 -2.75159665e-02 -2.64690372e-02 -4.35913896e-03 -5.46834683e-03 -1.99738483e-03 -7.61763996e-04  1.41914077e-03 -3.87691184e-03 -1.21705869e-03 -3.80443592e-04  8.02851727e-04 -1.11449739e-03  3.36644645e-03  4.20085576e-03 -1.01923874e-03 -3.65381940e-03 -1.90910813e-03  2.53875826e-03  3.83879070e-03 -2.15338323e-03  3.79206877e-03  2.19017253e-03
 8.63727500e+00 -3.57930747e-01 -3.58761092e-02 -1.92162903e-01 -7.68675197e-02 -2.79935608e-02 -2.50934510e-02 -4.50524163e-03 -5.25411296e-03 -2.08746194e-03 -6.57647361e-04  1.36322493e-03 -3.94129054e-03 -1.28498028e-03 -2.71490902e-04  7.31243799e-04 -1.23084870e-03  3.39435217e-03  4.10224613e-03 -9.22930397e-04 -3.60687552e-03 -1.94563697e-03  2.56128923e-03  3.92633503e-03 -2.14216926e-03  3.86400373e-03  2.31502093e-03
 8.68937900e+00 -3.47519010e-01 -3.10832951e-02 -1.89117377e-01 -7.17454774e-02 -2.82556845e-02 -2.37754854e-02 -4.60654724e-03 -5.03529449e-03 -2.16710098e-03 -5.61533521e-04  1.31940808e-03 -4.00073087e-03 -1.35077382e-03 -1.67275580e-04  6.62813572e-04 -1.33402496e-03  3.42415764e-03  3.99955825e-03 -8.36265829e-04 -3.56266755e-03 -1.98629305e-03  2.58154790e-03  4.00146649e-03 -2.13238467e-03  3.93504997e-03  2.43310315e-03
 8.74148300e+00 -3.37250258e-01 -2.67237841e-02 -1.85709837e-01 -6.69667947e-02 -2.83326707e-02 -2.25147703e-02 -4.66825552e-03 -4.81349341e-03 -2.23626003e-03 -4.73875870e-04  1.28653292e-03 -4.05414794e-03 -1.41405955e-03 -6.88813220e-05  5.97216967e-04 -1.42375285e-03  3.45466953e-03  3.89365825e-03 -7.59410487e-04 -3.52128763e-03 -2.02914772e-03  2.59952364e-03  4.06446201e-03 -2.12350408e-03  4.00476303e-03  2.54368073e-03
 8.79358700e+00 -3.27147055e-01 -2.27646540e-02 -1.82005690e-01 -6.25108008e-02 -2.82514849e-02 -2.13106291e-02 -4.69514725e-03 -4.59019915e-03 -2.29501715e-03 -3.94897552e-04  1.26335776e-03 -4.10073696e-03 -1.47455098e-03  2.28014258e-05  5.34194595e-04 -1.50004394e-03  3.48481446e-03  3.78534271e-03 -6.92310592e-04 -3.48276699e-03 -2.07246120e-03  2.61524594e-03  4.11578061e-03 -2.11506811e-03  4.07274502e-03  2.64619633e-03
 8.84569100e+00 -3.17227938e-01 -1.91750032e-02 -1.78062942e-01 -5.83576964e-02 -2.80360506e-02 -2.01621002e-02 -4.69162600e-03 -4.36678423e-03 -2.34356425e-03 -3.24621948e-04  1.24858594e-03 -4.13995181e-03 -1.53205196e-03  1.07068274e-04  4.73563104e-04 -1.56315151e-03  3.51363930e-03  3.67534850e-03 -6.34731316e-04 -3.44708709e-03 -2.11468528e-03  2.62877169e-03  4.15602773e-03 -2.10668624e-03  4.13865540e-03  2.74026631e-03
 8.89779600e+00 -3.07507675e-01 -1.59258022e-02 -1.73932777e-01 -5.44884816e-02 -2.77075309e-02 -1.90679621e-02 -4.66174767e-03 -4.14449960e-03 -2.38219685e-03 -2.62902853e-04  1.24089447e-03 -4.17147990e-03 -1.58645099e-03  1.83390857e-04  4.15205113e-04 -1.61352825e-03  3.54030966e-03  3.56435922e-03 -5.86292620e-04 -3.41418956e-03 -2.15446329e-03  2.64017442e-03  4.18592070e-03 -2.09803686e-03  4.20221793e-03  2.82566972e-03
 8.94990000e+00 -2.97998416e-01 -1.29900500e-02 -1.69660502e-01 -5.08852430e-02 -2.72846241e-02 -1.80268567e-02 -4.60924753e-03 -3.92449162e-03 -2.41129868e-03 -2.09458628e-04  1.23896080e-03 -4.19521262e-03 -1.63770881e-03  2.51398190e-04  3.59063537e-04 -1.65178260e-03  3.56410442e-03  3.45301940e-03 -5.46505703e-04 -3.38398765e-03 -2.19062382e-03  2.64953467e-03  4.20625466e-03 -2.08886604e-03  4.26321816e-03  2.90232701e-03
 9.00200400e+00 -2.88708954e-01 -1.03423180e-02 -1.65285641e-01 -4.75307027e-02 -2.67837711e-02 -1.70372021e-02 -4.53755613e-03 -3.70777700e-03 -2.43133243e-03 -1.63892662e-04  1.24148567e-03 -4.21122104e-03 -1.68585496e-03  3.10871519e-04  3.05124182e-04 -1.67864816e-03  3.58441446e-03  3.34192516e-03 -5.14796443e-04 -3.35636981e-03 -2.22218029e-03  2.65693485e-03  4.21787747e-03 -2.07898263e-03  4.32151038e-03  2.97029369e-03
 9.05410800e+00 -2.79645832e-01 -7.95892426e-03 -1.60842785e-01 -4.44085112e-02 -2.62194054e-02 -1.60973117e-02 -4.44981713e-03 -3.49526115e-03 -2.44282259e-03 -1.25723622e-04  1.24721477e-03 -4.21972556e-03 -1.73097311e-03  3.61723788e-04  2.53409425e-04 -1.69494719e-03  3.60073526e-03  3.23163427e-03 -4.90534429e-04 -3.33120817e-03 -2.24832118e-03  2.66245404e-03  4.22166216e-03 -2.06825360e-03  4.37700972e-03  3.02973651e-03
 9.10621200e+00 -2.70813480e-01 -5.81779040e-03 -1.56362007e-01 -4.15031585e-02 -2.56041557e-02 -1.52054042e-02 -4.34890029e-03 -3.28773602e-03 -2.44634257e-03 -9.44071915e-05  1.25495667e-03 -4.22106979e-03 -1.77319128e-03  4.03986474e-04  2.03966511e-04 -1.70156333e-03  3.61266166e-03  3.12266424e-03 -4.73053390e-04 -3.30836240e-03 -2.26840299e-03  2.66616578e-03  4.21848614e-03 -2.05659757e-03  4.42968871e-03  3.08091786e-03
 9.15831700e+00 -2.62214350e-01 -3.89833033e-03 -1.51869230e-01 -3.87999106e-02 -2.49490222e-02 -1.43596156e-02 -4.23741090e-03 -3.08587908e-03 -2.44250142e-03 -6.93562481e-05  1.26359830e-03 -4.21569484e-03 -1.81267182e-03  4.37795564e-04  1.56856681e-04 -1.69941700e-03  3.61988170e-03  3.01548948e-03 -4.61669033e-04 -3.28768284e-03 -2.28194170e-03  2.66813745e-03  4.20921299e-03 -2.04397764e-03  4.47957195e-03  3.12417942e-03
 9.21042100e+00 -2.53849843e-01 -2.18151922e-03 -1.47386991e-01 -3.62849962e-02 -2.42636008e-02 -1.35580889e-02 -4.11770903e-03 -2.89027232e-03 -2.43193203e-03 -4.99608655e-05  1.27211680e-03 -4.20411614e-03 -1.84959795e-03  4.63374912e-04  1.12149589e-04 -1.68944513e-03  3.62216966e-03  2.91054822e-03 -4.55694629e-04 -3.26901443e-03 -2.28860238e-03  2.66843071e-03  4.19467858e-03 -2.03039518e-03  4.52672526e-03  3.15992251e-03
 9.26252500e+00 -2.45719565e-01 -6.49600656e-04 -1.42934309e-01 -3.39452775e-02 -2.35561644e-02 -1.27988982e-02 -3.99190647e-03 -2.70138324e-03 -2.41527962e-03 -3.56012752e-05  1.27959036e-03 -4.18690104e-03 -1.88416844e-03  4.81026487e-04  6.99097336e-05 -1.67258364e-03  3.61938027e-03  2.80822852e-03 -4.54451737e-04 -3.25219608e-03 -2.28819084e-03  2.66710342e-03  4.17567835e-03 -2.01588123e-03  4.57125369e-03  3.18859740e-03
 9.31462900e+00 -2.37822208e-01  7.13833005e-04 -1.38527383e-01 -3.17684409e-02 -2.28338550e-02 -1.20801344e-02 -3.86188482e-03 -2.51958527e-03 -2.39319197e-03 -2.56634351e-05  1.28520484e-03 -4.16464956e-03 -1.91658560e-03  4.91114713e-04  3.01931353e-05 -1.64975353e-03  3.61144134e-03  2.70887504e-03 -4.57280691e-04 -3.23706343e-03 -2.28064210e-03  2.66421176e-03  4.15295911e-03 -2.00049053e-03  4.61328981e-03  3.21068540e-03
 9.36673300e+00 -2.30155577e-01  1.92394868e-03 -1.34179822e-01 -2.97429205e-02 -2.21028000e-02 -1.13999050e-02 -3.72930312e-03 -2.34515923e-03 -2.36631081e-03 -1.95498349e-05  1.28825870e-03 -4.13797695e-03 -1.94704804e-03  4.94055139e-04 -6.95936037e-06 -1.62184976e-03  3.59834723e-03  2.61278570e-03 -4.63547660e-04 -3.22344916e-03 -2.26601013e-03  2.65981311e-03  4.12721260e-03 -1.98429490e-03  4.65298690e-03  3.22668662e-03
 9.41883800e+00 -2.22716620e-01  2.99475948e-03 -1.29902862e-01 -2.78578396e-02 -2.13682141e-02 -1.07563365e-02 -3.59560533e-03 -2.17829591e-03 -2.33526382e-03 -1.66887391e-05  1.28816554e-03 -4.10749810e-03 -1.97574449e-03  4.90303178e-04 -4.15272341e-05 -1.58973199e-03  3.58015186e-03  2.52020913e-03 -4.72650323e-04 -3.21118328e-03 -2.24445664e-03  2.65396871e-03  4.09907079e-03 -1.96737712e-03  4.69051233e-03  3.23710835e-03
 9.47094200e+00 -2.15502145e-01  3.93911138e-03 -1.25705955e-01 -2.61031264e-02 -2.06345597e-02 -1.01476345e-02 -3.46204110e-03 -2.01911484e-03 -2.30066088e-03 -1.65416759e-05  1.28445453e-03 -4.07381713e-03 -2.00284602e-03  4.80344362e-04 -7.35109583e-05 -1.55422062e-03  3.55696370e-03  2.43135139e-03 -4.84021019e-04 -3.20009437e-03 -2.21624207e-03  2.64674698e-03  4.06910597e-03 -1.94982706e-03  4.72603789e-03  3.24245413e-03
 9.52304600e+00 -2.08508090e-01  4.76887073e-03 -1.21596514e-01 -2.44692710e-02 -1.99055561e-02 -9.57202002e-03 -3.32966126e-03 -1.86765141e-03 -2.26308538e-03 -1.86086634e-05  1.27676895e-03 -4.03751327e-03 -2.02850509e-03  4.64684727e-04 -1.02938043e-04 -1.51608851e-03  3.52893736e-03  2.34636571e-03 -4.97130395e-04 -3.19000861e-03 -2.18171221e-03  2.63822531e-03  4.03782685e-03 -1.93173543e-03  4.75973805e-03  3.24321610e-03
 9.57515000e+00 -2.01730205e-01  5.49490277e-03 -1.17580464e-01 -2.29474442e-02 -1.91843198e-02 -9.02778648e-03 -3.19933981e-03 -1.72387636e-03 -2.22309256e-03 -2.24323799e-05  1.26486279e-03 -3.99913464e-03 -2.05285031e-03  4.43842809e-04 -1.29861262e-04 -1.47606029e-03  3.49626882e-03  2.26536069e-03 -5.11488257e-04 -3.18075115e-03 -2.14128897e-03  2.62849243e-03  4.00568155e-03 -1.91319147e-03  4.79178181e-03  3.23986680e-03
 9.62725500e+00 -1.95163879e-01  6.12716626e-03 -1.13662278e-01 -2.15294048e-02 -1.84734118e-02 -8.51328388e-03 -3.07178102e-03 -1.58769660e-03 -2.18120493e-03 -2.76006095e-05  1.24859570e-03 -3.95919044e-03 -2.07598572e-03  4.18341887e-04 -1.54359675e-04 -1.43480915e-03  3.45918844e-03  2.18839880e-03 -5.26644651e-04 -3.17214628e-03 -2.09545832e-03  2.61764961e-03  3.97305831e-03 -1.89427941e-03  4.82232965e-03  3.23285331e-03
 9.67935900e+00 -1.88804713e-01  6.67472670e-03 -1.09845450e-01 -2.02075770e-02 -1.77749590e-02 -8.02696170e-03 -2.94754204e-03 -1.45897226e-03 -2.13791319e-03 -3.37469176e-05  1.22792805e-03 -3.91814928e-03 -2.09798844e-03  3.88705760e-04 -1.76535736e-04 -1.39295927e-03  3.41795841e-03  2.11550453e-03 -5.42188611e-04 -3.16401881e-03 -2.04476333e-03  2.60581227e-03  3.94029081e-03 -1.87507787e-03  4.85152771e-03  3.22259323e-03
 9.73146300e+00 -1.82647826e-01  7.14588703e-03 -1.06132207e-01 -1.89748572e-02 -1.70906330e-02 -7.56731250e-03 -2.82703133e-03 -1.33750770e-03 -2.09366980e-03 -4.05511966e-05  1.20291180e-03 -3.87643160e-03 -2.11891198e-03  3.55450392e-04 -1.96516231e-04 -1.35108110e-03  3.37286307e-03  2.04665854e-03 -5.57749312e-04 -3.15619403e-03 -1.98978841e-03  2.59310883e-03  3.90765784e-03 -1.85565619e-03  4.87950879e-03  3.20947052e-03
 9.78356700e+00 -1.76688412e-01  7.54819399e-03 -1.02523946e-01 -1.78246941e-02 -1.64217577e-02 -7.13291343e-03 -2.71053229e-03 -1.22306879e-03 -2.04889109e-03 -4.77382241e-05  1.17368330e-03 -3.83441118e-03 -2.13878591e-03  3.19081223e-04 -2.14447780e-04 -1.30969510e-03  3.32420672e-03  1.98180717e-03 -5.72993881e-04 -3.14849954e-03 -1.93115254e-03  2.57968102e-03  3.87538976e-03 -1.83607517e-03  4.90638822e-03  3.19383371e-03
 9.83567100e+00 -1.70921651e-01  7.88850571e-03 -9.90212881e-02 -1.67510303e-02 -1.57693444e-02 -6.72241644e-03 -2.59821461e-03 -1.11538681e-03 -2.00395595e-03 -5.50758454e-05  1.14045400e-03 -3.79241419e-03 -2.15761876e-03  2.80088912e-04 -2.30494173e-04 -1.26927218e-03  3.27230825e-03  1.92086485e-03 -5.87626344e-04 -3.14076632e-03 -1.86949844e-03  2.56568239e-03  3.84367212e-03 -1.81638632e-03  4.93226354e-03  3.17599456e-03
 9.88777600e+00 -1.65342631e-01  8.17304938e-03 -9.56241301e-02 -1.57482534e-02 -1.51341219e-02 -6.33454039e-03 -2.49014642e-03 -1.01416297e-03 -1.95920485e-03 -6.23725155e-05  1.10350002e-03 -3.75071941e-03 -2.17540157e-03  2.38945410e-04 -2.44833052e-04 -1.23023433e-03  3.21749569e-03  1.86371739e-03 -6.01386325e-04 -3.13283008e-03 -1.80548169e-03  2.55127628e-03  3.81264957e-03 -1.79663181e-03  4.95721480e-03  3.15622734e-03
 9.93988000e+00 -1.59946794e-01  8.40745112e-03 -9.23320004e-02 -1.48112417e-02 -1.45166237e-02 -5.96809894e-03 -2.38631655e-03 -9.19082302e-04 -1.91494353e-03 -6.94735987e-05  1.06315507e-03 -3.70956331e-03 -2.19211019e-03  1.96104671e-04 -2.57650934e-04 -1.19295932e-03  3.16010645e-03  1.81023087e-03 -6.14046301e-04 -3.12453347e-03 -1.73976642e-03  2.53663457e-03  3.78243276e-03 -1.77684645e-03  4.98130304e-03  3.13477088e-03
 9.99198400e+00 -1.54729306e-01  8.59681712e-03 -8.91437606e-02 -1.39352189e-02 -1.39171492e-02 -5.62195381e-03 -2.28663607e-03 -8.29808038e-04 -1.87143829e-03 -7.62586681e-05  1.01979597e-03 -3.66913806e-03 -2.20771159e-03  1.51995955e-04 -2.69140779e-04 -1.15777800e-03  3.10047729e-03  1.76024978e-03 -6.25411396e-04 -3.11572679e-03 -1.67300910e-03  2.52193325e-03  3.75309926e-03 -1.75705641e-03  5.00457414e-03  3.11182737e-03
 1.00440880e+01 -1.49685498e-01  8.74575723e-03 -8.60579482e-02 -1.31158044e-02 -1.33358428e-02 -5.29504224e-03 -2.19096029e-03 -7.45995173e-04 -1.82892027e-03 -8.26371256e-05  9.73835158e-04 -3.62959805e-03 -2.22216686e-03  1.07025498e-04 -2.79496703e-04 -1.12497928e-03  3.03894511e-03  1.71360629e-03 -6.35316464e-04 -3.10627033e-03 -1.60585508e-03  2.50735041e-03  3.72470039e-03 -1.73728182e-03  5.02705833e-03  3.08756560e-03
 1.00961920e+01 -1.44810758e-01  8.85843495e-03 -8.30727821e-02 -1.23489645e-02 -1.27727092e-02 -4.98636625e-03 -2.09909984e-03 -6.67293877e-04 -1.78758548e-03 -8.85443799e-05  9.25709948e-04 -3.59106299e-03 -2.23543620e-03  6.15747004e-05 -2.88910160e-04 -1.09481124e-03  2.97584292e-03  1.67012383e-03 -6.43624510e-04 -3.09603587e-03 -1.53892961e-03  2.49306263e-03  3.69726484e-03 -1.71753769e-03  5.04877236e-03  3.06212279e-03
 1.01482970e+01 -1.40100448e-01  8.93861030e-03 -8.01861717e-02 -1.16309728e-02 -1.22276276e-02 -4.69498374e-03 -2.01083154e-03 -5.93353139e-04 -1.74759518e-03 -9.39379499e-05  8.75871802e-04 -3.55362132e-03 -2.24748358e-03  1.59985577e-05 -2.97566140e-04 -1.06748260e-03  2.91149585e-03  1.62962090e-03 -6.50224975e-04 -3.08490811e-03 -1.47282946e-03  2.47924128e-03  3.67080217e-03 -1.69783494e-03  5.06972197e-03  3.03560659e-03
 1.02004010e+01 -1.35550253e-01  8.98967354e-03 -7.73959927e-02 -1.09584385e-02 -1.17004141e-02 -4.42002685e-03 -1.92591690e-03 -5.23830985e-04 -1.70908020e-03 -9.87931361e-05  8.24780868e-04 -3.51733734e-03 -2.25828028e-03 -2.93712315e-05 -3.05638799e-04 -1.04316666e-03  2.84622379e-03  1.59191845e-03 -6.55031464e-04 -3.07278700e-03 -1.40812147e-03  2.46605014e-03  3.64530859e-03 -1.67818336e-03  5.08990238e-03  3.00809998e-03
 1.02525050e+01 -1.31155638e-01  9.01469093e-03 -7.46998042e-02 -1.03281987e-02 -1.11907785e-02 -4.16066460e-03 -1.84410284e-03 -4.58390160e-04 -1.67213776e-03 -1.03099880e-04  7.72891516e-04 -3.48225128e-03 -2.26781032e-03 -7.42316836e-05 -3.13289048e-04 -1.02199998e-03  2.78033190e-03  1.55683923e-03 -6.57980770e-04 -3.05958782e-03 -1.34532927e-03  2.45364042e-03  3.62076731e-03 -1.65859074e-03  5.10930293e-03  2.97966127e-03
 1.03046090e+01 -1.26912208e-01  9.01643219e-03 -7.20951152e-02 -9.73735164e-03 -1.06983833e-02 -3.91612178e-03 -1.76513833e-03 -3.96707619e-04 -1.63683601e-03 -1.06858822e-04  7.20648136e-04 -3.44838638e-03 -2.27607311e-03 -1.18304994e-04 -3.20660873e-04 -1.00408636e-03  2.71411382e-03  1.52421454e-03 -6.59030650e-04 -3.04524317e-03 -1.28493338e-03  2.44214874e-03  3.59715374e-03 -1.63906573e-03  5.12790766e-03  2.95032927e-03
 1.03567130e+01 -1.22815610e-01  8.99740383e-03 -6.95793662e-02 -9.18322047e-03 -1.02228471e-02 -3.68566925e-03 -1.68878143e-03 -3.38476307e-04 -1.60321495e-03 -1.10078194e-04  6.68476995e-04 -3.41575219e-03 -2.28308683e-03 -1.61339235e-04 -3.27878947e-04 -9.89498010e-04  2.64784897e-03  1.49388652e-03 -6.58158353e-04 -3.02970361e-03 -1.22736581e-03  2.43169397e-03  3.57443771e-03 -1.61961879e-03  5.14569785e-03  2.92012601e-03
 1.04088180e+01 -1.18861454e-01  8.95987718e-03 -6.71499157e-02 -8.66332315e-03 -9.76374959e-03 -3.46861616e-03 -1.61480533e-03 -2.83406869e-04 -1.57128757e-03 -1.12771019e-04  6.16778941e-04 -3.38434768e-03 -2.28889101e-03 -2.03108846e-04 -3.35046702e-04 -9.78277116e-04  2.58180019e-03  1.46571028e-03 -6.55359001e-04 -3.01293798e-03 -1.17300583e-03  2.42237463e-03  3.55258550e-03 -1.60026289e-03  5.16265429e-03  2.88905936e-03
 1.04609220e+01 -1.15045608e-01  8.90591795e-03 -6.48042527e-02 -8.17539290e-03 -9.32067655e-03 -3.26432265e-03 -1.54301026e-03 -2.31234042e-04 -1.54104406e-03 -1.14952467e-04  5.65928003e-04 -3.35416699e-03 -2.29354793e-03 -2.43411086e-04 -3.42244240e-04 -9.70438274e-04  2.51621794e-03  1.43955805e-03 -6.50644357e-04 -2.99493501e-03 -1.12218163e-03  2.41426753e-03  3.53156360e-03 -1.58101599e-03  5.17875779e-03  2.85712860e-03
 1.05130260e+01 -1.11363742e-01  8.83740560e-03 -6.25397402e-02 -7.71730112e-03 -8.89317668e-03 -3.07217143e-03 -1.47321988e-03 -1.81712020e-04 -1.51245014e-03 -1.16638137e-04  5.16261043e-04 -3.32519869e-03 -2.29714440e-03 -2.82070412e-04 -3.49528156e-04 -9.65968844e-04  2.45133205e-03  1.41531741e-03 -6.44041093e-04 -2.97570146e-03 -1.07516254e-03  2.40742516e-03  3.51133791e-03 -1.56189961e-03  5.19399267e-03  2.82432390e-03
 1.05651300e+01 -1.07811630e-01  8.75605719e-03 -6.03538227e-02 -7.28708205e-03 -8.48080462e-03 -2.89158129e-03 -1.40529065e-03 -1.34619933e-04 -1.48545155e-03 -1.17842260e-04  4.68078365e-04 -3.29743066e-03 -2.29979161e-03 -3.18934774e-04 -3.56930538e-04 -9.64831497e-04  2.38735646e-03  1.39289444e-03 -6.35589608e-04 -2.95526301e-03 -1.03216258e-03  2.40187544e-03  3.49187685e-03 -1.54294095e-03  5.20834673e-03  2.79063162e-03
 1.06172340e+01 -1.04385072e-01  8.66344560e-03 -5.82439941e-02 -6.88290828e-03 -8.08311830e-03 -2.72199979e-03 -1.33911269e-03 -8.97614468e-05 -1.45997555e-03 -1.18576606e-04  4.21640342e-04 -3.27085138e-03 -2.30162491e-03 -3.53875925e-04 -3.64459189e-04 -9.66965578e-04  2.32448779e-03  1.37221347e-03 -6.25342703e-04 -2.93366337e-03 -9.93339548e-04  2.39762102e-03  3.47315203e-03 -1.52417293e-03  5.22181264e-03  2.75603646e-03
 1.06693390e+01 -1.01079836e-01  8.56101401e-03 -5.62077719e-02 -6.50307087e-03 -7.69967650e-03 -2.56289741e-03 -1.27460970e-03 -4.69641621e-05 -1.43593266e-03 -1.18849769e-04  3.77165170e-04 -3.24545089e-03 -2.30280267e-03 -3.86789510e-04 -3.72098386e-04 -9.72288837e-04  2.26290424e-03  1.35321651e-03 -6.13364087e-04 -2.91096296e-03 -9.58795388e-04  2.39463932e-03  3.45513871e-03 -1.50563402e-03  5.23438884e-03  2.72052331e-03
 1.07214430e+01 -9.78919074e-02  8.45009819e-03 -5.42428608e-02 -6.14599668e-03 -7.33007180e-03 -2.41377698e-03 -1.21174382e-03 -6.08261193e-06 -1.41322072e-03 -1.18666827e-04  3.34831772e-04 -3.22122363e-03 -2.30350442e-03 -4.17592026e-04 -3.79809378e-04 -9.80698577e-04  2.20277054e-03  1.33586395e-03 -5.99728143e-04 -2.88723940e-03 -9.28580431e-04  2.39288340e-03  3.43781764e-03 -1.48736978e-03  5.24607908e-03  2.68408228e-03
 1.07735470e+01 -9.48171175e-02  8.33192690e-03 -5.23469246e-02 -5.81019465e-03 -6.97388897e-03 -2.27415305e-03 -1.15050699e-03  3.30073374e-05 -1.39172446e-03 -1.18029426e-04  2.94775059e-04 -3.19816593e-03 -2.30392857e-03 -4.46224051e-04 -3.87532816e-04 -9.92073881e-04  2.14423121e-03  1.32013114e-03 -5.84517391e-04 -2.86258348e-03 -9.02691841e-04  2.39228267e-03  3.42117328e-03 -1.46943048e-03  5.25689404e-03  2.64670667e-03
 1.08256510e+01 -9.18514008e-02  8.20763988e-03 -5.05177482e-02 -5.49427668e-03 -6.63073632e-03 -2.14356219e-03 -1.09092390e-03  7.04062207e-05 -1.37131963e-03 -1.16936119e-04  2.57090572e-04 -3.17627802e-03 -2.30428924e-03 -4.72647069e-04 -3.95190098e-04 -1.00627690e-03  2.08741583e-03  1.30600828e-03 -5.67822270e-04 -2.83709922e-03 -8.81079359e-04  2.39274481e-03  3.40519520e-03 -1.45187230e-03  5.26685025e-03  2.60839751e-03
 1.08777560e+01 -8.89906854e-02  8.07829195e-03 -4.87531659e-02 -5.19693692e-03 -6.30023279e-03 -2.02155575e-03 -1.03304664e-03  1.06193877e-04 -1.35187452e-03 -1.15382988e-04  2.21834839e-04 -3.15556272e-03 -2.30481292e-03 -4.96843927e-04 -4.02685946e-04 -1.02315492e-03  2.03243745e-03  1.29349783e-03 -5.49739489e-04 -2.81090102e-03 -8.63647853e-04  2.39415771e-03  3.38987725e-03 -1.43475612e-03  5.27597022e-03  2.56916355e-03
 1.09298600e+01 -8.62311178e-02  7.94487009e-03 -4.70511958e-02 -4.91696776e-03 -5.98203308e-03 -1.90770753e-03 -9.76955494e-04  1.40428414e-04 -1.33325370e-03 -1.13364634e-04  1.89030518e-04 -3.13602630e-03 -2.30573455e-03 -5.18816330e-04 -4.09910383e-04 -1.04254068e-03  1.97939747e-03  1.28261313e-03 -5.30372397e-04 -2.78411374e-03 -8.50262573e-04  2.39639175e-03  3.37521838e-03 -1.41814823e-03  5.28428121e-03  2.52902558e-03
 1.09819640e+01 -8.35687417e-02  7.80828401e-03 -4.54098345e-02 -4.65322002e-03 -5.67578903e-03 -1.80159836e-03 -9.22748038e-04  1.73152233e-04 -1.31531802e-03 -1.10875036e-04  1.58665319e-04 -3.11767505e-03 -2.30729348e-03 -5.38586880e-04 -4.16742377e-04 -1.06425594e-03  1.92838001e-03  1.27337453e-03 -5.09827889e-04 -2.75686752e-03 -8.40751490e-04  2.39930262e-03  3.36122031e-03 -1.40211763e-03  5.29181568e-03  2.48801284e-03
 1.10340680e+01 -8.09997292e-02  7.66938052e-03 -4.38271915e-02 -4.40462129e-03 -5.38117424e-03 -1.70282455e-03 -8.70539049e-04  2.04391344e-04 -1.29792829e-03 -1.07908782e-04  1.30698117e-04 -3.10051570e-03 -2.30972915e-03 -5.56196354e-04 -4.23052172e-04 -1.08811198e-03  1.87945702e-03  1.26580773e-03 -4.88216780e-04 -2.72929767e-03 -8.34911314e-04  2.40273416e-03  3.34788817e-03 -1.38673657e-03  5.29860969e-03  2.44616665e-03
 1.10861720e+01 -7.85203337e-02  7.52894441e-03 -4.23014498e-02 -4.17016606e-03 -5.09787610e-03 -1.61099452e-03 -8.20454523e-04  2.34158277e-04 -1.28094699e-03 -1.04462231e-04  1.05061884e-04 -3.08455365e-03 -2.31327679e-03 -5.71703288e-04 -4.28704430e-04 -1.11391150e-03  1.83268793e-03  1.25994085e-03 -4.65652516e-04 -2.70154197e-03 -8.32511878e-04  2.40652145e-03  3.33522939e-03 -1.37207927e-03  5.30470223e-03  2.40354005e-03
 1.11382770e+01 -7.61268543e-02  7.38769840e-03 -4.08308341e-02 -3.94890802e-03 -4.82558898e-03 -1.52572656e-03 -7.72625855e-04  2.62454886e-04 -1.26423979e-03 -1.00534589e-04  8.16670523e-05 -3.06979126e-03 -2.31816328e-03 -5.85183223e-04 -4.33561314e-04 -1.14145086e-03  1.78811963e-03  1.25580171e-03 -4.42249777e-04 -2.67373809e-03 -8.33301005e-04  2.41049394e-03  3.32325275e-03 -1.35822074e-03  5.31013436e-03  2.36019706e-03
 1.11903810e+01 -7.38158265e-02  7.24631594e-03 -3.94137169e-02 -3.73997384e-03 -4.56403308e-03 -1.44665464e-03 -7.27188582e-04  2.89272499e-04 -1.24767873e-03 -9.61293204e-05  6.04071053e-05 -3.05622757e-03 -2.32460264e-03 -5.96726621e-04 -4.37485080e-04 -1.17051953e-03  1.74579061e-03  1.25341557e-03 -4.18125391e-04 -2.64602363e-03 -8.37009175e-04  2.41447837e-03  3.31196840e-03 -1.34523686e-03  5.31494786e-03  2.31621586e-03
 1.12424850e+01 -7.15837557e-02  7.10540644e-03 -3.80484437e-02 -3.54253501e-03 -4.31292108e-03 -1.37341828e-03 -6.84272182e-04  3.14597422e-04 -1.23114182e-03 -9.12546864e-05  4.11596875e-05 -3.04385518e-03 -2.33279275e-03 -6.06439219e-04 -4.40341473e-04 -1.20090493e-03  1.70572648e-03  1.25280215e-03 -3.93394748e-04 -2.61853108e-03 -8.43354306e-04  2.41830224e-03  3.30138568e-03 -1.33320177e-03  5.31918485e-03  2.27168340e-03
 1.12945890e+01 -6.94273099e-02  6.96552731e-03 -3.67334411e-02 -3.35582269e-03 -4.07197736e-03 -1.30566889e-03 -6.43999399e-04  3.38410922e-04 -1.21451579e-03 -8.59248666e-05  2.37921005e-05 -3.03266020e-03 -2.34291148e-03 -6.14439661e-04 -4.42001998e-04 -1.23239186e-03  1.66794417e-03  1.25397386e-03 -3.68172736e-04 -2.59138820e-03 -8.52046241e-04  2.42179648e-03  3.29151320e-03 -1.32218800e-03  5.32288652e-03  2.22669805e-03
 1.13466930e+01 -6.73432797e-02  6.82718229e-03 -3.54671826e-02 -3.17912110e-03 -3.84093078e-03 -1.24306794e-03 -6.06481315e-04  3.60691821e-04 -1.19769703e-03 -8.01605365e-05  8.16428325e-06 -3.02262087e-03 -2.35511375e-03 -6.20858375e-04 -4.42346478e-04 -1.26476456e-03  1.63245159e-03  1.25693368e-03 -3.42572481e-04 -2.56471595e-03 -8.62790967e-04  2.42479826e-03  3.28235776e-03 -1.31226524e-03  5.32609238e-03  2.18136796e-03
 1.13987980e+01 -6.53285463e-02  6.69081983e-03 -3.42481597e-02 -3.01176229e-03 -3.61950889e-03 -1.18528585e-03 -5.71813219e-04  3.81418785e-04 -1.18059218e-03 -7.39891802e-05 -5.86827068e-06 -3.01370652e-03 -2.36952914e-03 -6.25836159e-04 -4.41265209e-04 -1.29780883e-03  1.59924753e-03  1.26167364e-03 -3.16704061e-04 -2.53862667e-03 -8.75294797e-04  2.42715357e-03  3.27392350e-03 -1.30349923e-03  5.32883957e-03  2.13580909e-03
 1.14509020e+01 -6.33802394e-02  6.55684458e-03 -3.30749700e-02 -2.85313665e-03 -3.40745316e-03 -1.13200632e-03 -5.40074274e-04  4.00570459e-04 -1.16312037e-03 -6.74457788e-05 -1.84506217e-05 -3.00587760e-03 -2.38625873e-03 -6.29522242e-04 -4.38660982e-04 -1.33131086e-03  1.56832465e-03  1.26817309e-03 -2.90675755e-04 -2.51322501e-03 -8.89266937e-04  2.42871928e-03  3.26621179e-03 -1.29595163e-03  5.33116207e-03  2.09014757e-03
 1.15030060e+01 -6.14955082e-02  6.42560280e-03 -3.19461719e-02 -2.70267159e-03 -3.20449229e-03 -1.08291979e-03 -5.11321184e-04  4.18129365e-04 -1.14521174e-03 -6.05720680e-05 -2.97275155e-05 -2.99908427e-03 -2.40537514e-03 -6.32073186e-04 -4.34450567e-04 -1.36506236e-03  1.53966600e-03  1.27639827e-03 -2.64590354e-04 -2.48860405e-03 -9.04424114e-04  2.42936537e-03  3.25921963e-03 -1.28967816e-03  5.33309049e-03  2.04451304e-03
 1.15551100e+01 -5.96716796e-02  6.29739429e-03 -3.08603751e-02 -2.55984232e-03 -3.01035840e-03 -1.03772805e-03 -4.85589197e-04  4.34081556e-04 -1.12680917e-03 -5.34167400e-05 -3.98401848e-05 -2.99326704e-03 -2.42692056e-03 -6.33650757e-04 -4.28566042e-04 -1.39885932e-03  1.51324795e-03  1.28630135e-03 -2.38546490e-04 -2.46484674e-03 -9.20492408e-04  2.42897638e-03  3.25293981e-03 -1.28472861e-03  5.33465153e-03  1.99904072e-03
 1.16072140e+01 -5.79062191e-02  6.17247134e-03 -2.98162131e-02 -2.42416632e-03 -2.82478194e-03 -9.96143269e-04 -4.62890329e-04  4.48418086e-04 -1.10786810e-03 -4.60348346e-05 -4.89249356e-05 -2.98835675e-03 -2.45090650e-03 -6.34420256e-04 -4.20955736e-04 -1.43250375e-03  1.48903972e-03  1.29782026e-03 -2.12637535e-04 -2.44202504e-03 -9.37209818e-04  2.42745266e-03  3.24736026e-03 -1.28114602e-03  5.33586779e-03  1.95386896e-03
 1.16593190e+01 -5.61966983e-02  6.05103827e-03 -2.88123215e-02 -2.29519850e-03 -2.64748794e-03 -9.57887436e-04 -4.43212554e-04  4.61136058e-04 -1.08835611e-03 -3.84868892e-05 -5.71119915e-05 -2.98427495e-03 -2.47731454e-03 -6.34548720e-04 -4.11584657e-04 -1.46580544e-03  1.46700322e-03  1.31087903e-03 -1.86950558e-04 -2.42019941e-03 -9.54328521e-04  2.42471135e-03  3.24246365e-03 -1.27896611e-03  5.33675771e-03  1.90913677e-03
 1.17114230e+01 -5.45409224e-02  5.93326289e-03 -2.78474121e-02 -2.17253856e-03 -2.47820935e-03 -9.22695434e-04 -4.26521387e-04  4.72238277e-04 -1.06825423e-03 -3.08386279e-05 -6.45239537e-05 -2.98093488e-03 -2.50609484e-03 -6.34203119e-04 -4.00435548e-04 -1.49858036e-03  1.44709478e-03  1.32538718e-03 -1.61567799e-04 -2.39942055e-03 -9.71615060e-04  2.42068714e-03  3.23822749e-03 -1.27821698e-03  5.33733553e-03  1.86498562e-03
 1.17635270e+01 -5.29367309e-02  5.81926488e-03 -2.69201553e-02 -2.05581352e-03 -2.31666669e-03 -8.90310821e-04 -4.12758290e-04  4.81735096e-04 -1.04755428e-03 -2.31590343e-05 -7.12761649e-05 -2.97824196e-03 -2.53717033e-03 -6.33548576e-04 -3.87507809e-04 -1.53065538e-03  1.42926274e-03  1.34124199e-03 -1.36563284e-04 -2.37972720e-03 -9.88853453e-04  2.41533225e-03  3.23462346e-03 -1.27891849e-03  5.33761156e-03  1.82155260e-03
 1.18156310e+01 -5.13821249e-02  5.70912779e-03 -2.60292573e-02 -1.94468512e-03 -2.16258217e-03 -8.60488998e-04 -4.01843418e-04  4.89643586e-04 -1.02625982e-03 -1.55197444e-05 -7.74758082e-05 -2.97609525e-03 -2.57043627e-03 -6.32746602e-04 -3.72817898e-04 -1.56186653e-03  1.41344924e-03  1.35832848e-03 -1.12004437e-04 -2.36114833e-03 -1.00584464e-03  2.40861664e-03  3.23161771e-03 -1.28108217e-03  5.33759235e-03  1.77897226e-03
 1.18677350e+01 -4.98752291e-02  5.60289958e-03 -2.51734397e-02 -1.83884455e-03 -2.01567678e-03 -8.32996623e-04 -3.93676811e-04  4.95987788e-04 -1.00438513e-03 -7.99362251e-06 -8.32220956e-05 -2.97438867e-03 -2.60576271e-03 -6.31953408e-04 -3.56398627e-04 -1.59206027e-03  1.39958983e-03  1.37652096e-03 -8.79512877e-05 -2.34370332e-03 -1.02240726e-03  2.40052760e-03  3.22917090e-03 -1.28471101e-03  5.33728105e-03  1.73737412e-03
 1.19198400e+01 -4.84142579e-02  5.50059369e-03 -2.43514240e-02 -1.73800786e-03 -1.87566837e-03 -8.07611290e-04 -3.88140279e-04  5.00798624e-04 -9.81953941e-04 -6.53283117e-07 -8.86066255e-05 -2.97301242e-03 -2.64299747e-03 -6.31318298e-04 -3.38298028e-04 -1.62109471e-03  1.38761332e-03  1.39568479e-03 -6.44558104e-05 -2.32740246e-03 -1.03837805e-03  2.39106904e-03  3.22723825e-03 -1.28979944e-03  5.33667782e-03  1.69688044e-03
 1.19719440e+01 -4.69976203e-02  5.40219998e-03 -2.35619944e-02 -1.64192082e-03 -1.74228311e-03 -7.84123574e-04 -3.85100021e-04  5.04113247e-04 -9.59000357e-04  6.42971037e-06 -9.37134238e-05 -2.97185462e-03 -2.68196575e-03 -6.30982210e-04 -3.18579805e-04 -1.64883782e-03  1.37744273e-03  1.41567658e-03 -4.15635634e-05 -2.31224899e-03 -1.05361058e-03  2.38026144e-03  3.22576999e-03 -1.29633294e-03  5.33578031e-03  1.65760781e-03
 1.20240480e+01 -4.56237440e-02  5.30767611e-03 -2.28039038e-02 -1.55034465e-03 -1.61524040e-03 -7.62334229e-04 -3.84408460e-04  5.05975155e-04 -9.35565273e-04  1.31870402e-05 -9.86201508e-05 -2.97080275e-03 -2.72247714e-03 -6.31076261e-04 -2.97320107e-04 -1.67517125e-03  1.36899397e-03  1.43634807e-03 -1.93109105e-05 -2.29823818e-03 -1.06797671e-03  2.36813979e-03  3.22471144e-03 -1.30428863e-03  5.33458407e-03  1.61966123e-03
 1.20761520e+01 -4.42911818e-02  5.21695880e-03 -2.20759389e-02 -1.46306118e-03 -1.49426470e-03 -7.42056262e-04 -3.85907307e-04  5.06433280e-04 -9.11697121e-04  1.95543648e-05 -1.03398367e-04 -2.96974542e-03 -2.76432566e-03 -6.31720565e-04 -2.74607613e-04 -1.69998832e-03  1.36217694e-03  1.45754655e-03  2.27316390e-06 -2.28535954e-03 -1.08136488e-03  2.35475317e-03  3.22400354e-03 -1.31363512e-03  5.33308313e-03  1.58313606e-03
 1.21282570e+01 -4.29985499e-02  5.12996335e-03 -2.13768919e-02 -1.37986684e-03 -1.37908172e-03 -7.23114139e-04 -3.89430189e-04  5.05541460e-04 -8.87449948e-04  2.54727893e-05 -1.08114466e-04 -2.96857387e-03 -2.80729422e-03 -6.33023167e-04 -2.50541354e-04 -1.72319532e-03  1.35689536e-03  1.47911743e-03  2.31678295e-05 -2.27359724e-03 -1.09368004e-03  2.34016305e-03  3.22358334e-03 -1.32433294e-03  5.33127042e-03  1.54811548e-03
 1.21803610e+01 -4.17446195e-02  5.04659342e-03 -2.07056155e-02 -1.30057647e-03 -1.26942819e-03 -7.05345246e-04 -3.94804994e-04  5.03357891e-04 -8.62884250e-04  3.08895304e-05 -1.12830061e-04 -2.96718367e-03 -2.85115419e-03 -6.35079019e-04 -2.25231129e-04 -1.74470984e-03  1.35304737e-03  1.50090445e-03  4.33586716e-05 -2.26293194e-03 -1.10484195e-03  2.32444305e-03  3.22338451e-03 -1.33633400e-03  5.32913839e-03  1.51467232e-03
 1.22324650e+01 -4.05281601e-02  4.96673406e-03 -2.00609434e-02 -1.22501162e-03 -1.16503957e-03 -6.88597726e-04 -4.01856889e-04  4.99944349e-04 -8.38063157e-04  3.57595783e-05 -1.17603251e-04 -2.96547605e-03 -2.89567328e-03 -6.37969378e-04 -1.98793243e-04 -1.76446351e-03  1.35052514e-03  1.52275400e-03  6.28398781e-05 -2.25334039e-03 -1.11478582e-03  2.30767588e-03  3.22333784e-03 -1.34958314e-03  5.32667926e-03  1.48286429e-03
 1.22845690e+01 -3.93480317e-02  4.89026131e-03 -1.94417463e-02 -1.15300482e-03 -1.06566004e-03 -6.72731929e-04 -4.10410568e-04  4.95365547e-04 -8.13053283e-04  4.00460577e-05 -1.22488922e-04 -2.96335934e-03 -2.94061508e-03 -6.41761173e-04 -1.71350821e-04 -1.78240019e-03  1.34921573e-03  1.54451519e-03  8.16123345e-05 -2.24479717e-03 -1.12346054e-03  2.28995298e-03  3.22337194e-03 -1.36401768e-03  5.32388554e-03  1.45273618e-03
 1.23366730e+01 -3.82031527e-02  4.81704325e-03 -1.88469201e-02 -1.08439618e-03 -9.71040990e-04 -6.57619982e-04 -4.20292630e-04  4.89688450e-04 -7.87923299e-04  4.37210061e-05 -1.27539428e-04 -2.96075024e-03 -2.98574255e-03 -6.46506639e-04 -1.43031847e-04 -1.79847629e-03  1.34900130e-03  1.56604191e-03  9.96836799e-05 -2.23727524e-03 -1.13082808e-03  2.27137280e-03  3.22341383e-03 -1.37956806e-03  5.32075035e-03  1.42431878e-03
 1.23887780e+01 -3.70924719e-02  4.74694113e-03 -1.82753763e-02 -1.01903046e-03 -8.80940175e-04 -6.43145430e-04 -4.31333922e-04  4.82981479e-04 -7.62742523e-04  4.67659070e-05 -1.32805179e-04 -2.95757480e-03 -3.03082140e-03 -6.52243253e-04 -1.13967131e-04 -1.81266090e-03  1.34975964e-03  1.58719480e-03  1.17068223e-04 -2.23074657e-03 -1.13686276e-03  2.25203896e-03  3.22338962e-03 -1.39615859e-03  5.31726763e-03  1.39762819e-03
 1.24408820e+01 -3.60150469e-02  4.67981699e-03 -1.77260871e-02 -9.56760596e-04 -7.95129158e-04 -6.29204212e-04 -4.43370584e-04  4.75314414e-04 -7.37581994e-04  4.91717680e-05 -1.38334608e-04 -2.95376967e-03 -3.07561904e-03 -6.58993260e-04 -8.42911243e-05 -1.82493445e-03  1.35136461e-03  1.60784097e-03  1.33785153e-04 -2.22518317e-03 -1.14155001e-03  2.23206037e-03  3.22322515e-03 -1.41370669e-03  5.31343266e-03  1.37266787e-03
 1.24929860e+01 -3.49699102e-02  4.61552760e-03 -1.71980210e-02 -8.97438997e-04 -7.13383480e-04 -6.15702838e-04 -4.56246969e-04  4.66757030e-04 -7.12510768e-04  5.09395875e-05 -1.44175028e-04 -2.94928245e-03 -3.11991183e-03 -6.66764503e-04 -5.41371944e-05 -1.83529009e-03  1.35368687e-03  1.62785775e-03  1.49860029e-04 -2.22055690e-03 -1.14488634e-03  2.21154761e-03  3.22284669e-03 -1.43212528e-03  5.30924183e-03  1.34942566e-03
 1.25450900e+01 -3.39561500e-02  4.55393170e-03 -1.66901882e-02 -8.40921599e-04 -6.35490055e-04 -6.02559318e-04 -4.69816226e-04  4.57379047e-04 -6.87597119e-04  5.20800437e-05 -1.50372369e-04 -2.94407255e-03 -3.16348362e-03 -6.75550329e-04 -2.36385548e-05 -1.84373217e-03  1.35659445e-03  1.64713206e-03  1.65322870e-04 -2.21684035e-03 -1.14687810e-03  2.19061308e-03  3.22218159e-03 -1.45132210e-03  5.30469295e-03  1.32787623e-03
 1.25971940e+01 -3.29728833e-02  4.49489013e-03 -1.62016305e-02 -7.87065835e-04 -5.61245680e-04 -5.89702644e-04 -4.83941627e-04  4.47249514e-04 -6.62907397e-04  5.26133225e-05 -1.56971281e-04 -2.93811154e-03 -3.20612827e-03 -6.85330183e-04  7.07349979e-06 -1.85027611e-03  1.35995351e-03  1.66556181e-03  1.80207903e-04 -2.21400706e-03 -1.14754098e-03  2.16936943e-03  3.22115894e-03 -1.47120059e-03  5.29978529e-03  1.30798096e-03
 1.26492990e+01 -3.20192343e-02  4.43826608e-03 -1.57314135e-02 -7.35729105e-04 -4.90455858e-04 -5.77072272e-04 -4.98497737e-04  4.36436154e-04 -6.38504981e-04  5.25687117e-05 -1.64015180e-04 -2.93138324e-03 -3.24765191e-03 -6.96070448e-04  3.78713058e-05 -1.85494804e-03  1.36362916e-03  1.68305690e-03  1.94553212e-04 -2.21203167e-03 -1.14689937e-03  2.14792797e-03  3.21971015e-03 -1.49166086e-03  5.29451940e-03  1.28968827e-03
 1.27014030e+01 -3.10944026e-02  4.38393044e-03 -1.52786630e-02 -6.86772307e-04 -4.22940214e-04 -5.64618783e-04 -5.13369903e-04  4.25005812e-04 -6.14451634e-04  5.19840685e-05 -1.71545491e-04 -2.92388438e-03 -3.28787099e-03 -7.07724364e-04  6.86294901e-05 -1.85778390e-03  1.36748598e-03  1.69953848e-03  2.08399000e-04 -2.21089017e-03 -1.14498588e-03  2.12639925e-03  3.21776971e-03 -1.51259868e-03  5.28889753e-03  1.27293567e-03
 1.27535070e+01 -3.01975509e-02  4.33175613e-03 -1.48425116e-02 -6.40053745e-04 -3.58524276e-04 -5.52302070e-04 -5.28456324e-04  4.13022862e-04 -5.90804261e-04  5.09051325e-05 -1.79602167e-04 -2.91562367e-03 -3.32661813e-03 -7.20234137e-04  9.92294473e-05 -1.85882947e-03  1.37138928e-03  1.71494140e-03  2.21788586e-04 -2.21055972e-03 -1.14184074e-03  2.10488958e-03  3.21527556e-03 -1.53390852e-03  5.28292280e-03  1.25764853e-03
 1.28056110e+01 -2.93278758e-02  4.28162307e-03 -1.44221354e-02 -5.95433098e-04 -2.97044808e-04 -5.40091922e-04 -5.43667092e-04  4.00549739e-04 -5.67616430e-04  4.93847245e-05 -1.88222793e-04 -2.90662210e-03 -3.36373964e-03 -7.33531104e-04  1.29557801e-04 -1.85813933e-03  1.37520572e-03  1.72921301e-03  2.34766625e-04 -2.21101874e-03 -1.13751136e-03  2.08350185e-03  3.21216978e-03 -1.55548253e-03  5.27659958e-03  1.24374244e-03
 1.28577150e+01 -2.84845873e-02  4.23341760e-03 -1.40167454e-02 -5.52770534e-04 -2.38348180e-04 -5.27967343e-04 -5.58924427e-04  3.87646481e-04 -5.44937606e-04  4.74818601e-05 -1.97442292e-04 -2.89691244e-03 -3.39909696e-03 -7.47536976e-04  1.59507725e-04 -1.85577638e-03  1.37880417e-03  1.74231366e-03  2.47378729e-04 -2.21224679e-03 -1.13205189e-03  2.06233421e-03  3.20839900e-03 -1.57721159e-03  5.26993309e-03  1.23112386e-03
 1.29098200e+01 -2.76668916e-02  4.18703176e-03 -1.36255797e-02 -5.11926194e-04 -1.82288992e-04 -5.15915852e-04 -5.74162738e-04  3.74370268e-04 -5.22812517e-04  4.52607375e-05 -2.07292663e-04 -2.88653856e-03 -3.43256767e-03 -7.62165237e-04  1.88980125e-04 -1.85181104e-03  1.38205672e-03  1.75421679e-03  2.59671044e-04 -2.21422440e-03 -1.12552267e-03  2.04147906e-03  3.20391483e-03 -1.59898629e-03  5.26292915e-03  1.21969098e-03
 1.29619240e+01 -2.68740524e-02  4.14236704e-03 -1.32479338e-02 -4.72763646e-04 -1.28733953e-04 -5.03933897e-04 -5.89327069e-04  3.60776272e-04 -5.01282675e-04  4.27898919e-05 -2.17801730e-04 -2.87555557e-03 -3.46404317e-03 -7.77321163e-04  2.17881930e-04 -1.84632089e-03  1.38483926e-03  1.76490786e-03  2.71688682e-04 -2.21693275e-03 -1.11799035e-03  2.02102398e-03  3.19867454e-03 -1.62069592e-03  5.25559445e-03  1.20933571e-03
 1.30140280e+01 -2.61052954e-02  4.09932897e-03 -1.28831154e-02 -4.35145627e-04 -7.75550077e-05 -4.92024921e-04 -6.04374326e-04  3.46915995e-04 -4.80383731e-04  4.01408789e-05 -2.28993786e-04 -2.86402795e-03 -3.49343261e-03 -7.92904694e-04  2.46129914e-04 -1.83938957e-03  1.38703272e-03  1.77438542e-03  2.83476512e-04 -2.22035355e-03 -1.10952672e-03  2.00104878e-03  3.19264096e-03 -1.64223153e-03  5.24793558e-03  1.19994351e-03
 1.30661320e+01 -2.53598718e-02  4.05783061e-03 -1.25304740e-02 -3.98937708e-04 -2.86332343e-05 -4.80199713e-04 -6.19271474e-04  3.32838164e-04 -4.60147136e-04  3.73873645e-05 -2.40888381e-04 -2.85202955e-03 -3.52066018e-03 -8.08810519e-04  2.73648781e-04 -1.83110623e-03  1.38852362e-03  1.78265968e-03  2.95077634e-04 -2.22446874e-03 -1.10020885e-03  1.98162672e-03  3.18578308e-03 -1.66348484e-03  5.23995928e-03  1.19139544e-03
 1.31182360e+01 -2.46370414e-02  4.01779143e-03 -1.21893933e-02 -3.64008047e-04  1.81427341e-05 -4.68475568e-04 -6.33995101e-04  3.18588400e-04 -4.40599716e-04  3.46040105e-05 -2.53500059e-04 -2.83964252e-03 -3.54566558e-03 -8.24929540e-04  3.00371996e-04 -1.82156483e-03  1.38920492e-03  1.78975227e-03  3.06533069e-04 -2.22926011e-03 -1.09011853e-03  1.96282370e-03  3.17807619e-03 -1.68434928e-03  5.23167214e-03  1.18356913e-03
 1.31703410e+01 -2.39360603e-02  3.97913629e-03 -1.18592846e-02 -3.30227328e-04  6.28780339e-05 -4.56875432e-04 -6.48530903e-04  3.04208874e-04 -4.21763360e-04  3.18653678e-05 -2.66838218e-04 -2.82695615e-03 -3.56840407e-03 -8.41150362e-04  3.26242450e-04 -1.81086310e-03  1.38897674e-03  1.79569566e-03  3.17881467e-04 -2.23470923e-03 -1.07934169e-03  1.94469764e-03  3.16950192e-03 -1.70472083e-03  5.22308020e-03  1.17633974e-03
 1.32224450e+01 -2.32562338e-02  3.94179807e-03 -1.15396108e-02 -2.97471915e-04  1.05668662e-04 -4.45428136e-04 -6.62871732e-04  2.89739362e-04 -4.03656547e-04  2.92450635e-05 -2.80905720e-04 -2.81406692e-03 -3.58884433e-03 -8.57359188e-04  3.51210592e-04 -1.79910271e-03  1.38774707e-03  1.80053211e-03  3.29157777e-04 -2.24079665e-03 -1.06796876e-03  1.92729973e-03  3.16004902e-03 -1.72449707e-03  5.21418945e-03  1.16958168e-03
 1.32745490e+01 -2.25968369e-02  3.90571280e-03 -1.12298484e-02 -2.65620553e-04  1.46607104e-04 -4.34166388e-04 -6.77018401e-04  2.75215556e-04 -3.86292291e-04  2.68145107e-05 -2.95700144e-04 -2.80107602e-03 -3.60697061e-03 -8.73442792e-04  3.75237442e-04 -1.78638727e-03  1.38543238e-03  1.80431353e-03  3.40394149e-04 -2.24750228e-03 -1.05609306e-03  1.91067213e-03  3.14971242e-03 -1.74357996e-03  5.20500468e-03  1.16316879e-03
 1.33266530e+01 -2.19571687e-02  3.87082226e-03 -1.09295122e-02 -2.34557547e-04  1.85779321e-04 -4.23126980e-04 -6.90977690e-04  2.60670145e-04 -3.69679757e-04  2.46422084e-05 -3.11212562e-04 -2.78808935e-03 -3.62278028e-03 -8.89288324e-04  3.98292540e-04 -1.77282239e-03  1.38195814e-03  1.80710020e-03  3.51618696e-04 -2.25480474e-03 -1.04381111e-03  1.89484940e-03  3.13849392e-03 -1.76187479e-03  5.19552999e-03  1.15697599e-03
 1.33787580e+01 -2.13365282e-02  3.83707220e-03 -1.06381421e-02 -2.04172064e-04  2.23266774e-04 -4.12349668e-04 -7.04762014e-04  2.46132245e-04 -3.53823778e-04  2.27928149e-05 -3.27427963e-04 -2.77521602e-03 -3.63628391e-03 -9.04784901e-04  4.20354760e-04 -1.75851454e-03  1.37725921e-03  1.80896011e-03  3.62855636e-04 -2.26268134e-03 -1.03122167e-03  1.87985785e-03  3.12640171e-03 -1.77929127e-03  5.18576833e-03  1.15087996e-03
 1.34308620e+01 -2.07342620e-02  3.80441443e-03 -1.03553252e-02 -1.74360954e-04  2.59143992e-04 -4.01877303e-04 -7.18387516e-04  2.31628515e-04 -3.38726255e-04  2.13265228e-05 -3.44323943e-04 -2.76256834e-03 -3.64750357e-03 -9.19823344e-04  4.41410462e-04 -1.74357143e-03  1.37128065e-03  1.80996796e-03  3.74124181e-04 -2.27110733e-03 -1.01842628e-03  1.86571681e-03  3.11345122e-03 -1.79574268e-03  5.17572216e-03  1.14476050e-03
 1.34829660e+01 -2.01496941e-02  3.77280256e-03 -1.00806609e-02 -1.45025704e-04  2.93483265e-04 -3.91753896e-04 -7.31874831e-04  2.17181480e-04 -3.24384555e-04  2.02981693e-05 -3.61872595e-04 -2.75025936e-03 -3.65647360e-03 -9.34298810e-04  4.61455813e-04 -1.72809971e-03  1.36397745e-03  1.81020444e-03  3.85439653e-04 -2.28005657e-03 -1.00552725e-03  1.85243699e-03  3.09966355e-03 -1.81114817e-03  5.16539231e-03  1.13850067e-03
 1.35350700e+01 -1.95821752e-02  3.74219420e-03 -9.81378265e-03 -1.16075184e-04  3.26352085e-04 -3.82024772e-04 -7.45247235e-04  2.02810666e-04 -3.10792978e-04  1.97568034e-05 -3.80039383e-04 -2.73840288e-03 -3.66323879e-03 -9.48110367e-04  4.80494785e-04 -1.71220543e-03  1.35531515e-03  1.80975522e-03  3.96812496e-04 -2.28950088e-03 -9.92628035e-04  1.84002192e-03  3.08506621e-03 -1.82543179e-03  5.15477867e-03  1.13198801e-03
 1.35871740e+01 -1.90310708e-02  3.71254990e-03 -9.55435123e-03 -8.74253983e-05  3.57814197e-04 -3.72735696e-04 -7.58530175e-04  1.88532330e-04 -2.97942697e-04  1.97451596e-05 -3.98783637e-04 -2.72711230e-03 -3.66785385e-03 -9.61161974e-04  4.98539270e-04 -1.69599314e-03  1.34526989e-03  1.80871006e-03  4.08248430e-04 -2.29941001e-03 -9.79832519e-04  1.82846789e-03  3.06969259e-03 -1.83852311e-03  5.14388003e-03  1.12511509e-03
 1.36392790e+01 -1.84957528e-02  3.68383226e-03 -9.30204917e-03 -5.89992229e-05  3.87930438e-04 -3.63932061e-04 -7.71750835e-04  1.74359223e-04 -2.85821787e-04  2.02992836e-05 -4.18059188e-04 -2.71649952e-03 -3.67038257e-03 -9.73363317e-04  5.15609014e-04 -1.67956501e-03  1.33382825e-03  1.80716192e-03  4.19748664e-04 -2.30975189e-03 -9.67244147e-04  1.81776411e-03  3.05358139e-03 -1.85035765e-03  5.13269389e-03  1.11777996e-03
 1.36913830e+01 -1.79756410e-02  3.65600776e-03 -9.05659877e-03 -3.07287985e-05  4.16756701e-04 -3.55658941e-04 -7.84936489e-04  1.60301704e-04 -2.74416409e-04  2.14481853e-05 -4.37813215e-04 -2.70667489e-03 -3.67089693e-03 -9.84629410e-04  5.31729921e-04 -1.66302156e-03  1.32098814e-03  1.80520620e-03  4.31309062e-04 -2.32049173e-03 -9.54966342e-04  1.80789384e-03  3.03677749e-03 -1.86087625e-03  5.12121739e-03  1.10988724e-03
 1.37434870e+01 -1.74701422e-02  3.62904319e-03 -8.81773212e-03 -2.55241137e-06  4.44347605e-04 -3.47959482e-04 -7.98115448e-04  1.46366153e-04 -2.63709681e-04  2.32137038e-05 -4.57988868e-04 -2.69774515e-03 -3.66947644e-03 -9.94882442e-04  5.46935562e-04 -1.64645927e-03  1.30675742e-03  1.80293969e-03  4.42921576e-04 -2.33159332e-03 -9.43100469e-04  1.79883358e-03  3.01932972e-03 -1.87002658e-03  5.10944610e-03  1.10134771e-03
 1.37955910e+01 -1.69786930e-02  3.60290755e-03 -8.58520942e-03  2.55832348e-05  4.70754337e-04 -3.40875044e-04 -8.11315533e-04  1.32556116e-04 -2.53682895e-04  2.56103717e-05 -4.78524252e-04 -2.68981357e-03 -3.66620717e-03 -1.00405119e-03  5.61265361e-04 -1.62997138e-03  1.29115454e-03  1.80045990e-03  4.54573516e-04 -2.34301824e-03 -9.31746241e-04  1.79055438e-03  3.00129170e-03 -1.87776232e-03  5.09737497e-03  1.09207922e-03
 1.38476950e+01 -1.65007497e-02  3.57757128e-03 -8.35881305e-03  5.37235424e-05  4.96025396e-04 -3.34444509e-04 -8.24563869e-04  1.18872091e-04 -2.44315545e-04  2.86454043e-05 -4.99353307e-04 -2.68297894e-03 -3.66118094e-03 -1.01207154e-03  5.74764430e-04 -1.61364715e-03  1.27420811e-03  1.79786421e-03  4.66247973e-04 -2.35472619e-03 -9.21000910e-04  1.78302208e-03  2.98272105e-03 -1.88404352e-03  5.08499826e-03  1.08200682e-03
 1.38998000e+01 -1.60357804e-02  3.55300555e-03 -8.13834225e-03  8.19065988e-05  5.20207164e-04 -3.28703715e-04 -8.37886748e-04  1.05311353e-04 -2.35585436e-04  3.23188463e-05 -5.20406766e-04 -2.67733492e-03 -3.65449435e-03 -1.01888682e-03  5.87483259e-04 -1.59757120e-03  1.25595622e-03  1.79524910e-03  4.77924293e-04 -2.36667537e-03 -9.10958538e-04  1.77619774e-03  2.96367859e-03 -1.88883672e-03  5.07230942e-03  1.07106275e-03
 1.39519040e+01 -1.55833013e-02  3.52918399e-03 -7.92362881e-03  1.10161108e-04  5.43342172e-04 -3.23685462e-04 -8.51308262e-04  9.18690806e-05 -2.27469601e-04  3.66234250e-05 -5.41611118e-04 -2.67296978e-03 -3.64624854e-03 -1.02444744e-03  5.99476209e-04 -1.58182441e-03  1.23644749e-03  1.79270960e-03  4.89577459e-04 -2.37882169e-03 -9.01710229e-04  1.77003860e-03  2.94422932e-03 -1.89211459e-03  5.05930222e-03  1.05918749e-03
 1.40040080e+01 -1.51428233e-02  3.50607966e-03 -7.71451052e-03  1.38509787e-04  5.65471966e-04 -3.19418486e-04 -8.64851543e-04  7.85368970e-05 -2.19943555e-04  4.15451956e-05 -5.62891651e-04 -2.66996525e-03 -3.63654761e-03 -1.02871179e-03  6.10802401e-04 -1.56648180e-03  1.21573851e-03  1.79033836e-03  5.01179766e-04 -2.39112035e-03 -8.93342468e-04  1.76449795e-03  2.92443974e-03 -1.89385650e-03  5.04596945e-03  1.04632850e-03
 1.40561120e+01 -1.47138887e-02  3.48366685e-03 -7.51084709e-03  1.66967406e-04  5.86635291e-04 -3.15927596e-04 -8.78537512e-04  6.53040391e-05 -2.12982227e-04  4.70635589e-05 -5.84171463e-04 -2.66839650e-03 -3.62549834e-03 -1.03164566e-03  6.21524141e-04 -1.55161348e-03  1.19389474e-03  1.78822524e-03  5.12700267e-04 -2.40352514e-03 -8.85937434e-04  1.75952615e-03  2.90437878e-03 -1.89404805e-03  5.03230402e-03  1.03244111e-03
 1.41082160e+01 -1.42960627e-02  3.46192048e-03 -7.31251468e-03  1.95541578e-04  6.06868622e-04 -3.13233296e-04 -8.92384931e-04  5.21572319e-05 -2.06560020e-04  5.31516729e-05 -6.05372502e-04 -2.66833158e-03 -3.61320933e-03 -1.03322238e-03  6.31706589e-04 -1.53728423e-03  1.17098961e-03  1.78645666e-03  5.24105375e-04 -2.41598889e-03 -8.79572367e-04  1.75507110e-03  2.88411692e-03 -1.89268105e-03  5.01829894e-03  1.01748829e-03
 1.41603210e+01 -1.38889253e-02  3.44081564e-03 -7.11940109e-03  2.24233606e-04  6.26206567e-04 -3.11351557e-04 -9.06410531e-04  3.90805931e-05 -2.00650936e-04  5.97769839e-05 -6.26416609e-04 -2.66983111e-03 -3.59978999e-03 -1.03342273e-03  6.41417339e-04 -1.52355301e-03  1.14710345e-03  1.78511509e-03  5.35359475e-04 -2.42846397e-03 -8.74319073e-04  1.75107872e-03  2.86372533e-03 -1.88975339e-03  5.00394714e-03  1.00144023e-03
 1.42124250e+01 -1.34921031e-02  3.42032913e-03 -6.93141932e-03  2.53036609e-04  6.44680448e-04 -3.10293796e-04 -9.20627816e-04  2.60568083e-05 -1.95229230e-04  6.69011506e-05 -6.47224524e-04 -2.67294783e-03 -3.58535089e-03 -1.03223479e-03  6.50725103e-04 -1.51047394e-03  1.12232473e-03  1.78427869e-03  5.46424471e-04 -2.44090157e-03 -8.70243953e-04  1.74749385e-03  2.84327690e-03 -1.88526909e-03  4.98924280e-03  9.84275456e-04
 1.42645290e+01 -1.31052221e-02  3.40043696e-03 -6.74848415e-03  2.81939188e-04  6.62320556e-04 -3.10066571e-04 -9.35048602e-04  1.30658153e-05 -1.90268936e-04  7.44812887e-05 -6.67718934e-04 -2.67772654e-03 -3.57000159e-03 -1.02965386e-03  6.59700228e-04 -1.49809464e-03  1.09674665e-03  1.78402071e-03  5.57261505e-04 -2.45325337e-03 -8.67407073e-04  1.74426030e-03  2.82284340e-03 -1.87923780e-03  4.97417982e-03  9.65978854e-04
 1.43166330e+01 -1.27279392e-02  3.38111601e-03 -6.57052593e-03  3.10923627e-04  6.79154703e-04 -3.10671705e-04 -9.49681892e-04  8.60167154e-08 -1.85744514e-04  8.24699814e-05 -6.87823441e-04 -2.68420375e-03 -3.55385094e-03 -1.02568215e-03  6.68413375e-04 -1.48645727e-03  1.07046825e-03  1.78440931e-03  5.67830515e-04 -2.46547093e-03 -8.65862329e-04  1.74132177e-03  2.80249656e-03 -1.87167480e-03  4.95875306e-03  9.46542649e-04
 1.43687370e+01 -1.23599338e-02  3.36234354e-03 -6.39748562e-03  3.39966855e-04  6.95208640e-04 -3.12106262e-04 -9.64534127e-04 -1.29057477e-05 -1.81630901e-04  9.08159342e-05 -7.07463532e-04 -2.69240767e-03 -3.53700630e-03 -1.02032859e-03  6.76935137e-04 -1.47559823e-03  1.04359327e-03  1.78550716e-03  5.78090882e-04 -2.47750610e-03 -8.65657105e-04  1.73862222e-03  2.78230722e-03 -1.86260075e-03  4.94295822e-03  9.25965889e-04
 1.44208420e+01 -1.20009012e-02  3.34409690e-03 -6.22931050e-03  3.69041448e-04  7.10506406e-04 -3.14362674e-04 -9.79609474e-04 -2.59342107e-05 -1.77903598e-04  9.94646908e-05 -7.26567471e-04 -2.70235819e-03 -3.51957258e-03 -1.01360846e-03  6.85335651e-04 -1.46554804e-03  1.01622887e-03  1.78737130e-03  5.88002038e-04 -2.48931154e-03 -8.66832135e-04  1.73610640e-03  2.76234451e-03 -1.85204121e-03  4.92679163e-03  9.04253765e-04
 1.44729460e+01 -1.16505789e-02  3.32635490e-03 -6.06596579e-03  3.98113850e-04  7.25069229e-04 -3.17428673e-04 -9.94908684e-04 -3.90244218e-05 -1.74539084e-04  1.08358520e-04 -7.45065342e-04 -2.71406614e-03 -3.50165309e-03 -1.00554359e-03  6.93683424e-04 -1.45633219e-03  9.88487065e-04  1.79005272e-03  5.97523123e-04 -2.50084011e-03 -8.69421260e-04  1.73372048e-03  2.74267691e-03 -1.84002723e-03  4.91025168e-03  8.81419015e-04
 1.45250500e+01 -1.13087052e-02  3.30909572e-03 -5.90741420e-03  4.27148188e-04  7.38917367e-04 -3.21287720e-04 -1.01043087e-03 -5.22029766e-05 -1.71514507e-04  1.17437971e-04 -7.62891701e-04 -2.72753441e-03 -3.48334704e-03 -9.96161376e-04  7.02045791e-04 -1.44797002e-03  9.60480767e-04  1.79359652e-03  6.06614541e-04 -2.51204639e-03 -8.73451483e-04  1.73141219e-03  2.72336962e-03 -1.82659387e-03  4.89333696e-03  8.57479134e-04
 1.45771540e+01 -1.09750460e-02  3.29229837e-03 -5.75362778e-03  4.56104516e-04  7.52069012e-04 -3.25919062e-04 -1.02617238e-03 -6.54967366e-05 -1.68808069e-04  1.26641773e-04 -7.79984512e-04 -2.74275724e-03 -3.46475038e-03 -9.85494878e-04  7.10487782e-04 -1.44047567e-03  9.32325206e-04  1.79804158e-03  6.15237568e-04 -2.52288608e-03 -8.78942865e-04  1.72913146e-03  2.70448565e-03 -1.81178073e-03  4.87604768e-03  8.32457703e-04
 1.46292590e+01 -1.06493811e-02  3.27594202e-03 -5.60458069e-03  4.84940402e-04  7.64540927e-04 -3.31298136e-04 -1.04212748e-03 -7.89330458e-05 -1.66398995e-04  1.35907721e-04 -7.96286192e-04 -2.75972086e-03 -3.44595476e-03 -9.73582191e-04  7.19071993e-04 -1.43385788e-03  9.04136115e-04  1.80342074e-03  6.23355074e-04 -2.53331658e-03 -8.85908702e-04  1.72683068e-03  2.68608480e-03 -1.79563111e-03  4.85838504e-03  8.06383154e-04
 1.46813630e+01 -1.03315279e-02  3.26000729e-03 -5.46025955e-03  5.13609196e-04  7.76347626e-04 -3.37396425e-04 -1.05828717e-03 -9.25383958e-05 -1.64267763e-04  1.45172496e-04 -8.11742697e-04 -2.77840227e-03 -3.42704858e-03 -9.60467040e-04  7.27857502e-04 -1.42812068e-03  8.76031196e-04  1.80976034e-03  6.30931250e-04 -2.54329644e-03 -8.94355007e-04  1.72446520e-03  2.66822470e-03 -1.77819302e-03  4.84035268e-03  7.79290455e-04
 1.47334670e+01 -1.00213032e-02  3.24447438e-03 -5.32064511e-03  5.42063830e-04  7.87502941e-04 -3.44182402e-04 -1.07464111e-03 -1.06339666e-04 -1.62395878e-04  1.54373255e-04 -8.26305673e-04 -2.79877136e-03 -3.40811448e-03 -9.46197070e-04  7.36900456e-04 -1.42326276e-03  8.48126167e-04  1.81708085e-03  6.37932871e-04 -2.55278671e-03 -9.04281410e-04  1.72199339e-03  2.65095847e-03 -1.75951702e-03  4.82195471e-03  7.51217770e-04
 1.47855710e+01 -9.71854751e-03  3.22932440e-03 -5.18572281e-03  5.70255067e-04  7.98019208e-04 -3.51621483e-04 -1.09117644e-03 -1.20362782e-04 -1.60766073e-04  1.63447411e-04 -8.39931422e-04 -2.82078982e-03 -3.38923054e-03 -9.30824402e-04  7.46253055e-04 -1.41927826e-03  8.20536256e-04  1.82539658e-03  6.44328957e-04 -2.56175033e-03 -9.15680778e-04  1.71937700e-03  2.63433580e-03 -1.73965713e-03  4.80319705e-03  7.22208094e-04
 1.48376750e+01 -9.42311708e-03  3.21453905e-03 -5.05547881e-03  5.98132522e-04  8.07907674e-04 -3.59676485e-04 -1.10787820e-03 -1.34632663e-04 -1.59362272e-04  1.72333280e-04 -8.52581400e-04 -2.84441172e-03 -3.37046968e-03 -9.14405069e-04  7.55963390e-04 -1.41615677e-03  7.93375009e-04  1.83471592e-03  6.50091200e-04 -2.57015246e-03 -9.28539505e-04  1.71658141e-03  2.61840246e-03 -1.71867027e-03  4.78408721e-03  6.92308414e-04
 1.48897800e+01 -9.13487782e-03  3.20010039e-03 -4.92989669e-03  6.25645636e-04  8.17178849e-04 -3.68308191e-04 -1.12472973e-03 -1.49173191e-04 -1.58169548e-04  1.80970687e-04 -8.64222576e-04 -2.86958425e-03 -3.35189908e-03 -8.96998334e-04  7.66075351e-04 -1.41388356e-03  7.66753160e-04  1.84504165e-03  6.55194295e-04 -2.57796074e-03 -9.42837994e-04  1.71357561e-03  2.60319979e-03 -1.69661552e-03  4.76463383e-03  6.61568762e-04
 1.49418840e+01 -8.85372582e-03  3.18599197e-03 -4.80896597e-03  6.52742007e-04  8.25841996e-04 -3.77475072e-04 -1.14171141e-03 -1.64005778e-04 -1.57174183e-04  1.89300722e-04 -8.74826653e-04 -2.89624600e-03 -3.33358152e-03 -8.78667701e-04  7.76627584e-04 -1.41243998e-03  7.40780066e-04  1.85637031e-03  6.59615766e-04 -2.58514484e-03 -9.58549753e-04  1.71033268e-03  2.58876568e-03 -1.67355552e-03  4.74484826e-03  6.30044241e-04
 1.49939880e+01 -8.57955299e-03  3.17219716e-03 -4.69266682e-03  6.79370982e-04  8.33906398e-04 -3.87134689e-04 -1.15880276e-03 -1.79150746e-04 -1.56363476e-04  1.97267117e-04 -8.84371463e-04 -2.92433023e-03 -3.31557307e-03 -8.59478568e-04  7.87654445e-04 -1.41180337e-03  7.15560079e-04  1.86869367e-03  6.63336730e-04 -2.59167742e-03 -9.75643291e-04  1.70682938e-03  2.57513270e-03 -1.64955374e-03  4.72474231e-03  5.97791135e-04
 1.50460920e+01 -8.31226806e-03  3.15870036e-03 -4.58097885e-03  7.05481945e-04  8.41380844e-04 -3.97243448e-04 -1.17598114e-03 -1.94625916e-04 -1.55725782e-04  2.04815920e-04 -8.92840078e-04 -2.95376326e-03 -3.29792450e-03 -8.39499210e-04  7.99185049e-04 -1.41194755e-03  6.91194075e-04  1.88199812e-03  6.66341634e-04 -2.59753358e-03 -9.94081319e-04  1.70304652e-03  2.56232921e-03 -1.62467578e-03  4.70432971e-03  5.64868906e-04
 1.50981960e+01 -8.05178962e-03  3.14548666e-03 -4.47387784e-03  7.31025232e-04  8.48274024e-04 -4.07757169e-04 -1.19322225e-03 -2.10446608e-04 -1.55250402e-04  2.11895986e-04 -9.00221018e-04 -2.98446529e-03 -3.28068089e-03 -8.18800122e-04  8.11243319e-04 -1.41284299e-03  6.67778441e-04  1.89626515e-03  6.68618469e-04 -2.60269111e-03 -1.01382129e-03  1.69896878e-03  2.55037896e-03 -1.59898878e-03  4.68362574e-03  5.31339273e-04
 1.51503010e+01 -7.79804007e-03  3.13254165e-03 -4.37133305e-03  7.55952972e-04  8.54594865e-04 -4.18631697e-04 -1.21050044e-03 -2.26625686e-04 -1.54927493e-04  2.18459367e-04 -9.06508323e-04 -3.01635136e-03 -3.26388131e-03 -7.97453267e-04  8.23848134e-04 -1.41445706e-03  6.45404210e-04  1.91147194e-03  6.70158872e-04 -2.60713052e-03 -1.03481611e-03  1.69458467e-03  2.53930087e-03 -1.57256059e-03  4.66264681e-03  4.97265208e-04
 1.52024050e+01 -7.55096358e-03  3.11985243e-03 -4.27331424e-03  7.80217527e-04  8.60352276e-04 -4.29822449e-04 -1.22778756e-03 -2.43172058e-04 -1.54747982e-04  2.24461069e-04 -9.11701003e-04 -3.04932929e-03 -3.24756019e-03 -7.75533414e-04  8.37012275e-04 -1.41675414e-03  6.24158338e-04  1.92759044e-03  6.70958067e-04 -2.61083482e-03 -1.05701283e-03  1.68988668e-03  2.52910981e-03 -1.54546161e-03  4.64141205e-03  4.62713239e-04
 1.52545090e+01 -7.31049563e-03  3.10740611e-03 -4.17977920e-03  8.03774690e-04  8.65556093e-04 -4.41286042e-04 -1.24505496e-03 -2.60092306e-04 -1.54703424e-04  2.29860018e-04 -9.15803663e-04 -3.08330372e-03 -3.23174546e-03 -7.53115351e-04  8.50743853e-04 -1.41969610e-03  6.04120755e-04  1.94458947e-03  6.71015059e-04 -2.61378995e-03 -1.08035533e-03  1.68487071e-03  2.51981536e-03 -1.51776151e-03  4.61994088e-03  4.27749191e-04
 1.53066130e+01 -7.07658126e-03  3.09519081e-03 -4.09068109e-03  8.26582058e-04  8.70216796e-04 -4.52979820e-04 -1.26227230e-03 -2.77389242e-04 -1.54785903e-04  2.34618719e-04 -9.18825866e-04 -3.11817406e-03 -3.21645997e-03 -7.30275206e-04  8.65045351e-04 -1.42324231e-03  5.85365770e-04  1.96243387e-03  6.70332487e-04 -2.61598445e-03 -1.10478311e-03  1.67953621e-03  2.51142272e-03 -1.48953099e-03  4.59825457e-03  3.92440477e-04
 1.53587170e+01 -6.84916891e-03  3.08319544e-03 -4.00596581e-03  8.48599787e-04  8.74345845e-04 -4.64862396e-04 -1.27940791e-03 -2.95062020e-04 -1.54987901e-04  2.38703529e-04 -9.20782120e-04 -3.15383550e-03 -3.20172132e-03 -7.07089737e-04  8.79913900e-04 -1.42735001e-03  5.67961339e-04  1.98108510e-03  6.68916617e-04 -2.61740948e-03 -1.13023195e-03  1.67388589e-03  2.50393249e-03 -1.46084111e-03  4.57637584e-03  3.56855138e-04
 1.54108220e+01 -6.62820497e-03  3.07140943e-03 -3.92557006e-03  8.69791251e-04  8.77955943e-04 -4.76894196e-04 -1.29642927e-03 -3.13106324e-04 -1.55302172e-04  2.42084825e-04 -9.21691712e-04 -3.19018012e-03 -3.18754179e-03 -6.83635582e-04  8.95341645e-04 -1.43197453e-03  5.51968527e-04  2.00050196e-03  6.66777226e-04 -2.61805883e-03 -1.15663476e-03  1.66792544e-03  2.49734066e-03 -1.43176250e-03  4.55432840e-03  3.21060854e-04
 1.54629260e+01 -6.41364946e-03  3.05982367e-03 -3.84942696e-03  8.90121650e-04  8.81060957e-04 -4.89036814e-04 -1.31330172e-03 -3.31512835e-04 -1.55721582e-04  2.44736837e-04 -9.21578484e-04 -3.22709446e-03 -3.17392958e-03 -6.59990781e-04  9.11314655e-04 -1.43706922e-03  5.37442493e-04  2.02063943e-03  6.63927685e-04 -2.61792881e-03 -1.18391985e-03  1.66166367e-03  2.49163916e-03 -1.40236739e-03  4.53213862e-03  2.85127404e-04
 1.55150300e+01 -6.20544943e-03  3.04842914e-03 -3.77745640e-03  9.09560657e-04  8.83676505e-04 -5.01254660e-04 -1.32999057e-03 -3.50269196e-04 -1.56239007e-04  2.46638086e-04 -9.20470735e-04 -3.26446414e-03 -3.16088748e-03 -6.36231785e-04  9.27814824e-04 -1.44258612e-03  5.24430484e-04  2.04145125e-03  6.60384594e-04 -2.61701821e-03 -1.21201426e-03  1.65511161e-03  2.48681523e-03 -1.37272613e-03  4.50983296e-03  2.49122260e-04
 1.55671340e+01 -6.00355496e-03  3.03721778e-03 -3.70957103e-03  9.28080954e-04  8.85819832e-04 -5.13514260e-04 -1.34645987e-03 -3.69358546e-04 -1.56847174e-04  2.47771126e-04 -9.18400935e-04 -3.30217148e-03 -3.14841417e-03 -6.12434988e-04  9.44818855e-04 -1.44847589e-03  5.12972965e-04  2.06288874e-03  6.56167789e-04 -2.61532823e-03 -1.24084205e-03  1.64828268e-03  2.48285203e-03 -1.34290920e-03  4.48743964e-03  2.13113064e-04
 1.56192380e+01 -5.80791383e-03  3.02618226e-03 -3.64567439e-03  9.45658792e-04  8.87510023e-04 -5.25784684e-04 -1.36267281e-03 -3.88759811e-04 -1.57538535e-04  2.48122614e-04 -9.15405536e-04 -3.34009655e-03 -3.13650423e-03 -5.88676013e-04  9.62298731e-04 -1.45468805e-03  5.03103207e-04  2.08490151e-03  6.51300153e-04 -2.61286237e-03 -1.27032511e-03  1.64119226e-03  2.47972862e-03 -1.31298650e-03  4.46498822e-03  1.77166684e-04
 1.56713430e+01 -5.61846703e-03  3.01531580e-03 -3.58565967e-03  9.62274435e-04  8.88768143e-04 -5.38037946e-04 -1.37859215e-03 -4.08448056e-04 -1.58305144e-04  2.47683257e-04 -9.11524675e-04 -3.37811834e-03 -3.12514820e-03 -5.65029013e-04  9.80222266e-04 -1.46117130e-03  4.94847103e-04  2.10743825e-03  6.45807326e-04 -2.60962629e-03 -1.30038397e-03  1.63385725e-03  2.47742009e-03 -1.28302662e-03  4.44250909e-03  1.41348283e-04
 1.57234470e+01 -5.43516228e-03  3.00461290e-03 -3.52941413e-03  9.77911004e-04  8.89617251e-04 -5.50248193e-04 -1.39417912e-03 -4.28392969e-04 -1.59138471e-04  2.46447808e-04 -9.06802272e-04 -3.41611221e-03 -3.11433375e-03 -5.41568237e-04  9.98551946e-04 -1.46787323e-03  4.88223753e-04  2.13044526e-03  6.39717945e-04 -2.60562794e-03 -1.33093579e-03  1.62629637e-03  2.47589784e-03 -1.25309900e-03  4.42003525e-03  1.05723838e-04
 1.57755510e+01 -5.25793143e-03  2.99406816e-03 -3.47681218e-03  9.92556471e-04  8.90082624e-04 -5.62393218e-04 -1.40939535e-03 -4.48561167e-04 -1.60029369e-04  2.44414937e-04 -9.01285358e-04 -3.45395462e-03 -3.10404468e-03 -5.18365081e-04  1.01724724e-03 -1.47474124e-03  4.83244546e-04  2.15386936e-03  6.33062808e-04 -2.60087714e-03 -1.36189802e-03  1.61852893e-03  2.47512949e-03 -1.22327034e-03  4.39759966e-03  7.03557884e-05
 1.58276550e+01 -5.08670444e-03  2.98367702e-03 -3.42772012e-03  1.00620242e-03  8.90191701e-04 -5.74453590e-04 -1.42420178e-03 -4.68914753e-04 -1.60967901e-04  2.41587150e-04 -8.95024138e-04 -3.49152064e-03 -3.09426210e-03 -4.95489682e-04  1.03626349e-03 -1.48172221e-03  4.79913883e-04  2.17765649e-03  6.25875069e-04 -2.59538567e-03 -1.39318641e-03  1.61057512e-03  2.47507918e-03 -1.19360675e-03  4.37523695e-03  3.53055938e-05
 1.58797600e+01 -4.92140191e-03  2.97343540e-03 -3.38199421e-03  1.01884463e-03  8.89974140e-04 -5.86413148e-04 -1.43855933e-03 -4.89412176e-04 -1.61943264e-04  2.37970603e-04 -8.88071568e-04 -3.52868570e-03 -3.08496435e-03 -4.73009831e-04  1.05555291e-03 -1.48876295e-03  4.78229086e-04  2.20175286e-03  6.18189762e-04 -2.58916697e-03 -1.42471634e-03  1.60245541e-03  2.47570778e-03 -1.16417249e-03  4.35298255e-03  6.32188667e-07
 1.59318640e+01 -4.76194714e-03  2.96334039e-03 -3.33948436e-03  1.03048218e-03  8.89461840e-04 -5.98258101e-04 -1.45242800e-03 -5.10006790e-04 -1.62943615e-04  2.33575259e-04 -8.80483690e-04 -3.56532315e-03 -3.07612804e-03 -4.50992497e-04  1.07506337e-03 -1.49580983e-03  4.78180618e-04  2.22610336e-03  6.10044174e-04 -2.58223657e-03 -1.45640067e-03  1.59419088e-03  2.47697289e-03 -1.13503212e-03  4.33087441e-03 -3.36055347e-05
 1.59839680e+01 -4.60824667e-03  2.95338910e-03 -3.30002909e-03  1.04111882e-03  8.88688892e-04 -6.09978379e-04 -1.46576863e-03 -5.30649363e-04 -1.63956092e-04  2.28414330e-04 -8.72318618e-04 -3.60130884e-03 -3.06772728e-03 -4.29501051e-04  1.09474096e-03 -1.50280973e-03  4.79752050e-04  2.25065461e-03  6.01476726e-04 -2.57461120e-03 -1.48815350e-03  1.58580193e-03  2.47882920e-03 -1.10624698e-03  4.30895037e-03 -6.73528800e-05
 1.60360720e+01 -4.46020269e-03  2.94357939e-03 -3.26345951e-03  1.05076202e-03  8.87691546e-04 -6.21566668e-04 -1.47854193e-03 -5.51286697e-04 -1.64966665e-04  2.22504387e-04 -8.63636857e-04 -3.63651863e-03 -3.05973470e-03 -4.08596831e-04  1.11452878e-03 -1.50970972e-03  4.82920408e-04  2.27535333e-03  5.92527320e-04 -2.56630919e-03 -1.51988803e-03  1.57730871e-03  2.48122851e-03 -1.07787734e-03  4.28724988e-03 -1.00556820e-04
 1.60881760e+01 -4.31770957e-03  2.93390969e-03 -3.22959876e-03  1.05942314e-03  8.86508129e-04 -6.33018564e-04 -1.49070897e-03 -5.71862233e-04 -1.65960084e-04  2.15865129e-04 -8.54500984e-04 -3.67082943e-03 -3.05212162e-03 -3.88338546e-04  1.13436766e-03 -1.51645730e-03  4.87656338e-04  2.30014705e-03  5.83236968e-04 -2.55735021e-03 -1.55151723e-03  1.56873062e-03  2.48412002e-03 -1.04998173e-03  4.26581355e-03 -1.33166796e-04
 1.61402810e+01 -4.18065111e-03  2.92437871e-03 -3.19826201e-03  1.06711751e-03  8.85178916e-04 -6.44332693e-04 -1.50223151e-03 -5.92316691e-04 -1.66919836e-04  2.08519067e-04 -8.44975271e-04 -3.70412014e-03 -3.04485819e-03 -3.68781766e-04  1.15419688e-03 -1.52300075e-03  4.93924479e-04  2.32498477e-03  5.73647377e-04 -2.54775499e-03 -1.58295469e-03  1.56008594e-03  2.48745049e-03 -1.02261633e-03  4.24468271e-03 -1.65135434e-04
 1.61923850e+01 -4.04891084e-03  2.91498624e-03 -3.16925932e-03  1.07386377e-03  8.83746105e-04 -6.55509727e-04 -1.51307135e-03 -6.12586779e-04 -1.67828034e-04  2.00491922e-04 -8.35126249e-04 -3.73626945e-03 -3.03791423e-03 -3.49980274e-04  1.17395292e-03 -1.52928874e-03  5.01683209e-04  2.34981525e-03  5.63801469e-04 -2.53754592e-03 -1.61411233e-03  1.55139226e-03  2.49116421e-03 -9.95836942e-04  4.22390104e-03 -1.96416206e-04
 1.62444890e+01 -3.92235626e-03  2.90573194e-03 -3.14239267e-03  1.07968465e-03  8.82253504e-04 -6.66553549e-04 -1.52319185e-03 -6.32607848e-04 -1.68665489e-04  1.91811594e-04 -8.25021445e-04 -3.76715994e-03 -3.03125868e-03 -3.31983691e-04  1.19357218e-03 -1.53527129e-03  5.10885650e-04  2.37459006e-03  5.53742064e-04 -2.52674588e-03 -1.64490414e-03  1.54266522e-03  2.49520354e-03 -9.69695736e-04  4.20351204e-03 -2.26967192e-04
 1.62965930e+01 -3.80084953e-03  2.89661610e-03 -3.11745916e-03  1.08460625e-03  8.80746446e-04 -6.77470220e-04 -1.53255721e-03 -6.52312660e-04 -1.69411613e-04  1.82508533e-04 -8.14729950e-04 -3.79667585e-03 -3.02486049e-03 -3.14838888e-04  1.21298971e-03 -1.54089946e-03  5.21479518e-04  2.39926181e-03  5.43512410e-04 -2.51537879e-03 -1.67524396e-03  1.53391905e-03  2.49950888e-03 -9.44243289e-04  4.18356067e-03 -2.56748684e-04
 1.63486970e+01 -3.68424493e-03  2.88763944e-03 -3.09425113e-03  1.08865809e-03  8.79271556e-04 -6.88268036e-04 -1.54113297e-03 -6.71632140e-04 -1.70044431e-04  1.72615417e-04 -8.04322097e-04 -3.82470398e-03 -3.01868868e-03 -2.98589502e-04  1.23214000e-03 -1.54612561e-03  5.33407540e-04  2.42378478e-03  5.33155812e-04 -2.50346937e-03 -1.70504613e-03  1.52516617e-03  2.50401888e-03 -9.19527944e-04  4.16409287e-03 -2.85723859e-04
 1.64008020e+01 -3.57238703e-03  2.87880285e-03 -3.07255659e-03  1.09187298e-03  8.77876481e-04 -6.98957538e-04 -1.54888633e-03 -6.90496130e-04 -1.70540589e-04  1.62166764e-04 -7.93869140e-04 -3.85113450e-03 -3.01271250e-03 -2.83275569e-04  1.25095763e-03 -1.55090369e-03  5.46608050e-04  2.44811551e-03  5.22715257e-04 -2.49104274e-03 -1.73422622e-03  1.51641691e-03  2.50867072e-03 -8.95595272e-04  4.14515516e-03 -3.13859355e-04
 1.64529060e+01 -3.46511946e-03  2.87010810e-03 -3.05216178e-03  1.09428667e-03  8.76609731e-04 -7.09550502e-04 -1.55578588e-03 -7.08832368e-04 -1.70875332e-04  1.51199565e-04 -7.83443941e-04 -3.87585922e-03 -3.00690217e-03 -2.68934610e-04  1.26937625e-03 -1.55518911e-03  5.61014297e-04  2.47221101e-03  5.12234059e-04 -2.47812527e-03 -1.76269890e-03  1.50768007e-03  2.51340000e-03 -8.72489805e-04  4.12679606e-03 -3.41123156e-04
 1.65050100e+01 -3.36227239e-03  2.86155679e-03 -3.03284967e-03  1.09593805e-03  8.75520230e-04 -7.20060965e-04 -1.56180272e-03 -7.26569117e-04 -1.71022582e-04  1.39751904e-04 -7.73119671e-04 -3.89877492e-03 -3.00122839e-03 -2.55599799e-04  1.28733103e-03 -1.55893947e-03  5.76556316e-04  2.49603170e-03  5.01754520e-04 -2.46474308e-03 -1.79038140e-03  1.49896175e-03  2.51814142e-03 -8.50252189e-04  4.10906375e-03 -3.67487852e-04
 1.65571140e+01 -3.26367171e-03  2.85315100e-03 -3.01440268e-03  1.09686869e-03  8.74657095e-04 -7.30504189e-04 -1.56691018e-03 -7.43634193e-04 -1.70954941e-04  1.27863581e-04 -7.62970540e-04 -3.91978159e-03 -2.99566300e-03 -2.43301110e-04  1.30475759e-03 -1.56211443e-03  5.93160302e-04  2.51953958e-03  4.91318613e-04 -2.45092276e-03 -1.81719138e-03  1.49026603e-03  2.52282866e-03 -8.28920947e-04  4.09200757e-03 -3.92928466e-04
 1.66092180e+01 -3.16913726e-03  2.84489309e-03 -2.99660340e-03  1.09712279e-03  8.74069269e-04 -7.40896651e-04 -1.57108427e-03 -7.59955845e-04 -1.70643737e-04  1.15575757e-04 -7.53071539e-04 -3.93878323e-03 -2.99017915e-03 -2.32064963e-04  1.32159275e-03 -1.56467600e-03  6.10749218e-04  2.54269872e-03  4.80967688e-04 -2.43669111e-03 -1.84304758e-03  1.48159468e-03  2.52739466e-03 -8.08531925e-04  4.07567745e-03 -4.17423009e-04
 1.66613230e+01 -3.07848176e-03  2.83678552e-03 -2.97923542e-03  1.09674691e-03  8.73805142e-04 -7.51256019e-04 -1.57430409e-03 -7.75463601e-04 -1.70059073e-04  1.02930554e-04 -7.43498226e-04 -3.95568845e-03 -2.98475133e-03 -2.21914011e-04  1.33777513e-03 -1.56658889e-03  6.29243536e-04  2.56547581e-03  4.70742209e-04 -2.42207466e-03 -1.86787037e-03  1.47294701e-03  2.53177194e-03 -7.89117835e-04  4.06012363e-03 -4.40952903e-04
 1.67134270e+01 -2.99151825e-03  2.82883150e-03 -2.96208596e-03  1.09578989e-03  8.73912157e-04 -7.61600140e-04 -1.57655194e-03 -7.90087676e-04 -1.69169937e-04  8.99718961e-05 -7.34327450e-04 -3.97040948e-03 -2.97935602e-03 -2.12867864e-04  1.35324431e-03 -1.56782061e-03  6.48560175e-04  2.58783834e-03  4.60682497e-04 -2.40710067e-03 -1.89158000e-03  1.46432052e-03  2.53589251e-03 -7.70709643e-04  4.04539763e-03 -4.63501184e-04
 1.67655310e+01 -2.90805038e-03  2.82103396e-03 -2.94494524e-03  1.09430256e-03  8.74436345e-04 -7.71948002e-04 -1.57781414e-03 -8.03761390e-04 -1.67944215e-04  7.67439194e-05 -7.25636258e-04 -3.98286452e-03 -2.97397123e-03 -2.04941900e-04  1.36794307e-03 -1.56834201e-03  6.68615013e-04  2.60975730e-03  4.50827536e-04 -2.39179534e-03 -1.91409954e-03  1.45570995e-03  2.53968856e-03 -7.53334235e-04  4.03155040e-03 -4.85055185e-04
 1.68176350e+01 -2.82788009e-03  2.81339625e-03 -2.92760920e-03  1.09233759e-03  8.75421891e-04 -7.82318724e-04 -1.57808115e-03 -8.16420626e-04 -1.66348809e-04  6.32918266e-05 -7.17502690e-04 -3.99297662e-03 -2.96857708e-03 -1.98148048e-04  1.38181647e-03 -1.56812744e-03  6.89321864e-04  2.63120534e-03  4.41215783e-04 -2.37618471e-03 -1.93535302e-03  1.44710796e-03  2.54309243e-03 -7.37015832e-04  4.01863335e-03 -5.05604686e-04
 1.68697390e+01 -2.75080666e-03  2.80592188e-03 -2.90988076e-03  1.08994928e-03  8.76910622e-04 -7.92731533e-04 -1.57734816e-03 -8.28004851e-04 -1.64349718e-04  4.96615470e-05 -7.10005661e-04 -4.00067445e-03 -2.96315592e-03 -1.92494566e-04  1.39481254e-03 -1.56715517e-03  7.10593204e-04  2.65215723e-03  4.31885023e-04 -2.36029423e-03 -1.95526607e-03  1.43850509e-03  2.54603692e-03 -7.21775516e-04  4.00669794e-03 -5.25142344e-04
 1.69218440e+01 -2.67662607e-03  2.79861441e-03 -2.89157103e-03  1.08719332e-03  8.78941519e-04 -8.03205748e-04 -1.57561551e-03 -8.38458067e-04 -1.61912093e-04  3.58993911e-05 -7.03224958e-04 -4.00589271e-03 -2.95769233e-03 -1.87985960e-04  1.40688293e-03 -1.56540773e-03  7.32340973e-04  2.67259014e-03  4.22872285e-04 -2.34414830e-03 -1.97376629e-03  1.42988964e-03  2.54845565e-03 -7.07630863e-04  3.99579525e-03 -5.43664014e-04
 1.69739480e+01 -2.60513748e-03  2.79147800e-03 -2.87250251e-03  1.08412678e-03  8.81549984e-04 -8.13759769e-04 -1.57288947e-03 -8.47728841e-04 -1.59000526e-04  2.20530464e-05 -6.97241889e-04 -4.00857219e-03 -2.95217377e-03 -1.84623288e-04  1.41798230e-03 -1.56287250e-03  7.54475274e-04  2.69248203e-03  4.14214656e-04 -2.32777129e-03 -1.99078202e-03  1.42124853e-03  2.55028314e-03 -6.94596903e-04  3.98597667e-03 -5.61167310e-04
 1.70260520e+01 -2.53613561e-03  2.78451654e-03 -2.85250877e-03  1.08080763e-03  8.84767458e-04 -8.24412070e-04 -1.56918262e-03 -8.55772390e-04 -1.55578896e-04  8.16994807e-06 -6.92138692e-04 -4.00866077e-03 -2.94659005e-03 -1.82403639e-04  1.42807020e-03 -1.55954198e-03  7.76907246e-04  2.71181391e-03  4.05948405e-04 -2.31118547e-03 -2.00624453e-03  1.41256638e-03  2.55145544e-03 -6.82684382e-04  3.97729240e-03 -5.77653716e-04
 1.70781560e+01 -2.46941740e-03  2.77773420e-03 -2.83143783e-03  1.07729471e-03  8.88620624e-04 -8.35180199e-04 -1.56451462e-03 -8.62550688e-04 -1.51610653e-04 -5.70168693e-06 -6.87999303e-04 -4.00611345e-03 -2.94093398e-03 -1.81320482e-04  1.43711048e-03 -1.55541444e-03  7.99547782e-04  2.73056811e-03  3.98109890e-04 -2.29441201e-03 -2.02008668e-03  1.40382642e-03  2.55191024e-03 -6.71900750e-04  3.96979214e-03 -5.93127119e-04
 1.71302610e+01 -2.40478026e-03  2.77113517e-03 -2.80915349e-03  1.07364748e-03  8.93130835e-04 -8.46080995e-04 -1.55891287e-03 -8.68033773e-04 -1.47058818e-04 -1.95133860e-05 -6.84909451e-04 -4.00089286e-03 -2.93520127e-03 -1.81363562e-04  1.44507212e-03 -1.55049437e-03  8.22308735e-04  2.74872892e-03  3.90735499e-04 -2.27747008e-03 -2.03224364e-03  1.39501032e-03  2.55158732e-03 -6.62249579e-04  3.96352446e-03 -6.07594428e-04
 1.71823650e+01 -2.34202801e-03  2.76472411e-03 -2.78553924e-03  1.06992604e-03  8.98313003e-04 -8.57129556e-04 -1.55241371e-03 -8.72200441e-04 -1.41886465e-04 -3.32153357e-05 -6.82957207e-04 -3.99297026e-03 -2.92939120e-03 -1.82518857e-04  1.45192908e-03 -1.54479354e-03  8.45101538e-04  2.76628101e-03  3.83862505e-04 -2.26037793e-03 -2.04265206e-03  1.38609910e-03  2.55042893e-03 -6.53731146e-04  3.95853707e-03 -6.21064472e-04
 1.72344690e+01 -2.28096448e-03  2.75850542e-03 -2.76049815e-03  1.06619056e-03  9.04175312e-04 -8.68340317e-04 -1.54506271e-03 -8.75040034e-04 -1.36056339e-04 -4.67579215e-05 -6.82233016e-04 -3.98232551e-03 -2.92350611e-03 -1.84768547e-04  1.45766170e-03 -1.53833109e-03  8.67840176e-04  2.78321138e-03  3.77528565e-04 -2.24315053e-03 -2.05125162e-03  1.37707237e-03  2.54838021e-03 -6.46341178e-04  3.95487576e-03 -6.33549667e-04
 1.72865730e+01 -2.22139956e-03  2.75248372e-03 -2.73395708e-03  1.06250138e-03  9.10718018e-04 -8.79726035e-04 -1.53691603e-03 -8.76553258e-04 -1.29531330e-04 -6.00905859e-05 -6.82830406e-04 -3.96894811e-03 -2.91755205e-03 -1.88090996e-04  1.46225655e-03 -1.53113468e-03  8.90439798e-04  2.79950768e-03  3.71772696e-04 -2.22580063e-03 -2.05798414e-03  1.36790929e-03  2.54538964e-03 -6.40071459e-04  3.95258466e-03 -6.45064903e-04
 1.73386770e+01 -2.16314903e-03  2.74666370e-03 -2.70586905e-03  1.05891875e-03  9.17932595e-04 -8.91297831e-04 -1.52804140e-03 -8.76753651e-04 -1.22274537e-04 -7.31619862e-05 -6.84846429e-04 -3.95283786e-03 -2.91153891e-03 -1.92460687e-04  1.46570709e-03 -1.52324131e-03  9.12817498e-04  2.81515840e-03  3.66635588e-04 -2.20833799e-03 -2.06279400e-03  1.35858869e-03  2.54140953e-03 -6.34909457e-04  3.95170574e-03 -6.55627853e-04
 1.73907820e+01 -2.10603468e-03  2.74104998e-03 -2.67621557e-03  1.05550258e-03  9.25800893e-04 -9.03065251e-04 -1.51851913e-03 -8.75669013e-04 -1.14249258e-04 -8.59200974e-05 -6.88382337e-04 -3.93400524e-03 -2.90548049e-03 -1.97848275e-04  1.46801431e-03 -1.51469801e-03  9.34893081e-04  2.83015283e-03  3.62160036e-04 -2.19076867e-03 -2.06562825e-03  1.34908921e-03  2.53639645e-03 -6.30838076e-04  3.95227853e-03 -6.65259200e-04
 1.74428860e+01 -2.04988977e-03  2.73564758e-03 -2.64501214e-03  1.05231258e-03  9.34293436e-04 -9.15035200e-04 -1.50844409e-03 -8.73343099e-04 -1.05419773e-04 -9.83110683e-05 -6.93543934e-04 -3.91247380e-03 -2.89939525e-03 -2.04220073e-04  1.46918713e-03 -1.50556359e-03  9.56587717e-04  2.84447967e-03  3.58391844e-04 -2.17309592e-03 -2.06643660e-03  1.33939038e-03  2.53031219e-03 -6.27835739e-04  3.95433963e-03 -6.73981970e-04
 1.74949900e+01 -1.99455379e-03  2.73046117e-03 -2.61230824e-03  1.04940764e-03  9.43369164e-04 -9.27213148e-04 -1.49792609e-03 -8.69837199e-04 -9.57505766e-05 -1.10280489e-04 -7.00442730e-04 -3.88827897e-03 -2.89330589e-03 -2.11538574e-04  1.46924332e-03 -1.49590875e-03  9.77826823e-04  2.85812844e-03  3.55379951e-04 -2.15531767e-03 -2.06517185e-03  1.32947194e-03  2.52312383e-03 -6.25875697e-04  3.95792245e-03 -6.81822730e-04
 1.75470940e+01 -1.93987805e-03  2.72549556e-03 -2.57819326e-03  1.04684594e-03  9.52973583e-04 -9.39602077e-04 -1.48709208e-03 -8.65232037e-04 -8.52071438e-05 -1.21772167e-04 -7.09196523e-04 -3.86147048e-03 -2.88724012e-03 -2.19761946e-04  1.46820995e-03 -1.48581801e-03  9.98538702e-04  2.87108792e-03  3.53177486e-04 -2.13742731e-03 -2.06178979e-03  1.31931489e-03  2.51480475e-03 -6.24926116e-04  3.96305666e-03 -6.88810932e-04
 1.75991980e+01 -1.88572597e-03  2.72075549e-03 -2.54279989e-03  1.04468479e-03  9.63037551e-04 -9.52202563e-04 -1.47608773e-03 -8.59629764e-04 -7.37559454e-05 -1.32728103e-04 -7.19930375e-04 -3.83211321e-03 -2.88123085e-03 -2.28843984e-04  1.46612419e-03 -1.47539083e-03  1.01865531e-03  2.88334615e-03  3.51842447e-04 -2.11941280e-03 -2.05624941e-03  1.30890182e-03  2.50533529e-03 -6.24949720e-04  3.96976784e-03 -6.94979242e-04
 1.76513030e+01 -1.83197342e-03  2.71624556e-03 -2.50630765e-03  1.04298033e-03  9.73476019e-04 -9.65012882e-04 -1.46507899e-03 -8.53155966e-04 -6.13643705e-05 -1.43088377e-04 -7.32777898e-04 -3.80028780e-03 -2.87531652e-03 -2.38734153e-04  1.46303402e-03 -1.46474291e-03  1.03811296e-03  2.89489016e-03  3.51438546e-04 -2.10125564e-03 -2.04851290e-03  1.29821708e-03  2.49470328e-03 -6.25903518e-04  3.97807708e-03 -7.00363792e-04
 1.77034070e+01 -1.77851430e-03  2.71197052e-03 -2.46895030e-03  1.04178760e-03  9.84185636e-04 -9.78027887e-04 -1.45425501e-03 -8.45962507e-04 -4.80018664e-05 -1.52790018e-04 -7.47881349e-04 -3.76609453e-03 -2.86954190e-03 -2.49376627e-04  1.45899935e-03 -1.45400860e-03  1.05685120e-03  2.90570468e-03  3.52036132e-04 -2.08293159e-03 -2.03854638e-03  1.28724815e-03  2.48290576e-03 -6.27738392e-04  3.98799982e-03 -7.05003971e-04
 1.77555110e+01 -1.72525584e-03  2.70793470e-03 -2.43101655e-03  1.04116011e-03  9.95044249e-04 -9.91240352e-04 -1.44382904e-03 -8.38229272e-04 -3.36386860e-05 -1.61767822e-04 -7.65394339e-04 -3.72965118e-03 -2.86395792e-03 -2.60711217e-04  1.45409255e-03 -1.44334141e-03  1.07481538e-03  2.91577300e-03  3.53713131e-04 -2.06440782e-03 -2.02631921e-03  1.27598485e-03  2.46994864e-03 -6.30398843e-04  3.99954623e-03 -7.08943268e-04
 1.78076150e+01 -1.67212436e-03  2.70414231e-03 -2.39285812e-03  1.04114985e-03  1.00590826e-03 -1.00463986e-03 -1.43404167e-03 -8.30167346e-04 -1.82469945e-05 -1.69953130e-04 -7.85482234e-04 -3.69109704e-03 -2.85862263e-03 -2.72672390e-04  1.44839964e-03 -1.43291663e-03  1.09195554e-03  2.92507556e-03  3.56556152e-04 -2.04564345e-03 -2.01180470e-03  1.26442070e-03  2.45584848e-03 -6.33822547e-04  4.01271998e-03 -7.12229102e-04
 1.78597190e+01 -1.61906585e-03  2.70059730e-03 -2.35489478e-03  1.04180706e-03  1.01661084e-03 -1.01821292e-03 -1.42516323e-03 -8.22021787e-04 -1.80081602e-06 -1.77273581e-04 -8.08323856e-04 -3.65059408e-03 -2.85360163e-03 -2.85189183e-04  1.44202136e-03 -1.42293320e-03  1.10822713e-03  2.93358961e-03  3.60661607e-04 -2.02658834e-03 -1.99498009e-03  1.25255330e-03  2.44063338e-03 -6.37939925e-04  4.02751777e-03 -7.14913227e-04
 1.79118240e+01 -1.56604678e-03  2.69730322e-03 -2.31761972e-03  1.04318006e-03  1.02695995e-03 -1.03194312e-03 -1.41749649e-03 -8.14074590e-04  1.57241390e-05 -1.83652754e-04 -8.34113605e-04 -3.60832811e-03 -2.84896870e-03 -2.98185151e-04  1.43507411e-03 -1.41361565e-03  1.12359171e-03  2.94128879e-03  3.66137032e-04 -2.00718176e-03 -1.97582635e-03  1.24038462e-03  2.42434376e-03 -6.42673765e-04  4.04392889e-03 -7.17052110e-04
 1.79639280e+01 -1.51305992e-03  2.69426339e-03 -2.28160899e-03  1.04531497e-03  1.03673526e-03 -1.04580995e-03 -1.41138029e-03 -8.06648629e-04  3.43489365e-05 -1.89009183e-04 -8.63061156e-04 -3.56451407e-03 -2.84480680e-03 -3.11577033e-04  1.42769178e-03 -1.40521712e-03  1.13801615e-03  2.94814195e-03  3.73101918e-04 -1.98735284e-03 -1.95432984e-03  1.22792255e-03  2.40703488e-03 -6.47938321e-04  4.06193322e-03 -7.18707166e-04
 1.80160320e+01 -1.46012027e-03  2.69148041e-03 -2.24752425e-03  1.04825560e-03  1.04568681e-03 -1.05979030e-03 -1.40719204e-03 -8.00110307e-04  5.40932693e-05 -1.93256571e-04 -8.95396308e-04 -3.51939343e-03 -2.84120838e-03 -3.25275877e-04  1.42002632e-03 -1.39802075e-03  1.15147488e-03  2.95411333e-03  3.81689675e-04 -1.96701728e-03 -1.93048023e-03  1.21518012e-03  2.38877629e-03 -6.53639282e-04  4.08150225e-03 -7.19945432e-04
 1.80681360e+01 -1.40727111e-03  2.68895634e-03 -2.21612324e-03  1.05204310e-03  1.05353150e-03 -1.07385727e-03 -1.40535194e-03 -7.94874005e-04  7.49739740e-05 -1.96302740e-04 -9.31369088e-04 -3.47323978e-03 -2.83827665e-03 -3.39185649e-04  1.41224968e-03 -1.39234297e-03  1.16394911e-03  2.95916136e-03  3.92048648e-04 -1.94607760e-03 -1.90427209e-03  1.20217705e-03  2.36965447e-03 -6.59672781e-04  4.10259698e-03 -7.20839892e-04
 1.81202400e+01 -1.35458524e-03  2.68669244e-03 -2.18826720e-03  1.05671565e-03  1.05995031e-03 -1.08798043e-03 -1.40632684e-03 -7.91406020e-04  9.70052095e-05 -1.98049207e-04 -9.71252409e-04 -3.42636065e-03 -2.83612650e-03 -3.53203033e-04  1.40455528e-03 -1.38853611e-03  1.17542761e-03  2.96323800e-03  4.04343653e-04 -1.92442163e-03 -1.87570459e-03  1.18894014e-03  2.34977405e-03 -6.65924773e-04  4.12516722e-03 -7.21470072e-04
 1.81723450e+01 -1.30216624e-03  2.68468905e-03 -2.16492926e-03  1.06230824e-03  1.06458525e-03 -1.10212597e-03 -1.41063464e-03 -7.90228942e-04  1.20198781e-04 -1.98390646e-04 -1.01534532e-03 -3.37909933e-03 -2.83488569e-03 -3.67217225e-04  1.39715968e-03 -1.38699129e-03  1.18590749e-03  2.96628816e-03  4.18757775e-04 -1.90192066e-03 -1.84478105e-03  1.17550370e-03  2.32925909e-03 -6.72270378e-04  4.14915100e-03 -7.21922676e-04
 1.82244490e+01 -1.25015498e-03  2.68294551e-03 -2.14720555e-03  1.06885177e-03  1.06703545e-03 -1.11625566e-03 -1.41884867e-03 -7.91926382e-04  1.44562228e-04 -1.97214357e-04 -1.06397209e-03 -3.33184151e-03 -2.83469619e-03 -3.81108331e-04  1.39030494e-03 -1.38814153e-03  1.19539394e-03  2.96824862e-03  4.35492740e-04 -1.87842988e-03 -1.81151135e-03  1.16191118e-03  2.30825642e-03 -6.78572525e-04  4.17447147e-03 -7.22292248e-04
 1.82765530e+01 -1.19872624e-03  2.68145972e-03 -2.13632265e-03  1.07637312e-03  1.06685399e-03 -1.13032847e-03 -1.43160332e-03 -7.97147812e-04  1.70101411e-04 -1.94399833e-04 -1.11749000e-03 -3.28501291e-03 -2.83571564e-03 -3.94748432e-04  1.38425991e-03 -1.39246470e-03  1.20390210e-03  2.96904766e-03  4.54772101e-04 -1.85378428e-03 -1.77590842e-03  1.14821430e-03  2.28693523e-03 -6.84681719e-04  4.20103840e-03 -7.22682014e-04
 1.83286570e+01 -1.14809557e-03  2.68022805e-03 -2.13365051e-03  1.08489410e-03  1.06354332e-03 -1.14429954e-03 -1.44959948e-03 -8.06614049e-04  1.96818712e-04 -1.89818287e-04 -1.17628900e-03 -3.23908635e-03 -2.83811910e-03 -4.07999894e-04  1.37932309e-03 -1.40048703e-03  1.21145695e-03  2.96860402e-03  4.76841699e-04 -1.82779892e-03 -1.73799050e-03  1.13447466e-03  2.26549068e-03 -6.90434477e-04  4.22874487e-03 -7.23204734e-04
 1.83807620e+01 -1.09852043e-03  2.67924497e-03 -2.14071405e-03  1.09443093e-03  1.05655059e-03 -1.15812092e-03 -1.47361139e-03 -8.21123257e-04  2.24714017e-04 -1.83332202e-04 -1.24079700e-03 -3.19458356e-03 -2.84210122e-03 -4.20715239e-04  1.37582492e-03 -1.41278669e-03  1.21809446e-03  2.96682603e-03  5.01971910e-04 -1.80026628e-03 -1.69777968e-03  1.12076386e-03  2.24414538e-03 -6.95652324e-04  4.25746661e-03 -7.23983726e-04
 1.84328660e+01 -1.05030731e-03  2.67850274e-03 -2.15920534e-03  1.10499247e-03  1.04526324e-03 -1.17174069e-03 -1.50449159e-03 -8.41555849e-04  2.53782615e-04 -1.74795660e-04 -1.31147824e-03 -3.15208241e-03 -2.84787819e-03 -4.32735484e-04  1.37413087e-03 -1.42999626e-03  1.22386197e-03  2.96361109e-03  5.30457077e-04 -1.77095687e-03 -1.65530478e-03  1.10716504e-03  2.22315348e-03 -7.00140040e-04  4.28705794e-03 -7.25153945e-04
 1.84849700e+01 -1.00380961e-03  2.67799089e-03 -2.19099851e-03  1.11658008e-03  1.02900263e-03 -1.18510494e-03 -1.54318141e-03 -8.68882699e-04  2.84018551e-04 -1.64053572e-04 -1.38884442e-03 -3.11221586e-03 -2.85569089e-03 -4.43890874e-04  1.37464410e-03 -1.45280766e-03  1.22882007e-03  2.95884458e-03  5.62619702e-04 -1.73961426e-03 -1.61059644e-03  1.09377184e-03  2.20280092e-03 -7.03684715e-04  4.31735293e-03 -7.26863354e-04
 1.85370740e+01 -9.59435505e-04  2.67769579e-03 -2.23816475e-03  1.12918538e-03  1.00701817e-03 -1.19815716e-03 -1.59071781e-03 -9.04171205e-04  3.15412736e-04 -1.50942318e-04 -1.47345393e-03 -3.07567980e-03 -2.86580781e-03 -4.53999102e-04  1.37780929e-03 -1.48197490e-03  1.23304320e-03  2.95239923e-03  5.98809736e-04 -1.70595548e-03 -1.56368966e-03  1.08068980e-03  2.18341001e-03 -7.06053569e-04  4.34816079e-03 -7.29274346e-04
 1.85891780e+01 -9.17651346e-04  2.67759995e-03 -2.30298934e-03  1.14278858e-03  9.78480314e-04 -1.21083918e-03 -1.64824344e-03 -9.48593127e-04  3.47953826e-04 -1.35290094e-04 -1.56591741e-03 -3.04323684e-03 -2.87852885e-03 -4.62864728e-04  1.38411649e-03 -1.51831781e-03  1.23662124e-03  2.94413439e-03  6.39405989e-04 -1.66966867e-03 -1.51462240e-03  1.06803644e-03  2.16534226e-03 -7.06992041e-04  4.37926364e-03 -7.32565437e-04
 1.86412830e+01 -8.78985831e-04  2.67768134e-03 -2.38799220e-03  1.15735641e-03  9.42471858e-04 -1.22309224e-03 -1.71701898e-03 -1.00343400e-03  3.81629360e-04 -1.16917334e-04 -1.66690462e-03 -3.01572083e-03 -2.89418996e-03 -4.70278403e-04  1.39410576e-03 -1.56272661e-03  1.23966112e-03  2.93389506e-03  6.84817741e-04 -1.63041045e-03 -1.46343372e-03  1.05594118e-03  2.14900172e-03 -7.06221440e-04  4.41041389e-03 -7.36933293e-04
 1.86933870e+01 -8.44038348e-04  2.67791248e-03 -2.49594168e-03  1.17283823e-03  8.97981950e-04 -1.23485722e-03 -1.79842987e-03 -1.07009770e-03  4.16423816e-04 -9.56393908e-05 -1.77714180e-03 -2.99404435e-03 -2.91316708e-03 -4.76015375e-04  1.40837138e-03 -1.61616183e-03  1.24228851e-03  2.92151215e-03  7.35481528e-04 -1.58780709e-03 -1.41016665e-03  1.04454622e-03  2.13484017e-03 -7.03436372e-04  4.44132807e-03 -7.42594601e-04
 1.87454910e+01 -8.13480583e-04  2.67825937e-03 -2.62988748e-03  1.18916431e-03  8.43891846e-04 -1.24607744e-03 -1.89400821e-03 -1.15012247e-03  4.52323349e-04 -7.12661504e-05 -1.89742914e-03 -2.97920124e-03 -2.93588392e-03 -4.79835327e-04  1.42756876e-03 -1.67966279e-03  1.24465037e-03  2.90680075e-03  7.91866306e-04 -1.54144807e-03 -1.35486082e-03  1.03400501e-03  2.12335975e-03 -6.98301575e-04  4.47168613e-03 -7.49789124e-04
 1.87975950e+01 -7.88066408e-04  2.67868027e-03 -2.79318038e-03  1.20624055e-03  7.78965979e-04 -1.25669954e-03 -2.00544362e-03 -1.24518769e-03  4.89314333e-04 -4.36057276e-05 -2.02863966e-03 -2.97227522e-03 -2.96281800e-03 -4.81480674e-04  1.45242027e-03 -1.75434766e-03  1.24691724e-03  2.88956041e-03  8.54469527e-04 -1.49088706e-03 -1.29755453e-03  1.02448267e-03  2.11511928e-03 -6.90448378e-04  4.50112398e-03 -7.58782365e-04
 1.88496990e+01 -7.68638817e-04  2.67912418e-03 -2.98950273e-03  1.22394384e-03  7.01838179e-04 -1.26667590e-03 -2.13460262e-03 -1.35712663e-03  5.27385390e-04 -1.24672014e-05 -2.17172825e-03 -2.97444611e-03 -2.99450923e-03 -4.80675547e-04  1.48372292e-03 -1.84141734e-03  1.24928631e-03  2.86957467e-03  9.23816820e-04 -1.43563921e-03 -1.23828160e-03  1.01615503e-03  2.11073954e-03 -6.79470573e-04  4.52922821e-03 -7.69869058e-04
